sku,store,category,forecast_7d,inventory,unit_price,alpha,forecast_cutoff,forecast_model,inventory_source
FOODS_1_011,CA_1,FOODS,5.7919245,5,2.68,0.3,2016-05-15,GraphSAGE,simulated
FOODS_1_033,CA_1,FOODS,2.6519213,2,5.64,0.3,2016-05-15,GraphSAGE,simulated
FOODS_1_044,CA_1,FOODS,13.910959,24,2.98,0.3,2016-05-15,GraphSAGE,simulated
FOODS_1_050,CA_1,FOODS,5.6043773,9,5.98,0.3,2016-05-15,GraphSAGE,simulated
FOODS_1_052,CA_1,FOODS,10.232549,9,0.98,0.3,2016-05-15,GraphSAGE,simulated
FOODS_1_058,CA_1,FOODS,18.853828,33,1.96,0.3,2016-05-15,GraphSAGE,simulated
FOODS_1_082,CA_1,FOODS,50.811497,90,0.98,0.3,2016-05-15,GraphSAGE,simulated
FOODS_1_083,CA_1,FOODS,11.114513,10,2.0,0.3,2016-05-15,GraphSAGE,simulated
FOODS_1_089,CA_1,FOODS,5.2169466,6,3.48,0.3,2016-05-15,GraphSAGE,simulated
FOODS_1_102,CA_1,FOODS,4.26791,13,1.78,0.3,2016-05-15,GraphSAGE,simulated
FOODS_1_109,CA_1,FOODS,6.4790235,8,2.24,0.3,2016-05-15,GraphSAGE,simulated
FOODS_1_111,CA_1,FOODS,3.7575037,11,5.98,0.3,2016-05-15,GraphSAGE,simulated
FOODS_1_113,CA_1,FOODS,12.77154,44,0.98,0.3,2016-05-15,GraphSAGE,simulated
FOODS_1_120,CA_1,FOODS,10.0025625,22,1.96,0.3,2016-05-15,GraphSAGE,simulated
FOODS_1_127,CA_1,FOODS,7.846799,6,2.12,0.3,2016-05-15,GraphSAGE,simulated
FOODS_1_128,CA_1,FOODS,4.969089,6,4.27,0.3,2016-05-15,GraphSAGE,simulated
FOODS_1_129,CA_1,FOODS,5.258787,10,5.74,0.3,2016-05-15,GraphSAGE,simulated
FOODS_1_131,CA_1,FOODS,3.5042875,3,2.98,0.3,2016-05-15,GraphSAGE,simulated
FOODS_1_152,CA_1,FOODS,8.232227,18,8.58,0.3,2016-05-15,GraphSAGE,simulated
FOODS_1_158,CA_1,FOODS,3.6014817,5,4.68,0.3,2016-05-15,GraphSAGE,simulated
FOODS_1_163,CA_1,FOODS,3.7859917,5,0.98,0.3,2016-05-15,GraphSAGE,simulated
FOODS_1_173,CA_1,FOODS,30.461325,22,2.0,0.3,2016-05-15,GraphSAGE,simulated
FOODS_1_174,CA_1,FOODS,10.759318,15,5.28,0.3,2016-05-15,GraphSAGE,simulated
FOODS_1_180,CA_1,FOODS,11.183971,13,9.97,0.3,2016-05-15,GraphSAGE,simulated
FOODS_1_190,CA_1,FOODS,6.927799,15,0.98,0.3,2016-05-15,GraphSAGE,simulated
FOODS_1_193,CA_1,FOODS,6.812967,4,4.89,0.3,2016-05-15,GraphSAGE,simulated
FOODS_1_203,CA_1,FOODS,5.3437552,13,2.24,0.3,2016-05-15,GraphSAGE,simulated
FOODS_1_215,CA_1,FOODS,12.018875,7,1.84,0.3,2016-05-15,GraphSAGE,simulated
FOODS_1_216,CA_1,FOODS,3.747413,3,5.28,0.3,2016-05-15,GraphSAGE,simulated
FOODS_2_001,CA_1,FOODS,7.161437,10,2.0,0.3,2016-05-15,GraphSAGE,simulated
FOODS_2_013,CA_1,FOODS,26.447735,32,2.0,0.3,2016-05-15,GraphSAGE,simulated
FOODS_2_015,CA_1,FOODS,8.965997,15,2.5,0.3,2016-05-15,GraphSAGE,simulated
FOODS_2_019,CA_1,FOODS,103.06628,89,3.42,0.3,2016-05-15,GraphSAGE,simulated
FOODS_2_021,CA_1,FOODS,25.958055,28,0.94,0.3,2016-05-15,GraphSAGE,simulated
FOODS_2_033,CA_1,FOODS,24.779446,21,2.38,0.3,2016-05-15,GraphSAGE,simulated
FOODS_2_035,CA_1,FOODS,11.216453,10,5.0,0.3,2016-05-15,GraphSAGE,simulated
FOODS_2_036,CA_1,FOODS,16.548159,16,3.74,0.3,2016-05-15,GraphSAGE,simulated
FOODS_2_052,CA_1,FOODS,15.119735,20,13.97,0.3,2016-05-15,GraphSAGE,simulated
FOODS_2_073,CA_1,FOODS,1.3639104,3,5.98,0.3,2016-05-15,GraphSAGE,simulated
FOODS_2_080,CA_1,FOODS,34.184498,42,2.18,0.3,2016-05-15,GraphSAGE,simulated
FOODS_2_083,CA_1,FOODS,7.3978415,9,6.72,0.3,2016-05-15,GraphSAGE,simulated
FOODS_2_105,CA_1,FOODS,5.2518053,11,3.44,0.3,2016-05-15,GraphSAGE,simulated
FOODS_2_110,CA_1,FOODS,6.9462357,8,2.38,0.3,2016-05-15,GraphSAGE,simulated
FOODS_2_118,CA_1,FOODS,4.1234965,5,3.28,0.3,2016-05-15,GraphSAGE,simulated
FOODS_2_126,CA_1,FOODS,1.5920846,2,4.88,0.3,2016-05-15,GraphSAGE,simulated
FOODS_2_139,CA_1,FOODS,12.781924,15,2.98,0.3,2016-05-15,GraphSAGE,simulated
FOODS_2_159,CA_1,FOODS,2.573034,4,3.97,0.3,2016-05-15,GraphSAGE,simulated
FOODS_2_167,CA_1,FOODS,4.264606,4,2.5,0.3,2016-05-15,GraphSAGE,simulated
FOODS_2_170,CA_1,FOODS,10.768715,14,3.28,0.3,2016-05-15,GraphSAGE,simulated
FOODS_2_176,CA_1,FOODS,7.736315,9,2.98,0.3,2016-05-15,GraphSAGE,simulated
FOODS_2_194,CA_1,FOODS,24.920954,26,6.72,0.3,2016-05-15,GraphSAGE,simulated
FOODS_2_199,CA_1,FOODS,10.084674,11,1.0,0.3,2016-05-15,GraphSAGE,simulated
FOODS_2_203,CA_1,FOODS,7.202592,8,3.62,0.3,2016-05-15,GraphSAGE,simulated
FOODS_2_210,CA_1,FOODS,5.28338,8,3.74,0.3,2016-05-15,GraphSAGE,simulated
FOODS_2_216,CA_1,FOODS,5.212868,9,5.98,0.3,2016-05-15,GraphSAGE,simulated
FOODS_2_219,CA_1,FOODS,10.619996,20,2.5,0.3,2016-05-15,GraphSAGE,simulated
FOODS_2_236,CA_1,FOODS,3.044966,3,2.98,0.3,2016-05-15,GraphSAGE,simulated
FOODS_2_240,CA_1,FOODS,10.675005,15,2.18,0.3,2016-05-15,GraphSAGE,simulated
FOODS_2_252,CA_1,FOODS,2.713111,3,3.78,0.3,2016-05-15,GraphSAGE,simulated
FOODS_2_255,CA_1,FOODS,7.3777146,7,2.68,0.3,2016-05-15,GraphSAGE,simulated
FOODS_2_256,CA_1,FOODS,3.1121047,7,6.36,0.3,2016-05-15,GraphSAGE,simulated
FOODS_2_262,CA_1,FOODS,7.429094,11,2.0,0.3,2016-05-15,GraphSAGE,simulated
FOODS_2_264,CA_1,FOODS,7.436193,5,3.97,0.3,2016-05-15,GraphSAGE,simulated
FOODS_2_269,CA_1,FOODS,5.6176777,12,2.5,0.3,2016-05-15,GraphSAGE,simulated
FOODS_2_272,CA_1,FOODS,6.3759184,11,2.0,0.3,2016-05-15,GraphSAGE,simulated
FOODS_2_277,CA_1,FOODS,4.945246,5,1.28,0.3,2016-05-15,GraphSAGE,simulated
FOODS_2_294,CA_1,FOODS,24.017372,32,1.0,0.3,2016-05-15,GraphSAGE,simulated
FOODS_2_301,CA_1,FOODS,5.239142,7,3.18,0.3,2016-05-15,GraphSAGE,simulated
FOODS_2_303,CA_1,FOODS,4.419944,6,2.18,0.3,2016-05-15,GraphSAGE,simulated
FOODS_2_320,CA_1,FOODS,9.765237,11,1.86,0.3,2016-05-15,GraphSAGE,simulated
FOODS_2_323,CA_1,FOODS,4.6585064,6,3.97,0.3,2016-05-15,GraphSAGE,simulated
FOODS_2_328,CA_1,FOODS,3.4901183,4,4.42,0.3,2016-05-15,GraphSAGE,simulated
FOODS_2_330,CA_1,FOODS,3.1258316,6,4.33,0.3,2016-05-15,GraphSAGE,simulated
FOODS_2_347,CA_1,FOODS,78.9658,67,2.24,0.3,2016-05-15,GraphSAGE,simulated
FOODS_2_350,CA_1,FOODS,5.2700543,5,4.98,0.3,2016-05-15,GraphSAGE,simulated
FOODS_2_352,CA_1,FOODS,22.111898,27,9.98,0.3,2016-05-15,GraphSAGE,simulated
FOODS_2_355,CA_1,FOODS,7.8138213,9,2.5,0.3,2016-05-15,GraphSAGE,simulated
FOODS_2_357,CA_1,FOODS,18.318298,16,2.0,0.3,2016-05-15,GraphSAGE,simulated
FOODS_2_358,CA_1,FOODS,3.360769,5,2.5,0.3,2016-05-15,GraphSAGE,simulated
FOODS_2_362,CA_1,FOODS,1.9272708,5,6.98,0.3,2016-05-15,GraphSAGE,simulated
FOODS_2_363,CA_1,FOODS,4.9821377,8,2.5,0.3,2016-05-15,GraphSAGE,simulated
FOODS_2_371,CA_1,FOODS,59.137337,49,2.0,0.3,2016-05-15,GraphSAGE,simulated
FOODS_2_382,CA_1,FOODS,9.554059,24,3.88,0.3,2016-05-15,GraphSAGE,simulated
FOODS_2_387,CA_1,FOODS,4.994108,6,12.97,0.3,2016-05-15,GraphSAGE,simulated
FOODS_2_388,CA_1,FOODS,13.091166,6,2.98,0.3,2016-05-15,GraphSAGE,simulated
FOODS_2_390,CA_1,FOODS,1.5987707,3,7.16,0.3,2016-05-15,GraphSAGE,simulated
FOODS_2_392,CA_1,FOODS,2.7045782,7,4.98,0.3,2016-05-15,GraphSAGE,simulated
FOODS_2_399,CA_1,FOODS,12.612238,21,2.0,0.3,2016-05-15,GraphSAGE,simulated
FOODS_3_006,CA_1,FOODS,4.0495543,4,7.88,0.3,2016-05-15,GraphSAGE,simulated
FOODS_3_011,CA_1,FOODS,12.935499,15,1.98,0.3,2016-05-15,GraphSAGE,simulated
FOODS_3_016,CA_1,FOODS,21.888071,16,2.98,0.3,2016-05-15,GraphSAGE,simulated
FOODS_3_021,CA_1,FOODS,11.162203,21,2.48,0.3,2016-05-15,GraphSAGE,simulated
FOODS_3_028,CA_1,FOODS,10.909665,7,3.88,0.3,2016-05-15,GraphSAGE,simulated
FOODS_3_030,CA_1,FOODS,43.611782,39,1.48,0.3,2016-05-15,GraphSAGE,simulated
FOODS_3_039,CA_1,FOODS,49.32384,41,3.98,0.3,2016-05-15,GraphSAGE,simulated
FOODS_3_044,CA_1,FOODS,4.0391564,5,2.88,0.3,2016-05-15,GraphSAGE,simulated
FOODS_3_071,CA_1,FOODS,18.65666,22,1.34,0.3,2016-05-15,GraphSAGE,simulated
FOODS_3_078,CA_1,FOODS,2.7472916,4,2.97,0.3,2016-05-15,GraphSAGE,simulated
FOODS_3_092,CA_1,FOODS,2.1067896,2,3.98,0.3,2016-05-15,GraphSAGE,simulated
FOODS_3_093,CA_1,FOODS,11.222361,17,1.98,0.3,2016-05-15,GraphSAGE,simulated
FOODS_3_094,CA_1,FOODS,8.572493,8,2.98,0.3,2016-05-15,GraphSAGE,simulated
FOODS_3_095,CA_1,FOODS,2.9166162,3,4.98,0.3,2016-05-15,GraphSAGE,simulated
FOODS_3_097,CA_1,FOODS,48.19506,56,2.24,0.3,2016-05-15,GraphSAGE,simulated
FOODS_3_130,CA_1,FOODS,9.2743845,9,2.68,0.3,2016-05-15,GraphSAGE,simulated
FOODS_3_138,CA_1,FOODS,11.749841,16,1.98,0.3,2016-05-15,GraphSAGE,simulated
FOODS_3_145,CA_1,FOODS,1.8574278,6,2.98,0.3,2016-05-15,GraphSAGE,simulated
FOODS_3_154,CA_1,FOODS,8.912693,10,2.98,0.3,2016-05-15,GraphSAGE,simulated
FOODS_3_157,CA_1,FOODS,8.959766,10,3.32,0.3,2016-05-15,GraphSAGE,simulated
FOODS_3_158,CA_1,FOODS,3.688598,7,5.98,0.3,2016-05-15,GraphSAGE,simulated
FOODS_3_161,CA_1,FOODS,2.5038357,3,1.98,0.3,2016-05-15,GraphSAGE,simulated
FOODS_3_165,CA_1,FOODS,0.701876,3,3.87,0.3,2016-05-15,GraphSAGE,simulated
FOODS_3_172,CA_1,FOODS,15.730626,13,1.78,0.3,2016-05-15,GraphSAGE,simulated
FOODS_3_194,CA_1,FOODS,15.51077,13,2.98,0.3,2016-05-15,GraphSAGE,simulated
FOODS_3_199,CA_1,FOODS,7.6777186,11,2.56,0.3,2016-05-15,GraphSAGE,simulated
FOODS_3_201,CA_1,FOODS,15.81642,12,2.56,0.3,2016-05-15,GraphSAGE,simulated
FOODS_3_216,CA_1,FOODS,6.6156254,18,2.56,0.3,2016-05-15,GraphSAGE,simulated
FOODS_3_220,CA_1,FOODS,0.9173563,5,2.98,0.3,2016-05-15,GraphSAGE,simulated
FOODS_3_238,CA_1,FOODS,22.519537,35,3.27,0.3,2016-05-15,GraphSAGE,simulated
FOODS_3_255,CA_1,FOODS,1.7856112,4,3.98,0.3,2016-05-15,GraphSAGE,simulated
FOODS_3_256,CA_1,FOODS,0.7392239,3,2.58,0.3,2016-05-15,GraphSAGE,simulated
FOODS_3_259,CA_1,FOODS,28.84805,38,1.78,0.3,2016-05-15,GraphSAGE,simulated
FOODS_3_270,CA_1,FOODS,7.377761,15,2.98,0.3,2016-05-15,GraphSAGE,simulated
FOODS_3_273,CA_1,FOODS,23.816101,14,2.24,0.3,2016-05-15,GraphSAGE,simulated
FOODS_3_278,CA_1,FOODS,8.2403755,12,1.0,0.3,2016-05-15,GraphSAGE,simulated
FOODS_3_282,CA_1,FOODS,170.6574,81,2.56,0.3,2016-05-15,GraphSAGE,simulated
FOODS_3_284,CA_1,FOODS,2.8792174,5,1.98,0.3,2016-05-15,GraphSAGE,simulated
FOODS_3_286,CA_1,FOODS,5.353248,9,3.98,0.3,2016-05-15,GraphSAGE,simulated
FOODS_3_288,CA_1,FOODS,86.8294,59,1.5,0.3,2016-05-15,GraphSAGE,simulated
FOODS_3_296,CA_1,FOODS,3.670438,4,2.0,0.3,2016-05-15,GraphSAGE,simulated
FOODS_3_299,CA_1,FOODS,28.319227,37,1.5,0.3,2016-05-15,GraphSAGE,simulated
FOODS_3_307,CA_1,FOODS,28.939993,27,3.98,0.3,2016-05-15,GraphSAGE,simulated
FOODS_3_310,CA_1,FOODS,8.792547,16,1.0,0.3,2016-05-15,GraphSAGE,simulated
FOODS_3_314,CA_1,FOODS,13.060503,14,2.48,0.3,2016-05-15,GraphSAGE,simulated
FOODS_3_317,CA_1,FOODS,45.075413,53,0.94,0.3,2016-05-15,GraphSAGE,simulated
FOODS_3_337,CA_1,FOODS,3.776608,4,3.98,0.3,2016-05-15,GraphSAGE,simulated
FOODS_3_340,CA_1,FOODS,3.5858335,3,3.32,0.3,2016-05-15,GraphSAGE,simulated
FOODS_3_346,CA_1,FOODS,25.299532,50,1.98,0.3,2016-05-15,GraphSAGE,simulated
FOODS_3_351,CA_1,FOODS,60.73547,82,0.94,0.3,2016-05-15,GraphSAGE,simulated
FOODS_3_355,CA_1,FOODS,23.273863,29,0.94,0.3,2016-05-15,GraphSAGE,simulated
FOODS_3_357,CA_1,FOODS,5.640484,5,3.64,0.3,2016-05-15,GraphSAGE,simulated
FOODS_3_364,CA_1,FOODS,2.9205697,11,2.78,0.3,2016-05-15,GraphSAGE,simulated
FOODS_3_366,CA_1,FOODS,9.051166,18,1.74,0.3,2016-05-15,GraphSAGE,simulated
FOODS_3_371,CA_1,FOODS,3.015169,5,2.5,0.3,2016-05-15,GraphSAGE,simulated
FOODS_3_372,CA_1,FOODS,26.94213,34,3.28,0.3,2016-05-15,GraphSAGE,simulated
FOODS_3_374,CA_1,FOODS,9.381891,16,2.56,0.3,2016-05-15,GraphSAGE,simulated
FOODS_3_377,CA_1,FOODS,58.418716,56,1.68,0.3,2016-05-15,GraphSAGE,simulated
FOODS_3_389,CA_1,FOODS,57.300297,42,1.68,0.3,2016-05-15,GraphSAGE,simulated
FOODS_3_401,CA_1,FOODS,6.086632,9,1.98,0.3,2016-05-15,GraphSAGE,simulated
FOODS_3_406,CA_1,FOODS,87.5121,83,0.8,0.3,2016-05-15,GraphSAGE,simulated
FOODS_3_407,CA_1,FOODS,24.088541,17,2.98,0.3,2016-05-15,GraphSAGE,simulated
FOODS_3_428,CA_1,FOODS,7.2825594,19,1.98,0.3,2016-05-15,GraphSAGE,simulated
FOODS_3_432,CA_1,FOODS,3.9574177,5,3.98,0.3,2016-05-15,GraphSAGE,simulated
FOODS_3_436,CA_1,FOODS,3.783511,4,2.5,0.3,2016-05-15,GraphSAGE,simulated
FOODS_3_441,CA_1,FOODS,0.13036197,2,6.98,0.3,2016-05-15,GraphSAGE,simulated
FOODS_3_442,CA_1,FOODS,1.5159618,3,2.48,0.3,2016-05-15,GraphSAGE,simulated
FOODS_3_443,CA_1,FOODS,1.9681334,8,2.5,0.3,2016-05-15,GraphSAGE,simulated
FOODS_3_444,CA_1,FOODS,127.04805,114,6.98,0.3,2016-05-15,GraphSAGE,simulated
FOODS_3_455,CA_1,FOODS,65.36184,92,2.48,0.3,2016-05-15,GraphSAGE,simulated
FOODS_3_457,CA_1,FOODS,2.614113,7,2.5,0.3,2016-05-15,GraphSAGE,simulated
FOODS_3_466,CA_1,FOODS,0.66748476,2,3.78,0.3,2016-05-15,GraphSAGE,simulated
FOODS_3_475,CA_1,FOODS,4.041664,3,1.0,0.3,2016-05-15,GraphSAGE,simulated
FOODS_3_478,CA_1,FOODS,4.6528544,15,1.74,0.3,2016-05-15,GraphSAGE,simulated
FOODS_3_481,CA_1,FOODS,18.83755,15,3.88,0.3,2016-05-15,GraphSAGE,simulated
FOODS_3_483,CA_1,FOODS,9.280927,8,2.98,0.3,2016-05-15,GraphSAGE,simulated
FOODS_3_487,CA_1,FOODS,12.901128,16,1.68,0.3,2016-05-15,GraphSAGE,simulated
FOODS_3_492,CA_1,FOODS,8.451725,8,2.98,0.3,2016-05-15,GraphSAGE,simulated
FOODS_3_502,CA_1,FOODS,13.860035,17,2.56,0.3,2016-05-15,GraphSAGE,simulated
FOODS_3_507,CA_1,FOODS,3.581166,6,1.98,0.3,2016-05-15,GraphSAGE,simulated
FOODS_3_517,CA_1,FOODS,3.8376067,4,2.94,0.3,2016-05-15,GraphSAGE,simulated
FOODS_3_526,CA_1,FOODS,33.90225,41,1.98,0.3,2016-05-15,GraphSAGE,simulated
FOODS_3_530,CA_1,FOODS,28.523113,27,1.68,0.3,2016-05-15,GraphSAGE,simulated
FOODS_3_535,CA_1,FOODS,7.706185,16,5.98,0.3,2016-05-15,GraphSAGE,simulated
FOODS_3_552,CA_1,FOODS,4.9203176,3,1.98,0.3,2016-05-15,GraphSAGE,simulated
FOODS_3_556,CA_1,FOODS,4.6562924,11,2.56,0.3,2016-05-15,GraphSAGE,simulated
FOODS_3_568,CA_1,FOODS,23.096647,21,1.0,0.3,2016-05-15,GraphSAGE,simulated
FOODS_3_575,CA_1,FOODS,5.44195,6,6.72,0.3,2016-05-15,GraphSAGE,simulated
FOODS_3_584,CA_1,FOODS,5.1458697,2,1.0,0.3,2016-05-15,GraphSAGE,simulated
FOODS_3_585,CA_1,FOODS,8.062729,17,3.98,0.3,2016-05-15,GraphSAGE,simulated
FOODS_3_606,CA_1,FOODS,15.441215,26,2.88,0.3,2016-05-15,GraphSAGE,simulated
FOODS_3_627,CA_1,FOODS,4.3011456,8,2.88,0.3,2016-05-15,GraphSAGE,simulated
FOODS_3_633,CA_1,FOODS,8.445687,17,2.88,0.3,2016-05-15,GraphSAGE,simulated
FOODS_3_646,CA_1,FOODS,11.701125,19,2.68,0.3,2016-05-15,GraphSAGE,simulated
FOODS_3_657,CA_1,FOODS,15.351202,17,3.98,0.3,2016-05-15,GraphSAGE,simulated
FOODS_3_663,CA_1,FOODS,8.494553,15,1.74,0.3,2016-05-15,GraphSAGE,simulated
FOODS_3_679,CA_1,FOODS,8.268206,13,3.88,0.3,2016-05-15,GraphSAGE,simulated
FOODS_3_695,CA_1,FOODS,50.91371,74,3.98,0.3,2016-05-15,GraphSAGE,simulated
FOODS_3_719,CA_1,FOODS,5.701234,7,2.5,0.3,2016-05-15,GraphSAGE,simulated
FOODS_3_731,CA_1,FOODS,12.295666,9,2.98,0.3,2016-05-15,GraphSAGE,simulated
FOODS_3_745,CA_1,FOODS,0.8988822,4,1.98,0.3,2016-05-15,GraphSAGE,simulated
FOODS_3_762,CA_1,FOODS,3.6021821,10,3.27,0.3,2016-05-15,GraphSAGE,simulated
FOODS_3_765,CA_1,FOODS,9.158952,11,3.0,0.3,2016-05-15,GraphSAGE,simulated
FOODS_3_773,CA_1,FOODS,4.1227965,6,4.98,0.3,2016-05-15,GraphSAGE,simulated
FOODS_3_783,CA_1,FOODS,35.81034,26,5.44,0.3,2016-05-15,GraphSAGE,simulated
FOODS_3_790,CA_1,FOODS,11.551444,10,2.48,0.3,2016-05-15,GraphSAGE,simulated
FOODS_3_806,CA_1,FOODS,4.080809,6,2.56,0.3,2016-05-15,GraphSAGE,simulated
FOODS_3_812,CA_1,FOODS,12.946462,10,2.94,0.3,2016-05-15,GraphSAGE,simulated
FOODS_3_813,CA_1,FOODS,14.958661,26,4.54,0.3,2016-05-15,GraphSAGE,simulated
FOODS_3_819,CA_1,FOODS,13.275127,17,1.98,0.3,2016-05-15,GraphSAGE,simulated
FOODS_3_820,CA_1,FOODS,12.469828,11,1.98,0.3,2016-05-15,GraphSAGE,simulated
FOODS_3_827,CA_1,FOODS,26.363914,25,1.0,0.3,2016-05-15,GraphSAGE,simulated
HOBBIES_1_001,CA_1,HOBBIES,7.162706,16,8.38,0.3,2016-05-15,GraphSAGE,simulated
HOBBIES_1_007,CA_1,HOBBIES,1.6606025,3,7.88,0.3,2016-05-15,GraphSAGE,simulated
HOBBIES_1_008,CA_1,HOBBIES,59.31319,84,0.48,0.3,2016-05-15,GraphSAGE,simulated
HOBBIES_1_022,CA_1,HOBBIES,1.4339695,3,7.18,0.3,2016-05-15,GraphSAGE,simulated
HOBBIES_1_025,CA_1,HOBBIES,4.1438193,5,3.98,0.3,2016-05-15,GraphSAGE,simulated
HOBBIES_1_028,CA_1,HOBBIES,6.04865,9,7.98,0.3,2016-05-15,GraphSAGE,simulated
HOBBIES_1_033,CA_1,HOBBIES,1.1693188,3,16.86,0.3,2016-05-15,GraphSAGE,simulated
HOBBIES_1_036,CA_1,HOBBIES,4.172268,6,1.12,0.3,2016-05-15,GraphSAGE,simulated
HOBBIES_1_039,CA_1,HOBBIES,0.5578997,3,5.88,0.3,2016-05-15,GraphSAGE,simulated
HOBBIES_1_042,CA_1,HOBBIES,2.9914298,5,7.83,0.3,2016-05-15,GraphSAGE,simulated
HOBBIES_1_043,CA_1,HOBBIES,15.141979,13,0.7,0.3,2016-05-15,GraphSAGE,simulated
HOBBIES_1_044,CA_1,HOBBIES,3.4682825,5,1.48,0.3,2016-05-15,GraphSAGE,simulated
HOBBIES_1_045,CA_1,HOBBIES,0.52320087,2,10.58,0.3,2016-05-15,GraphSAGE,simulated
HOBBIES_1_051,CA_1,HOBBIES,1.5149113,3,5.98,0.3,2016-05-15,GraphSAGE,simulated
HOBBIES_1_053,CA_1,HOBBIES,0.3933871,2,3.97,0.3,2016-05-15,GraphSAGE,simulated
HOBBIES_1_061,CA_1,HOBBIES,1.6569049,4,2.83,0.3,2016-05-15,GraphSAGE,simulated
HOBBIES_1_062,CA_1,HOBBIES,0.19531433,2,0.97,0.3,2016-05-15,GraphSAGE,simulated
HOBBIES_1_063,CA_1,HOBBIES,1.1300802,3,5.47,0.3,2016-05-15,GraphSAGE,simulated
HOBBIES_1_064,CA_1,HOBBIES,1.8383735,2,12.97,0.3,2016-05-15,GraphSAGE,simulated
HOBBIES_1_072,CA_1,HOBBIES,5.0258617,8,1.97,0.3,2016-05-15,GraphSAGE,simulated
HOBBIES_1_076,CA_1,HOBBIES,5.744611,8,3.43,0.3,2016-05-15,GraphSAGE,simulated
HOBBIES_1_079,CA_1,HOBBIES,5.1838474,10,7.88,0.3,2016-05-15,GraphSAGE,simulated
HOBBIES_1_080,CA_1,HOBBIES,13.27229,14,0.57,0.3,2016-05-15,GraphSAGE,simulated
HOBBIES_1_081,CA_1,HOBBIES,5.55066,9,14.72,0.3,2016-05-15,GraphSAGE,simulated
HOBBIES_1_082,CA_1,HOBBIES,1.0044671,4,3.78,0.3,2016-05-15,GraphSAGE,simulated
HOBBIES_1_084,CA_1,HOBBIES,5.522205,13,3.94,0.3,2016-05-15,GraphSAGE,simulated
HOBBIES_1_086,CA_1,HOBBIES,6.2414646,5,8.38,0.3,2016-05-15,GraphSAGE,simulated
HOBBIES_1_087,CA_1,HOBBIES,2.6436477,7,12.88,0.3,2016-05-15,GraphSAGE,simulated
HOBBIES_1_092,CA_1,HOBBIES,0.63405305,2,2.38,0.3,2016-05-15,GraphSAGE,simulated
HOBBIES_1_094,CA_1,HOBBIES,1.916249,2,12.97,0.3,2016-05-15,GraphSAGE,simulated
HOBBIES_1_095,CA_1,HOBBIES,1.3753527,4,7.68,0.3,2016-05-15,GraphSAGE,simulated
HOBBIES_1_097,CA_1,HOBBIES,3.1050334,6,4.24,0.3,2016-05-15,GraphSAGE,simulated
HOBBIES_1_099,CA_1,HOBBIES,7.1491423,21,13.98,0.3,2016-05-15,GraphSAGE,simulated
HOBBIES_1_104,CA_1,HOBBIES,1.2846981,2,23.98,0.3,2016-05-15,GraphSAGE,simulated
HOBBIES_1_105,CA_1,HOBBIES,1.918636,3,6.68,0.3,2016-05-15,GraphSAGE,simulated
HOBBIES_1_108,CA_1,HOBBIES,6.2173605,14,12.98,0.3,2016-05-15,GraphSAGE,simulated
HOBBIES_1_112,CA_1,HOBBIES,0.13622588,3,2.72,0.3,2016-05-15,GraphSAGE,simulated
HOBBIES_1_114,CA_1,HOBBIES,1.3918266,7,5.97,0.3,2016-05-15,GraphSAGE,simulated
HOBBIES_1_120,CA_1,HOBBIES,4.1352677,4,10.98,0.3,2016-05-15,GraphSAGE,simulated
HOBBIES_1_121,CA_1,HOBBIES,3.4185615,3,1.12,0.3,2016-05-15,GraphSAGE,simulated
HOBBIES_1_127,CA_1,HOBBIES,3.867889,13,1.22,0.3,2016-05-15,GraphSAGE,simulated
HOBBIES_1_128,CA_1,HOBBIES,2.1092927,6,8.77,0.3,2016-05-15,GraphSAGE,simulated
HOBBIES_1_130,CA_1,HOBBIES,4.453364,6,2.73,0.3,2016-05-15,GraphSAGE,simulated
HOBBIES_1_133,CA_1,HOBBIES,2.4281013,7,12.88,0.3,2016-05-15,GraphSAGE,simulated
HOBBIES_1_135,CA_1,HOBBIES,1.9833143,4,20.38,0.3,2016-05-15,GraphSAGE,simulated
HOBBIES_1_136,CA_1,HOBBIES,0.50319934,2,4.88,0.3,2016-05-15,GraphSAGE,simulated
HOBBIES_1_139,CA_1,HOBBIES,7.4757643,9,2.74,0.3,2016-05-15,GraphSAGE,simulated
HOBBIES_1_144,CA_1,HOBBIES,7.1492214,8,11.28,0.3,2016-05-15,GraphSAGE,simulated
HOBBIES_1_145,CA_1,HOBBIES,3.0293217,23,1.28,0.3,2016-05-15,GraphSAGE,simulated
HOBBIES_1_150,CA_1,HOBBIES,7.32764,12,1.77,0.3,2016-05-15,GraphSAGE,simulated
HOBBIES_1_152,CA_1,HOBBIES,3.134671,3,4.86,0.3,2016-05-15,GraphSAGE,simulated
HOBBIES_1_154,CA_1,HOBBIES,10.692315,10,2.88,0.3,2016-05-15,GraphSAGE,simulated
HOBBIES_1_155,CA_1,HOBBIES,22.846222,32,18.98,0.3,2016-05-15,GraphSAGE,simulated
HOBBIES_1_158,CA_1,HOBBIES,24.526108,21,22.98,0.3,2016-05-15,GraphSAGE,simulated
HOBBIES_1_160,CA_1,HOBBIES,4.0709586,6,19.96,0.3,2016-05-15,GraphSAGE,simulated
HOBBIES_1_161,CA_1,HOBBIES,5.89542,4,0.7,0.3,2016-05-15,GraphSAGE,simulated
HOBBIES_1_165,CA_1,HOBBIES,1.5287926,6,4.97,0.3,2016-05-15,GraphSAGE,simulated
HOBBIES_1_167,CA_1,HOBBIES,7.4356384,18,0.68,0.3,2016-05-15,GraphSAGE,simulated
HOBBIES_1_171,CA_1,HOBBIES,2.9352553,4,2.88,0.3,2016-05-15,GraphSAGE,simulated
HOBBIES_1_175,CA_1,HOBBIES,0.9049172,3,1.97,0.3,2016-05-15,GraphSAGE,simulated
HOBBIES_1_176,CA_1,HOBBIES,2.5903976,5,5.94,0.3,2016-05-15,GraphSAGE,simulated
HOBBIES_1_185,CA_1,HOBBIES,3.2132246,7,3.24,0.3,2016-05-15,GraphSAGE,simulated
HOBBIES_1_187,CA_1,HOBBIES,4.218503,5,7.0,0.3,2016-05-15,GraphSAGE,simulated
HOBBIES_1_191,CA_1,HOBBIES,1.1611469,3,8.97,0.3,2016-05-15,GraphSAGE,simulated
HOBBIES_1_194,CA_1,HOBBIES,11.233972,16,2.88,0.3,2016-05-15,GraphSAGE,simulated
HOBBIES_1_197,CA_1,HOBBIES,1.288174,3,12.84,0.3,2016-05-15,GraphSAGE,simulated
HOBBIES_1_198,CA_1,HOBBIES,3.71767,4,8.38,0.3,2016-05-15,GraphSAGE,simulated
HOBBIES_1_203,CA_1,HOBBIES,4.621678,5,12.98,0.3,2016-05-15,GraphSAGE,simulated
HOBBIES_1_206,CA_1,HOBBIES,9.778864,9,2.72,0.3,2016-05-15,GraphSAGE,simulated
HOBBIES_1_207,CA_1,HOBBIES,1.0126809,2,2.78,0.3,2016-05-15,GraphSAGE,simulated
HOBBIES_1_209,CA_1,HOBBIES,36.72379,35,0.7,0.3,2016-05-15,GraphSAGE,simulated
HOBBIES_1_213,CA_1,HOBBIES,5.095306,6,8.38,0.3,2016-05-15,GraphSAGE,simulated
HOBBIES_1_217,CA_1,HOBBIES,1.0254431,3,3.47,0.3,2016-05-15,GraphSAGE,simulated
HOBBIES_1_218,CA_1,HOBBIES,2.373584,7,10.58,0.3,2016-05-15,GraphSAGE,simulated
HOBBIES_1_221,CA_1,HOBBIES,1.4193224,4,2.97,0.3,2016-05-15,GraphSAGE,simulated
HOBBIES_1_225,CA_1,HOBBIES,2.4839697,4,29.96,0.3,2016-05-15,GraphSAGE,simulated
HOBBIES_1_226,CA_1,HOBBIES,7.9721217,6,13.98,0.3,2016-05-15,GraphSAGE,simulated
HOBBIES_1_233,CA_1,HOBBIES,4.8425355,2,0.7,0.3,2016-05-15,GraphSAGE,simulated
HOBBIES_1_237,CA_1,HOBBIES,4.714501,9,7.98,0.3,2016-05-15,GraphSAGE,simulated
HOBBIES_1_239,CA_1,HOBBIES,2.0843406,6,2.97,0.3,2016-05-15,GraphSAGE,simulated
HOBBIES_1_243,CA_1,HOBBIES,1.3041246,3,13.88,0.3,2016-05-15,GraphSAGE,simulated
HOBBIES_1_245,CA_1,HOBBIES,0.92516595,3,4.97,0.3,2016-05-15,GraphSAGE,simulated
HOBBIES_1_246,CA_1,HOBBIES,2.753925,5,10.98,0.3,2016-05-15,GraphSAGE,simulated
HOBBIES_1_248,CA_1,HOBBIES,9.411896,11,0.94,0.3,2016-05-15,GraphSAGE,simulated
HOBBIES_1_251,CA_1,HOBBIES,3.4799097,5,15.83,0.3,2016-05-15,GraphSAGE,simulated
HOBBIES_1_252,CA_1,HOBBIES,9.342819,13,0.68,0.3,2016-05-15,GraphSAGE,simulated
HOBBIES_1_253,CA_1,HOBBIES,3.2490473,4,11.98,0.3,2016-05-15,GraphSAGE,simulated
HOBBIES_1_254,CA_1,HOBBIES,50.59452,40,0.7,0.3,2016-05-15,GraphSAGE,simulated
HOBBIES_1_256,CA_1,HOBBIES,41.967384,73,0.48,0.3,2016-05-15,GraphSAGE,simulated
HOBBIES_1_260,CA_1,HOBBIES,1.3818128,3,12.44,0.3,2016-05-15,GraphSAGE,simulated
HOBBIES_1_261,CA_1,HOBBIES,44.922012,91,0.48,0.3,2016-05-15,GraphSAGE,simulated
HOBBIES_1_262,CA_1,HOBBIES,4.456538,5,8.98,0.3,2016-05-15,GraphSAGE,simulated
HOBBIES_1_264,CA_1,HOBBIES,2.3624454,5,4.47,0.3,2016-05-15,GraphSAGE,simulated
HOBBIES_1_267,CA_1,HOBBIES,1.1165527,3,2.88,0.3,2016-05-15,GraphSAGE,simulated
HOBBIES_1_268,CA_1,HOBBIES,74.19218,92,0.48,0.3,2016-05-15,GraphSAGE,simulated
HOBBIES_1_275,CA_1,HOBBIES,4.6153092,17,12.88,0.3,2016-05-15,GraphSAGE,simulated
HOBBIES_1_277,CA_1,HOBBIES,5.0604944,8,1.77,0.3,2016-05-15,GraphSAGE,simulated
HOBBIES_1_282,CA_1,HOBBIES,7.978881,10,3.98,0.3,2016-05-15,GraphSAGE,simulated
HOBBIES_1_287,CA_1,HOBBIES,4.475384,7,5.76,0.3,2016-05-15,GraphSAGE,simulated
HOBBIES_1_289,CA_1,HOBBIES,1.05455,2,4.97,0.3,2016-05-15,GraphSAGE,simulated
HOBBIES_1_290,CA_1,HOBBIES,1.4028659,5,5.77,0.3,2016-05-15,GraphSAGE,simulated
HOBBIES_1_294,CA_1,HOBBIES,0.96319294,3,3.88,0.3,2016-05-15,GraphSAGE,simulated
HOBBIES_1_298,CA_1,HOBBIES,6.853426,8,3.94,0.3,2016-05-15,GraphSAGE,simulated
HOBBIES_1_300,CA_1,HOBBIES,7.033685,8,9.83,0.3,2016-05-15,GraphSAGE,simulated
HOBBIES_1_305,CA_1,HOBBIES,1.5640849,6,2.87,0.3,2016-05-15,GraphSAGE,simulated
HOBBIES_1_310,CA_1,HOBBIES,3.6368248,5,5.72,0.3,2016-05-15,GraphSAGE,simulated
HOBBIES_1_311,CA_1,HOBBIES,1.4925973,4,17.98,0.3,2016-05-15,GraphSAGE,simulated
HOBBIES_1_312,CA_1,HOBBIES,18.029636,40,0.57,0.3,2016-05-15,GraphSAGE,simulated
HOBBIES_1_315,CA_1,HOBBIES,0.8778839,2,4.97,0.3,2016-05-15,GraphSAGE,simulated
HOBBIES_1_317,CA_1,HOBBIES,4.856257,6,7.98,0.3,2016-05-15,GraphSAGE,simulated
HOBBIES_1_322,CA_1,HOBBIES,1.1962044,3,3.97,0.3,2016-05-15,GraphSAGE,simulated
HOBBIES_1_326,CA_1,HOBBIES,4.8956256,9,1.97,0.3,2016-05-15,GraphSAGE,simulated
HOBBIES_1_327,CA_1,HOBBIES,4.165492,8,7.88,0.3,2016-05-15,GraphSAGE,simulated
HOBBIES_1_331,CA_1,HOBBIES,1.5279224,4,0.94,0.3,2016-05-15,GraphSAGE,simulated
HOBBIES_1_332,CA_1,HOBBIES,4.51332,8,7.88,0.3,2016-05-15,GraphSAGE,simulated
HOBBIES_1_333,CA_1,HOBBIES,1.6272198,3,4.97,0.3,2016-05-15,GraphSAGE,simulated
HOBBIES_1_335,CA_1,HOBBIES,1.9711945,7,11.96,0.3,2016-05-15,GraphSAGE,simulated
HOBBIES_1_338,CA_1,HOBBIES,6.130538,7,8.98,0.3,2016-05-15,GraphSAGE,simulated
HOBBIES_1_340,CA_1,HOBBIES,2.4094827,4,6.97,0.3,2016-05-15,GraphSAGE,simulated
HOBBIES_1_341,CA_1,HOBBIES,38.078133,96,0.48,0.3,2016-05-15,GraphSAGE,simulated
HOBBIES_1_344,CA_1,HOBBIES,5.39224,9,11.78,0.3,2016-05-15,GraphSAGE,simulated
HOBBIES_1_345,CA_1,HOBBIES,5.195876,7,7.88,0.3,2016-05-15,GraphSAGE,simulated
HOBBIES_1_346,CA_1,HOBBIES,2.7199948,6,3.97,0.3,2016-05-15,GraphSAGE,simulated
HOBBIES_1_350,CA_1,HOBBIES,1.1473023,3,2.98,0.3,2016-05-15,GraphSAGE,simulated
HOBBIES_1_353,CA_1,HOBBIES,29.342848,52,1.08,0.3,2016-05-15,GraphSAGE,simulated
HOBBIES_1_354,CA_1,HOBBIES,48.65818,57,22.98,0.3,2016-05-15,GraphSAGE,simulated
HOBBIES_1_359,CA_1,HOBBIES,0.7649078,3,1.47,0.3,2016-05-15,GraphSAGE,simulated
HOBBIES_1_365,CA_1,HOBBIES,1.2410687,5,3.97,0.3,2016-05-15,GraphSAGE,simulated
HOBBIES_1_366,CA_1,HOBBIES,2.0767927,7,3.97,0.3,2016-05-15,GraphSAGE,simulated
HOBBIES_1_368,CA_1,HOBBIES,1.6717387,4,4.22,0.3,2016-05-15,GraphSAGE,simulated
HOBBIES_1_370,CA_1,HOBBIES,24.345226,27,0.48,0.3,2016-05-15,GraphSAGE,simulated
HOBBIES_1_371,CA_1,HOBBIES,77.58961,53,0.48,0.3,2016-05-15,GraphSAGE,simulated
HOBBIES_1_373,CA_1,HOBBIES,7.897809,13,14.72,0.3,2016-05-15,GraphSAGE,simulated
HOBBIES_1_376,CA_1,HOBBIES,2.2640603,6,16.86,0.3,2016-05-15,GraphSAGE,simulated
HOBBIES_1_378,CA_1,HOBBIES,18.464804,13,3.24,0.3,2016-05-15,GraphSAGE,simulated
HOBBIES_1_381,CA_1,HOBBIES,23.794083,32,0.7,0.3,2016-05-15,GraphSAGE,simulated
HOBBIES_1_382,CA_1,HOBBIES,4.588214,6,1.97,0.3,2016-05-15,GraphSAGE,simulated
HOBBIES_1_387,CA_1,HOBBIES,59.86013,104,1.08,0.3,2016-05-15,GraphSAGE,simulated
HOBBIES_1_392,CA_1,HOBBIES,7.1231503,8,12.98,0.3,2016-05-15,GraphSAGE,simulated
HOBBIES_1_396,CA_1,HOBBIES,0.2661934,2,1.88,0.3,2016-05-15,GraphSAGE,simulated
HOBBIES_1_401,CA_1,HOBBIES,1.7434623,3,1.97,0.3,2016-05-15,GraphSAGE,simulated
HOBBIES_1_402,CA_1,HOBBIES,0.75808173,5,9.94,0.3,2016-05-15,GraphSAGE,simulated
HOBBIES_1_409,CA_1,HOBBIES,5.4183483,6,5.76,0.3,2016-05-15,GraphSAGE,simulated
HOBBIES_1_412,CA_1,HOBBIES,5.806613,6,1.98,0.3,2016-05-15,GraphSAGE,simulated
HOBBIES_1_415,CA_1,HOBBIES,7.815146,12,6.68,0.3,2016-05-15,GraphSAGE,simulated
HOBBIES_1_416,CA_1,HOBBIES,9.425539,19,4.97,0.3,2016-05-15,GraphSAGE,simulated
HOBBIES_1_418,CA_1,HOBBIES,4.320774,12,3.98,0.3,2016-05-15,GraphSAGE,simulated
HOBBIES_1_419,CA_1,HOBBIES,1.0827125,3,5.98,0.3,2016-05-15,GraphSAGE,simulated
HOBBIES_1_420,CA_1,HOBBIES,6.306789,7,5.74,0.3,2016-05-15,GraphSAGE,simulated
HOBBIES_1_421,CA_1,HOBBIES,5.536052,4,8.38,0.3,2016-05-15,GraphSAGE,simulated
HOBBIES_1_423,CA_1,HOBBIES,9.776299,20,7.78,0.3,2016-05-15,GraphSAGE,simulated
HOBBIES_2_006,CA_1,HOBBIES,1.2894021,3,3.97,0.3,2016-05-15,GraphSAGE,simulated
HOBBIES_2_016,CA_1,HOBBIES,0.6467594,2,4.97,0.3,2016-05-15,GraphSAGE,simulated
HOBBIES_2_017,CA_1,HOBBIES,1.581953,4,0.5,0.3,2016-05-15,GraphSAGE,simulated
HOBBIES_2_019,CA_1,HOBBIES,0.6288356,2,3.37,0.3,2016-05-15,GraphSAGE,simulated
HOBBIES_2_020,CA_1,HOBBIES,0.5788703,2,3.88,0.3,2016-05-15,GraphSAGE,simulated
HOBBIES_2_025,CA_1,HOBBIES,1.387179,5,0.5,0.3,2016-05-15,GraphSAGE,simulated
HOBBIES_2_027,CA_1,HOBBIES,0.8117666,3,1.97,0.3,2016-05-15,GraphSAGE,simulated
HOBBIES_2_028,CA_1,HOBBIES,3.3762057,11,0.88,0.3,2016-05-15,GraphSAGE,simulated
HOBBIES_2_030,CA_1,HOBBIES,0.38096952,2,0.97,0.3,2016-05-15,GraphSAGE,simulated
HOBBIES_2_031,CA_1,HOBBIES,0.8819083,5,6.97,0.3,2016-05-15,GraphSAGE,simulated
HOBBIES_2_033,CA_1,HOBBIES,6.467749,6,2.88,0.3,2016-05-15,GraphSAGE,simulated
HOBBIES_2_035,CA_1,HOBBIES,1.0165724,3,4.47,0.3,2016-05-15,GraphSAGE,simulated
HOBBIES_2_037,CA_1,HOBBIES,1.3587852,3,0.97,0.3,2016-05-15,GraphSAGE,simulated
HOBBIES_2_038,CA_1,HOBBIES,1.7791348,4,0.97,0.3,2016-05-15,GraphSAGE,simulated
HOBBIES_2_039,CA_1,HOBBIES,1.007004,5,4.97,0.3,2016-05-15,GraphSAGE,simulated
HOBBIES_2_043,CA_1,HOBBIES,12.241599,20,0.97,0.3,2016-05-15,GraphSAGE,simulated
HOBBIES_2_044,CA_1,HOBBIES,1.0714223,3,4.47,0.3,2016-05-15,GraphSAGE,simulated
HOBBIES_2_048,CA_1,HOBBIES,0.8216871,2,2.88,0.3,2016-05-15,GraphSAGE,simulated
HOBBIES_2_049,CA_1,HOBBIES,0.41382605,2,2.5,0.3,2016-05-15,GraphSAGE,simulated
HOBBIES_2_050,CA_1,HOBBIES,1.0470029,3,1.97,0.3,2016-05-15,GraphSAGE,simulated
HOBBIES_2_052,CA_1,HOBBIES,1.2408248,4,2.47,0.3,2016-05-15,GraphSAGE,simulated
HOBBIES_2_055,CA_1,HOBBIES,1.0064313,4,2.5,0.3,2016-05-15,GraphSAGE,simulated
HOBBIES_2_063,CA_1,HOBBIES,4.313614,5,0.97,0.3,2016-05-15,GraphSAGE,simulated
HOBBIES_2_066,CA_1,HOBBIES,0.20976675,2,4.97,0.3,2016-05-15,GraphSAGE,simulated
HOBBIES_2_068,CA_1,HOBBIES,0.806922,2,1.97,0.3,2016-05-15,GraphSAGE,simulated
HOBBIES_2_070,CA_1,HOBBIES,0.5569581,2,9.97,0.3,2016-05-15,GraphSAGE,simulated
HOBBIES_2_073,CA_1,HOBBIES,2.1196218,6,0.5,0.3,2016-05-15,GraphSAGE,simulated
HOBBIES_2_077,CA_1,HOBBIES,0.33098045,2,9.97,0.3,2016-05-15,GraphSAGE,simulated
HOBBIES_2_081,CA_1,HOBBIES,1.2997919,3,1.97,0.3,2016-05-15,GraphSAGE,simulated
HOBBIES_2_088,CA_1,HOBBIES,0.7854916,2,2.77,0.3,2016-05-15,GraphSAGE,simulated
HOBBIES_2_090,CA_1,HOBBIES,0.30417478,2,1.57,0.3,2016-05-15,GraphSAGE,simulated
HOBBIES_2_092,CA_1,HOBBIES,1.6719348,3,4.97,0.3,2016-05-15,GraphSAGE,simulated
HOBBIES_2_093,CA_1,HOBBIES,1.2129018,4,1.97,0.3,2016-05-15,GraphSAGE,simulated
HOBBIES_2_094,CA_1,HOBBIES,0.95563525,2,1.97,0.3,2016-05-15,GraphSAGE,simulated
HOBBIES_2_099,CA_1,HOBBIES,0.878115,3,0.97,0.3,2016-05-15,GraphSAGE,simulated
HOBBIES_2_100,CA_1,HOBBIES,3.3690617,6,0.88,0.3,2016-05-15,GraphSAGE,simulated
HOBBIES_2_101,CA_1,HOBBIES,0.9810467,2,0.5,0.3,2016-05-15,GraphSAGE,simulated
HOBBIES_2_109,CA_1,HOBBIES,2.755499,4,0.97,0.3,2016-05-15,GraphSAGE,simulated
HOBBIES_2_110,CA_1,HOBBIES,0.79878235,2,5.97,0.3,2016-05-15,GraphSAGE,simulated
HOBBIES_2_111,CA_1,HOBBIES,0.4040019,2,3.97,0.3,2016-05-15,GraphSAGE,simulated
HOBBIES_2_115,CA_1,HOBBIES,6.2583623,8,2.47,0.3,2016-05-15,GraphSAGE,simulated
HOBBIES_2_116,CA_1,HOBBIES,2.04005,6,2.97,0.3,2016-05-15,GraphSAGE,simulated
HOBBIES_2_121,CA_1,HOBBIES,5.309233,10,0.97,0.3,2016-05-15,GraphSAGE,simulated
HOBBIES_2_134,CA_1,HOBBIES,0.3409852,2,4.97,0.3,2016-05-15,GraphSAGE,simulated
HOBBIES_2_139,CA_1,HOBBIES,1.0545685,3,4.97,0.3,2016-05-15,GraphSAGE,simulated
HOBBIES_2_141,CA_1,HOBBIES,2.008181,10,0.5,0.3,2016-05-15,GraphSAGE,simulated
HOBBIES_2_144,CA_1,HOBBIES,1.60987,4,0.5,0.3,2016-05-15,GraphSAGE,simulated
HOBBIES_2_145,CA_1,HOBBIES,0.16272935,2,2.88,0.3,2016-05-15,GraphSAGE,simulated
HOBBIES_2_146,CA_1,HOBBIES,1.3404102,4,1.97,0.3,2016-05-15,GraphSAGE,simulated
HOUSEHOLD_1_004,CA_1,HOUSEHOLD,10.823612,15,2.36,0.3,2016-05-15,GraphSAGE,simulated
HOUSEHOLD_1_013,CA_1,HOUSEHOLD,2.6982183,2,4.94,0.3,2016-05-15,GraphSAGE,simulated
HOUSEHOLD_1_018,CA_1,HOUSEHOLD,9.95362,19,9.97,0.3,2016-05-15,GraphSAGE,simulated
HOUSEHOLD_1_032,CA_1,HOUSEHOLD,65.125725,42,9.98,0.3,2016-05-15,GraphSAGE,simulated
HOUSEHOLD_1_039,CA_1,HOUSEHOLD,9.514105,18,2.97,0.3,2016-05-15,GraphSAGE,simulated
HOUSEHOLD_1_044,CA_1,HOUSEHOLD,3.2980065,9,17.97,0.3,2016-05-15,GraphSAGE,simulated
HOUSEHOLD_1_049,CA_1,HOUSEHOLD,7.142577,9,5.97,0.3,2016-05-15,GraphSAGE,simulated
HOUSEHOLD_1_072,CA_1,HOUSEHOLD,12.879501,15,7.98,0.3,2016-05-15,GraphSAGE,simulated
HOUSEHOLD_1_078,CA_1,HOUSEHOLD,5.8408976,4,2.84,0.3,2016-05-15,GraphSAGE,simulated
HOUSEHOLD_1_080,CA_1,HOUSEHOLD,3.5146408,8,10.47,0.3,2016-05-15,GraphSAGE,simulated
HOUSEHOLD_1_081,CA_1,HOUSEHOLD,2.9690683,4,7.98,0.3,2016-05-15,GraphSAGE,simulated
HOUSEHOLD_1_090,CA_1,HOUSEHOLD,9.382875,15,2.96,0.3,2016-05-15,GraphSAGE,simulated
HOUSEHOLD_1_099,CA_1,HOUSEHOLD,6.8263283,6,2.37,0.3,2016-05-15,GraphSAGE,simulated
HOUSEHOLD_1_110,CA_1,HOUSEHOLD,71.974205,87,3.97,0.3,2016-05-15,GraphSAGE,simulated
HOUSEHOLD_1_114,CA_1,HOUSEHOLD,12.411372,15,0.97,0.3,2016-05-15,GraphSAGE,simulated
HOUSEHOLD_1_119,CA_1,HOUSEHOLD,14.925108,11,3.74,0.3,2016-05-15,GraphSAGE,simulated
HOUSEHOLD_1_126,CA_1,HOUSEHOLD,4.0387306,7,8.96,0.3,2016-05-15,GraphSAGE,simulated
HOUSEHOLD_1_128,CA_1,HOUSEHOLD,7.2196274,11,2.67,0.3,2016-05-15,GraphSAGE,simulated
HOUSEHOLD_1_129,CA_1,HOUSEHOLD,9.755496,8,3.88,0.3,2016-05-15,GraphSAGE,simulated
HOUSEHOLD_1_132,CA_1,HOUSEHOLD,12.343562,15,1.97,0.3,2016-05-15,GraphSAGE,simulated
HOUSEHOLD_1_149,CA_1,HOUSEHOLD,11.93439,16,0.97,0.3,2016-05-15,GraphSAGE,simulated
HOUSEHOLD_1_154,CA_1,HOUSEHOLD,6.478809,4,2.96,0.3,2016-05-15,GraphSAGE,simulated
HOUSEHOLD_1_165,CA_1,HOUSEHOLD,2.4669607,3,17.97,0.3,2016-05-15,GraphSAGE,simulated
HOUSEHOLD_1_170,CA_1,HOUSEHOLD,6.682363,6,1.98,0.3,2016-05-15,GraphSAGE,simulated
HOUSEHOLD_1_171,CA_1,HOUSEHOLD,5.7710176,12,8.97,0.3,2016-05-15,GraphSAGE,simulated
HOUSEHOLD_1_173,CA_1,HOUSEHOLD,28.27406,46,0.97,0.3,2016-05-15,GraphSAGE,simulated
HOUSEHOLD_1_193,CA_1,HOUSEHOLD,10.888161,14,2.42,0.3,2016-05-15,GraphSAGE,simulated
HOUSEHOLD_1_198,CA_1,HOUSEHOLD,21.546934,33,0.97,0.3,2016-05-15,GraphSAGE,simulated
HOUSEHOLD_1_201,CA_1,HOUSEHOLD,5.268923,4,4.84,0.3,2016-05-15,GraphSAGE,simulated
HOUSEHOLD_1_230,CA_1,HOUSEHOLD,1.7402122,5,3.28,0.3,2016-05-15,GraphSAGE,simulated
HOUSEHOLD_1_232,CA_1,HOUSEHOLD,5.511475,8,4.23,0.3,2016-05-15,GraphSAGE,simulated
HOUSEHOLD_1_236,CA_1,HOUSEHOLD,12.677733,15,2.47,0.3,2016-05-15,GraphSAGE,simulated
HOUSEHOLD_1_242,CA_1,HOUSEHOLD,2.908068,3,4.88,0.3,2016-05-15,GraphSAGE,simulated
HOUSEHOLD_1_249,CA_1,HOUSEHOLD,7.195013,15,7.97,0.3,2016-05-15,GraphSAGE,simulated
HOUSEHOLD_1_253,CA_1,HOUSEHOLD,0.31895077,2,3.47,0.3,2016-05-15,GraphSAGE,simulated
HOUSEHOLD_1_278,CA_1,HOUSEHOLD,3.949198,5,5.97,0.3,2016-05-15,GraphSAGE,simulated
HOUSEHOLD_1_279,CA_1,HOUSEHOLD,7.5985775,13,0.97,0.3,2016-05-15,GraphSAGE,simulated
HOUSEHOLD_1_288,CA_1,HOUSEHOLD,3.027575,5,7.93,0.3,2016-05-15,GraphSAGE,simulated
HOUSEHOLD_1_289,CA_1,HOUSEHOLD,4.5537286,11,5.22,0.3,2016-05-15,GraphSAGE,simulated
HOUSEHOLD_1_298,CA_1,HOUSEHOLD,9.786556,9,3.72,0.3,2016-05-15,GraphSAGE,simulated
HOUSEHOLD_1_302,CA_1,HOUSEHOLD,2.0012789,3,7.93,0.3,2016-05-15,GraphSAGE,simulated
HOUSEHOLD_1_304,CA_1,HOUSEHOLD,29.310507,18,2.36,0.3,2016-05-15,GraphSAGE,simulated
HOUSEHOLD_1_311,CA_1,HOUSEHOLD,5.904755,7,3.88,0.3,2016-05-15,GraphSAGE,simulated
HOUSEHOLD_1_317,CA_1,HOUSEHOLD,6.048114,6,1.96,0.3,2016-05-15,GraphSAGE,simulated
HOUSEHOLD_1_319,CA_1,HOUSEHOLD,12.57948,14,1.94,0.3,2016-05-15,GraphSAGE,simulated
HOUSEHOLD_1_321,CA_1,HOUSEHOLD,11.499337,17,2.97,0.3,2016-05-15,GraphSAGE,simulated
HOUSEHOLD_1_334,CA_1,HOUSEHOLD,47.252464,48,0.97,0.3,2016-05-15,GraphSAGE,simulated
HOUSEHOLD_1_345,CA_1,HOUSEHOLD,6.406879,4,4.22,0.3,2016-05-15,GraphSAGE,simulated
HOUSEHOLD_1_348,CA_1,HOUSEHOLD,17.767086,14,1.86,0.3,2016-05-15,GraphSAGE,simulated
HOUSEHOLD_1_362,CA_1,HOUSEHOLD,3.7822187,6,7.97,0.3,2016-05-15,GraphSAGE,simulated
HOUSEHOLD_1_368,CA_1,HOUSEHOLD,4.4347334,5,7.98,0.3,2016-05-15,GraphSAGE,simulated
HOUSEHOLD_1_371,CA_1,HOUSEHOLD,7.5238786,13,4.94,0.3,2016-05-15,GraphSAGE,simulated
HOUSEHOLD_1_376,CA_1,HOUSEHOLD,11.708098,18,5.44,0.3,2016-05-15,GraphSAGE,simulated
HOUSEHOLD_1_377,CA_1,HOUSEHOLD,3.3652623,4,8.96,0.3,2016-05-15,GraphSAGE,simulated
HOUSEHOLD_1_378,CA_1,HOUSEHOLD,0.77275646,3,21.78,0.3,2016-05-15,GraphSAGE,simulated
HOUSEHOLD_1_379,CA_1,HOUSEHOLD,7.680085,7,0.97,0.3,2016-05-15,GraphSAGE,simulated
HOUSEHOLD_1_383,CA_1,HOUSEHOLD,10.065828,9,3.48,0.3,2016-05-15,GraphSAGE,simulated
HOUSEHOLD_1_395,CA_1,HOUSEHOLD,3.759019,7,4.88,0.3,2016-05-15,GraphSAGE,simulated
HOUSEHOLD_1_396,CA_1,HOUSEHOLD,5.5703073,7,3.97,0.3,2016-05-15,GraphSAGE,simulated
HOUSEHOLD_1_397,CA_1,HOUSEHOLD,9.93218,16,2.78,0.3,2016-05-15,GraphSAGE,simulated
HOUSEHOLD_1_401,CA_1,HOUSEHOLD,2.4863424,3,9.47,0.3,2016-05-15,GraphSAGE,simulated
HOUSEHOLD_1_407,CA_1,HOUSEHOLD,6.9835606,6,5.24,0.3,2016-05-15,GraphSAGE,simulated
HOUSEHOLD_1_411,CA_1,HOUSEHOLD,12.0966215,19,3.28,0.3,2016-05-15,GraphSAGE,simulated
HOUSEHOLD_1_413,CA_1,HOUSEHOLD,5.1209984,4,17.97,0.3,2016-05-15,GraphSAGE,simulated
HOUSEHOLD_1_414,CA_1,HOUSEHOLD,36.551064,49,0.98,0.3,2016-05-15,GraphSAGE,simulated
HOUSEHOLD_1_422,CA_1,HOUSEHOLD,6.5796213,9,3.62,0.3,2016-05-15,GraphSAGE,simulated
HOUSEHOLD_1_424,CA_1,HOUSEHOLD,2.7377868,5,2.97,0.3,2016-05-15,GraphSAGE,simulated
HOUSEHOLD_1_427,CA_1,HOUSEHOLD,0.15295325,2,5.96,0.3,2016-05-15,GraphSAGE,simulated
HOUSEHOLD_1_438,CA_1,HOUSEHOLD,4.656237,5,7.33,0.3,2016-05-15,GraphSAGE,simulated
HOUSEHOLD_1_441,CA_1,HOUSEHOLD,38.686085,37,2.77,0.3,2016-05-15,GraphSAGE,simulated
HOUSEHOLD_1_447,CA_1,HOUSEHOLD,46.14663,33,0.97,0.3,2016-05-15,GraphSAGE,simulated
HOUSEHOLD_1_468,CA_1,HOUSEHOLD,6.8942733,7,4.98,0.3,2016-05-15,GraphSAGE,simulated
HOUSEHOLD_1_470,CA_1,HOUSEHOLD,2.6425436,6,2.98,0.3,2016-05-15,GraphSAGE,simulated
HOUSEHOLD_1_475,CA_1,HOUSEHOLD,3.150385,6,2.67,0.3,2016-05-15,GraphSAGE,simulated
HOUSEHOLD_1_484,CA_1,HOUSEHOLD,5.827921,5,9.97,0.3,2016-05-15,GraphSAGE,simulated
HOUSEHOLD_1_493,CA_1,HOUSEHOLD,2.4875584,4,2.87,0.3,2016-05-15,GraphSAGE,simulated
HOUSEHOLD_1_499,CA_1,HOUSEHOLD,2.754619,2,3.88,0.3,2016-05-15,GraphSAGE,simulated
HOUSEHOLD_1_500,CA_1,HOUSEHOLD,3.5617874,8,4.44,0.3,2016-05-15,GraphSAGE,simulated
HOUSEHOLD_1_501,CA_1,HOUSEHOLD,2.3584728,2,3.96,0.3,2016-05-15,GraphSAGE,simulated
HOUSEHOLD_1_505,CA_1,HOUSEHOLD,13.076596,12,2.47,0.3,2016-05-15,GraphSAGE,simulated
HOUSEHOLD_1_506,CA_1,HOUSEHOLD,5.492127,6,3.88,0.3,2016-05-15,GraphSAGE,simulated
HOUSEHOLD_1_512,CA_1,HOUSEHOLD,3.2089274,3,1.87,0.3,2016-05-15,GraphSAGE,simulated
HOUSEHOLD_1_513,CA_1,HOUSEHOLD,6.6713834,10,9.97,0.3,2016-05-15,GraphSAGE,simulated
HOUSEHOLD_1_517,CA_1,HOUSEHOLD,57.66355,40,0.88,0.3,2016-05-15,GraphSAGE,simulated
HOUSEHOLD_1_519,CA_1,HOUSEHOLD,6.503995,5,4.88,0.3,2016-05-15,GraphSAGE,simulated
HOUSEHOLD_1_522,CA_1,HOUSEHOLD,8.472702,7,1.73,0.3,2016-05-15,GraphSAGE,simulated
HOUSEHOLD_1_526,CA_1,HOUSEHOLD,3.8724635,8,4.94,0.3,2016-05-15,GraphSAGE,simulated
HOUSEHOLD_1_531,CA_1,HOUSEHOLD,2.3013322,3,7.93,0.3,2016-05-15,GraphSAGE,simulated
HOUSEHOLD_1_532,CA_1,HOUSEHOLD,8.43986,12,2.48,0.3,2016-05-15,GraphSAGE,simulated
HOUSEHOLD_1_539,CA_1,HOUSEHOLD,21.560492,31,3.97,0.3,2016-05-15,GraphSAGE,simulated
HOUSEHOLD_1_541,CA_1,HOUSEHOLD,0.22632764,2,6.97,0.3,2016-05-15,GraphSAGE,simulated
HOUSEHOLD_2_012,CA_1,HOUSEHOLD,3.0946176,2,4.78,0.3,2016-05-15,GraphSAGE,simulated
HOUSEHOLD_2_016,CA_1,HOUSEHOLD,7.2235193,15,1.62,0.3,2016-05-15,GraphSAGE,simulated
HOUSEHOLD_2_017,CA_1,HOUSEHOLD,2.7341309,4,3.72,0.3,2016-05-15,GraphSAGE,simulated
HOUSEHOLD_2_019,CA_1,HOUSEHOLD,0.95070165,2,9.47,0.3,2016-05-15,GraphSAGE,simulated
HOUSEHOLD_2_021,CA_1,HOUSEHOLD,1.8666375,6,4.47,0.3,2016-05-15,GraphSAGE,simulated
HOUSEHOLD_2_022,CA_1,HOUSEHOLD,2.5122921,3,5.64,0.3,2016-05-15,GraphSAGE,simulated
HOUSEHOLD_2_024,CA_1,HOUSEHOLD,4.7298355,5,2.22,0.3,2016-05-15,GraphSAGE,simulated
HOUSEHOLD_2_028,CA_1,HOUSEHOLD,2.2116904,4,5.94,0.3,2016-05-15,GraphSAGE,simulated
HOUSEHOLD_2_047,CA_1,HOUSEHOLD,3.7855358,6,3.67,0.3,2016-05-15,GraphSAGE,simulated
HOUSEHOLD_2_052,CA_1,HOUSEHOLD,3.0289154,6,4.97,0.3,2016-05-15,GraphSAGE,simulated
HOUSEHOLD_2_062,CA_1,HOUSEHOLD,3.4114068,6,2.94,0.3,2016-05-15,GraphSAGE,simulated
HOUSEHOLD_2_078,CA_1,HOUSEHOLD,1.7957824,6,5.84,0.3,2016-05-15,GraphSAGE,simulated
HOUSEHOLD_2_081,CA_1,HOUSEHOLD,3.892126,5,2.57,0.3,2016-05-15,GraphSAGE,simulated
HOUSEHOLD_2_087,CA_1,HOUSEHOLD,0.25595793,2,7.94,0.3,2016-05-15,GraphSAGE,simulated
HOUSEHOLD_2_094,CA_1,HOUSEHOLD,0.7721544,3,5.94,0.3,2016-05-15,GraphSAGE,simulated
HOUSEHOLD_2_095,CA_1,HOUSEHOLD,3.2659836,4,6.47,0.3,2016-05-15,GraphSAGE,simulated
HOUSEHOLD_2_096,CA_1,HOUSEHOLD,5.100764,10,3.47,0.3,2016-05-15,GraphSAGE,simulated
HOUSEHOLD_2_104,CA_1,HOUSEHOLD,0.5146364,2,4.97,0.3,2016-05-15,GraphSAGE,simulated
HOUSEHOLD_2_109,CA_1,HOUSEHOLD,4.984711,4,3.87,0.3,2016-05-15,GraphSAGE,simulated
HOUSEHOLD_2_116,CA_1,HOUSEHOLD,1.174629,4,5.64,0.3,2016-05-15,GraphSAGE,simulated
HOUSEHOLD_2_118,CA_1,HOUSEHOLD,3.9091852,2,3.42,0.3,2016-05-15,GraphSAGE,simulated
HOUSEHOLD_2_120,CA_1,HOUSEHOLD,1.5527412,3,7.94,0.3,2016-05-15,GraphSAGE,simulated
HOUSEHOLD_2_127,CA_1,HOUSEHOLD,1.2410089,2,5.73,0.3,2016-05-15,GraphSAGE,simulated
HOUSEHOLD_2_128,CA_1,HOUSEHOLD,1.1552043,2,5.94,0.3,2016-05-15,GraphSAGE,simulated
HOUSEHOLD_2_135,CA_1,HOUSEHOLD,5.322164,7,9.98,0.3,2016-05-15,GraphSAGE,simulated
HOUSEHOLD_2_141,CA_1,HOUSEHOLD,0.86499846,4,4.98,0.3,2016-05-15,GraphSAGE,simulated
HOUSEHOLD_2_147,CA_1,HOUSEHOLD,0.30642295,2,3.97,0.3,2016-05-15,GraphSAGE,simulated
HOUSEHOLD_2_148,CA_1,HOUSEHOLD,2.1254294,3,5.94,0.3,2016-05-15,GraphSAGE,simulated
HOUSEHOLD_2_153,CA_1,HOUSEHOLD,2.6408455,3,9.94,0.3,2016-05-15,GraphSAGE,simulated
HOUSEHOLD_2_156,CA_1,HOUSEHOLD,1.4865235,7,7.43,0.3,2016-05-15,GraphSAGE,simulated
HOUSEHOLD_2_158,CA_1,HOUSEHOLD,0.31642464,2,11.47,0.3,2016-05-15,GraphSAGE,simulated
HOUSEHOLD_2_162,CA_1,HOUSEHOLD,0.67673373,5,3.97,0.3,2016-05-15,GraphSAGE,simulated
HOUSEHOLD_2_176,CA_1,HOUSEHOLD,31.08708,39,4.97,0.3,2016-05-15,GraphSAGE,simulated
HOUSEHOLD_2_180,CA_1,HOUSEHOLD,2.0539994,2,2.84,0.3,2016-05-15,GraphSAGE,simulated
HOUSEHOLD_2_184,CA_1,HOUSEHOLD,5.795639,5,1.97,0.3,2016-05-15,GraphSAGE,simulated
HOUSEHOLD_2_187,CA_1,HOUSEHOLD,5.238428,15,3.33,0.3,2016-05-15,GraphSAGE,simulated
HOUSEHOLD_2_197,CA_1,HOUSEHOLD,5.637687,8,3.97,0.3,2016-05-15,GraphSAGE,simulated
HOUSEHOLD_2_199,CA_1,HOUSEHOLD,4.9967394,8,3.93,0.3,2016-05-15,GraphSAGE,simulated
HOUSEHOLD_2_203,CA_1,HOUSEHOLD,10.536188,20,2.97,0.3,2016-05-15,GraphSAGE,simulated
HOUSEHOLD_2_208,CA_1,HOUSEHOLD,1.4843025,4,12.97,0.3,2016-05-15,GraphSAGE,simulated
HOUSEHOLD_2_211,CA_1,HOUSEHOLD,0.75476176,3,19.98,0.3,2016-05-15,GraphSAGE,simulated
HOUSEHOLD_2_214,CA_1,HOUSEHOLD,3.260729,6,6.94,0.3,2016-05-15,GraphSAGE,simulated
HOUSEHOLD_2_219,CA_1,HOUSEHOLD,3.2300954,7,3.48,0.3,2016-05-15,GraphSAGE,simulated
HOUSEHOLD_2_226,CA_1,HOUSEHOLD,3.1414776,5,6.97,0.3,2016-05-15,GraphSAGE,simulated
HOUSEHOLD_2_229,CA_1,HOUSEHOLD,3.2974555,4,4.78,0.3,2016-05-15,GraphSAGE,simulated
HOUSEHOLD_2_237,CA_1,HOUSEHOLD,1.865754,4,5.94,0.3,2016-05-15,GraphSAGE,simulated
HOUSEHOLD_2_243,CA_1,HOUSEHOLD,0.69691795,3,2.97,0.3,2016-05-15,GraphSAGE,simulated
HOUSEHOLD_2_246,CA_1,HOUSEHOLD,2.0691621,5,7.87,0.3,2016-05-15,GraphSAGE,simulated
HOUSEHOLD_2_249,CA_1,HOUSEHOLD,1.5759985,2,8.64,0.3,2016-05-15,GraphSAGE,simulated
HOUSEHOLD_2_253,CA_1,HOUSEHOLD,0.17129657,2,5.97,0.3,2016-05-15,GraphSAGE,simulated
HOUSEHOLD_2_256,CA_1,HOUSEHOLD,3.2193677,4,5.94,0.3,2016-05-15,GraphSAGE,simulated
HOUSEHOLD_2_258,CA_1,HOUSEHOLD,1.9692001,9,3.97,0.3,2016-05-15,GraphSAGE,simulated
HOUSEHOLD_2_272,CA_1,HOUSEHOLD,3.50849,6,5.47,0.3,2016-05-15,GraphSAGE,simulated
HOUSEHOLD_2_273,CA_1,HOUSEHOLD,2.699638,4,5.24,0.3,2016-05-15,GraphSAGE,simulated
HOUSEHOLD_2_278,CA_1,HOUSEHOLD,0.33127734,2,10.98,0.3,2016-05-15,GraphSAGE,simulated
HOUSEHOLD_2_281,CA_1,HOUSEHOLD,2.0931222,4,5.27,0.3,2016-05-15,GraphSAGE,simulated
HOUSEHOLD_2_285,CA_1,HOUSEHOLD,1.6225731,3,4.67,0.3,2016-05-15,GraphSAGE,simulated
HOUSEHOLD_2_297,CA_1,HOUSEHOLD,2.440648,5,6.54,0.3,2016-05-15,GraphSAGE,simulated
HOUSEHOLD_2_299,CA_1,HOUSEHOLD,9.838431,8,1.23,0.3,2016-05-15,GraphSAGE,simulated
HOUSEHOLD_2_300,CA_1,HOUSEHOLD,1.104663,4,7.97,0.3,2016-05-15,GraphSAGE,simulated
HOUSEHOLD_2_305,CA_1,HOUSEHOLD,2.2417076,3,5.47,0.3,2016-05-15,GraphSAGE,simulated
HOUSEHOLD_2_308,CA_1,HOUSEHOLD,3.5243082,6,3.94,0.3,2016-05-15,GraphSAGE,simulated
HOUSEHOLD_2_309,CA_1,HOUSEHOLD,0.34136122,2,2.46,0.3,2016-05-15,GraphSAGE,simulated
HOUSEHOLD_2_310,CA_1,HOUSEHOLD,2.8169498,5,1.42,0.3,2016-05-15,GraphSAGE,simulated
HOUSEHOLD_2_312,CA_1,HOUSEHOLD,8.739357,9,3.97,0.3,2016-05-15,GraphSAGE,simulated
HOUSEHOLD_2_313,CA_1,HOUSEHOLD,10.386008,15,1.97,0.3,2016-05-15,GraphSAGE,simulated
HOUSEHOLD_2_333,CA_1,HOUSEHOLD,2.5734742,5,4.98,0.3,2016-05-15,GraphSAGE,simulated
HOUSEHOLD_2_335,CA_1,HOUSEHOLD,8.219889,12,6.24,0.3,2016-05-15,GraphSAGE,simulated
HOUSEHOLD_2_344,CA_1,HOUSEHOLD,7.1769195,6,5.74,0.3,2016-05-15,GraphSAGE,simulated
HOUSEHOLD_2_346,CA_1,HOUSEHOLD,5.7475615,4,3.33,0.3,2016-05-15,GraphSAGE,simulated
HOUSEHOLD_2_353,CA_1,HOUSEHOLD,5.19148,3,4.78,0.3,2016-05-15,GraphSAGE,simulated
HOUSEHOLD_2_354,CA_1,HOUSEHOLD,2.2315753,6,0.97,0.3,2016-05-15,GraphSAGE,simulated
HOUSEHOLD_2_361,CA_1,HOUSEHOLD,1.5501043,3,6.94,0.3,2016-05-15,GraphSAGE,simulated
HOUSEHOLD_2_363,CA_1,HOUSEHOLD,0.5390987,2,5.98,0.3,2016-05-15,GraphSAGE,simulated
HOUSEHOLD_2_365,CA_1,HOUSEHOLD,1.4669372,6,4.87,0.3,2016-05-15,GraphSAGE,simulated
HOUSEHOLD_2_374,CA_1,HOUSEHOLD,4.116093,11,2.98,0.3,2016-05-15,GraphSAGE,simulated
HOUSEHOLD_2_378,CA_1,HOUSEHOLD,2.7798033,5,6.98,0.3,2016-05-15,GraphSAGE,simulated
HOUSEHOLD_2_383,CA_1,HOUSEHOLD,1.541111,3,3.88,0.3,2016-05-15,GraphSAGE,simulated
HOUSEHOLD_2_385,CA_1,HOUSEHOLD,2.473532,4,7.47,0.3,2016-05-15,GraphSAGE,simulated
HOUSEHOLD_2_393,CA_1,HOUSEHOLD,0.8473443,3,5.88,0.3,2016-05-15,GraphSAGE,simulated
HOUSEHOLD_2_394,CA_1,HOUSEHOLD,2.9541492,10,6.27,0.3,2016-05-15,GraphSAGE,simulated
HOUSEHOLD_2_399,CA_1,HOUSEHOLD,3.4412982,5,2.67,0.3,2016-05-15,GraphSAGE,simulated
HOUSEHOLD_2_400,CA_1,HOUSEHOLD,3.7158072,10,3.88,0.3,2016-05-15,GraphSAGE,simulated
HOUSEHOLD_2_409,CA_1,HOUSEHOLD,8.372039,9,3.93,0.3,2016-05-15,GraphSAGE,simulated
HOUSEHOLD_2_414,CA_1,HOUSEHOLD,1.9756249,3,5.74,0.3,2016-05-15,GraphSAGE,simulated
HOUSEHOLD_2_415,CA_1,HOUSEHOLD,0.8603314,3,2.46,0.3,2016-05-15,GraphSAGE,simulated
HOUSEHOLD_2_417,CA_1,HOUSEHOLD,1.425938,3,3.97,0.3,2016-05-15,GraphSAGE,simulated
HOUSEHOLD_2_418,CA_1,HOUSEHOLD,2.5101268,7,2.78,0.3,2016-05-15,GraphSAGE,simulated
HOUSEHOLD_2_423,CA_1,HOUSEHOLD,3.669537,5,3.87,0.3,2016-05-15,GraphSAGE,simulated
HOUSEHOLD_2_426,CA_1,HOUSEHOLD,3.4816067,6,4.37,0.3,2016-05-15,GraphSAGE,simulated
HOUSEHOLD_2_427,CA_1,HOUSEHOLD,2.8615575,4,3.48,0.3,2016-05-15,GraphSAGE,simulated
HOUSEHOLD_2_435,CA_1,HOUSEHOLD,1.4598844,2,5.97,0.3,2016-05-15,GraphSAGE,simulated
HOUSEHOLD_2_438,CA_1,HOUSEHOLD,5.674983,5,8.87,0.3,2016-05-15,GraphSAGE,simulated
HOUSEHOLD_2_439,CA_1,HOUSEHOLD,1.1760035,5,5.84,0.3,2016-05-15,GraphSAGE,simulated
HOUSEHOLD_2_444,CA_1,HOUSEHOLD,2.6633058,7,5.97,0.3,2016-05-15,GraphSAGE,simulated
HOUSEHOLD_2_452,CA_1,HOUSEHOLD,2.7366736,4,5.94,0.3,2016-05-15,GraphSAGE,simulated
HOUSEHOLD_2_465,CA_1,HOUSEHOLD,9.151919,7,7.54,0.3,2016-05-15,GraphSAGE,simulated
HOUSEHOLD_2_470,CA_1,HOUSEHOLD,9.891676,9,0.88,0.3,2016-05-15,GraphSAGE,simulated
HOUSEHOLD_2_476,CA_1,HOUSEHOLD,1.8401607,3,3.97,0.3,2016-05-15,GraphSAGE,simulated
HOUSEHOLD_2_478,CA_1,HOUSEHOLD,0.92467046,5,4.94,0.3,2016-05-15,GraphSAGE,simulated
HOUSEHOLD_2_480,CA_1,HOUSEHOLD,2.007694,5,5.24,0.3,2016-05-15,GraphSAGE,simulated
HOUSEHOLD_2_481,CA_1,HOUSEHOLD,0.5266051,2,7.97,0.3,2016-05-15,GraphSAGE,simulated
HOUSEHOLD_2_483,CA_1,HOUSEHOLD,13.195171,17,4.97,0.3,2016-05-15,GraphSAGE,simulated
HOUSEHOLD_2_487,CA_1,HOUSEHOLD,0.5538875,3,9.98,0.3,2016-05-15,GraphSAGE,simulated
HOUSEHOLD_2_491,CA_1,HOUSEHOLD,1.8864241,3,6.96,0.3,2016-05-15,GraphSAGE,simulated
HOUSEHOLD_2_499,CA_1,HOUSEHOLD,12.677461,20,1.97,0.3,2016-05-15,GraphSAGE,simulated
HOUSEHOLD_2_500,CA_1,HOUSEHOLD,3.2023013,8,5.84,0.3,2016-05-15,GraphSAGE,simulated
HOUSEHOLD_2_501,CA_1,HOUSEHOLD,3.6719136,8,7.97,0.3,2016-05-15,GraphSAGE,simulated
HOUSEHOLD_2_513,CA_1,HOUSEHOLD,2.9236166,4,2.78,0.3,2016-05-15,GraphSAGE,simulated
FOODS_1_011,CA_2,FOODS,15.342932,23,2.68,0.3,2016-05-15,GraphSAGE,simulated
FOODS_1_033,CA_2,FOODS,2.7972014,7,5.64,0.3,2016-05-15,GraphSAGE,simulated
FOODS_1_044,CA_2,FOODS,6.8672132,10,2.98,0.3,2016-05-15,GraphSAGE,simulated
FOODS_1_050,CA_2,FOODS,5.570153,14,5.98,0.3,2016-05-15,GraphSAGE,simulated
FOODS_1_052,CA_2,FOODS,7.8571305,8,0.98,0.3,2016-05-15,GraphSAGE,simulated
FOODS_1_058,CA_2,FOODS,17.471598,33,1.96,0.3,2016-05-15,GraphSAGE,simulated
FOODS_1_082,CA_2,FOODS,40.816483,59,0.98,0.3,2016-05-15,GraphSAGE,simulated
FOODS_1_083,CA_2,FOODS,31.906025,22,2.0,0.3,2016-05-15,GraphSAGE,simulated
FOODS_1_089,CA_2,FOODS,5.7890553,13,3.48,0.3,2016-05-15,GraphSAGE,simulated
FOODS_1_102,CA_2,FOODS,7.889041,7,1.78,0.3,2016-05-15,GraphSAGE,simulated
FOODS_1_109,CA_2,FOODS,5.9216986,4,2.24,0.3,2016-05-15,GraphSAGE,simulated
FOODS_1_111,CA_2,FOODS,5.698375,9,5.98,0.3,2016-05-15,GraphSAGE,simulated
FOODS_1_113,CA_2,FOODS,15.538899,64,0.98,0.3,2016-05-15,GraphSAGE,simulated
FOODS_1_120,CA_2,FOODS,8.293057,24,1.96,0.3,2016-05-15,GraphSAGE,simulated
FOODS_1_127,CA_2,FOODS,10.724766,12,2.12,0.3,2016-05-15,GraphSAGE,simulated
FOODS_1_128,CA_2,FOODS,4.156327,8,4.27,0.3,2016-05-15,GraphSAGE,simulated
FOODS_1_129,CA_2,FOODS,15.174082,11,5.74,0.3,2016-05-15,GraphSAGE,simulated
FOODS_1_131,CA_2,FOODS,1.8272136,3,2.98,0.3,2016-05-15,GraphSAGE,simulated
FOODS_1_152,CA_2,FOODS,5.9355655,8,8.58,0.3,2016-05-15,GraphSAGE,simulated
FOODS_1_158,CA_2,FOODS,4.237823,6,4.68,0.3,2016-05-15,GraphSAGE,simulated
FOODS_1_163,CA_2,FOODS,26.145037,42,0.98,0.3,2016-05-15,GraphSAGE,simulated
FOODS_1_173,CA_2,FOODS,53.812233,65,2.0,0.3,2016-05-15,GraphSAGE,simulated
FOODS_1_174,CA_2,FOODS,9.575606,26,5.28,0.3,2016-05-15,GraphSAGE,simulated
FOODS_1_180,CA_2,FOODS,14.994724,12,9.97,0.3,2016-05-15,GraphSAGE,simulated
FOODS_1_190,CA_2,FOODS,11.4701,14,0.98,0.3,2016-05-15,GraphSAGE,simulated
FOODS_1_193,CA_2,FOODS,9.845857,9,4.89,0.3,2016-05-15,GraphSAGE,simulated
FOODS_1_203,CA_2,FOODS,5.1394787,10,2.24,0.3,2016-05-15,GraphSAGE,simulated
FOODS_1_215,CA_2,FOODS,39.241173,46,1.84,0.3,2016-05-15,GraphSAGE,simulated
FOODS_1_216,CA_2,FOODS,13.132017,19,5.28,0.3,2016-05-15,GraphSAGE,simulated
FOODS_2_001,CA_2,FOODS,9.620622,16,2.0,0.3,2016-05-15,GraphSAGE,simulated
FOODS_2_013,CA_2,FOODS,22.883364,28,2.0,0.3,2016-05-15,GraphSAGE,simulated
FOODS_2_015,CA_2,FOODS,6.7662168,11,2.5,0.3,2016-05-15,GraphSAGE,simulated
FOODS_2_019,CA_2,FOODS,23.902971,18,3.42,0.3,2016-05-15,GraphSAGE,simulated
FOODS_2_021,CA_2,FOODS,12.727173,16,0.94,0.3,2016-05-15,GraphSAGE,simulated
FOODS_2_033,CA_2,FOODS,25.466808,15,2.38,0.3,2016-05-15,GraphSAGE,simulated
FOODS_2_035,CA_2,FOODS,17.854296,11,5.0,0.3,2016-05-15,GraphSAGE,simulated
FOODS_2_036,CA_2,FOODS,13.331708,14,3.74,0.3,2016-05-15,GraphSAGE,simulated
FOODS_2_052,CA_2,FOODS,11.784251,15,13.97,0.3,2016-05-15,GraphSAGE,simulated
FOODS_2_073,CA_2,FOODS,0.5609095,2,5.98,0.3,2016-05-15,GraphSAGE,simulated
FOODS_2_080,CA_2,FOODS,26.08823,31,2.18,0.3,2016-05-15,GraphSAGE,simulated
FOODS_2_083,CA_2,FOODS,10.397641,13,6.72,0.3,2016-05-15,GraphSAGE,simulated
FOODS_2_105,CA_2,FOODS,1.6740446,2,3.44,0.3,2016-05-15,GraphSAGE,simulated
FOODS_2_110,CA_2,FOODS,12.965284,14,2.38,0.3,2016-05-15,GraphSAGE,simulated
FOODS_2_118,CA_2,FOODS,2.5713966,6,3.28,0.3,2016-05-15,GraphSAGE,simulated
FOODS_2_126,CA_2,FOODS,0.44928226,2,4.88,0.3,2016-05-15,GraphSAGE,simulated
FOODS_2_139,CA_2,FOODS,8.145851,14,2.98,0.3,2016-05-15,GraphSAGE,simulated
FOODS_2_159,CA_2,FOODS,3.9505775,6,3.97,0.3,2016-05-15,GraphSAGE,simulated
FOODS_2_167,CA_2,FOODS,7.473785,13,2.5,0.3,2016-05-15,GraphSAGE,simulated
FOODS_2_170,CA_2,FOODS,9.238061,15,3.28,0.3,2016-05-15,GraphSAGE,simulated
FOODS_2_176,CA_2,FOODS,8.399055,9,2.98,0.3,2016-05-15,GraphSAGE,simulated
FOODS_2_194,CA_2,FOODS,0.6286448,2,6.72,0.3,2016-05-15,GraphSAGE,simulated
FOODS_2_199,CA_2,FOODS,30.625303,47,1.0,0.3,2016-05-15,GraphSAGE,simulated
FOODS_2_203,CA_2,FOODS,8.147083,15,3.62,0.3,2016-05-15,GraphSAGE,simulated
FOODS_2_210,CA_2,FOODS,3.77693,3,3.74,0.3,2016-05-15,GraphSAGE,simulated
FOODS_2_216,CA_2,FOODS,7.072598,11,5.98,0.3,2016-05-15,GraphSAGE,simulated
FOODS_2_219,CA_2,FOODS,11.497615,17,2.5,0.3,2016-05-15,GraphSAGE,simulated
FOODS_2_236,CA_2,FOODS,5.29527,10,2.98,0.3,2016-05-15,GraphSAGE,simulated
FOODS_2_240,CA_2,FOODS,10.39742,11,2.18,0.3,2016-05-15,GraphSAGE,simulated
FOODS_2_252,CA_2,FOODS,2.0137007,3,3.78,0.3,2016-05-15,GraphSAGE,simulated
FOODS_2_255,CA_2,FOODS,6.0402327,10,2.68,0.3,2016-05-15,GraphSAGE,simulated
FOODS_2_256,CA_2,FOODS,1.1874659,2,6.36,0.3,2016-05-15,GraphSAGE,simulated
FOODS_2_262,CA_2,FOODS,11.927819,14,2.0,0.3,2016-05-15,GraphSAGE,simulated
FOODS_2_264,CA_2,FOODS,5.4845247,8,3.97,0.3,2016-05-15,GraphSAGE,simulated
FOODS_2_269,CA_2,FOODS,3.1387417,3,2.5,0.3,2016-05-15,GraphSAGE,simulated
FOODS_2_272,CA_2,FOODS,8.051348,15,2.0,0.3,2016-05-15,GraphSAGE,simulated
FOODS_2_277,CA_2,FOODS,6.5732317,8,1.28,0.3,2016-05-15,GraphSAGE,simulated
FOODS_2_294,CA_2,FOODS,28.84043,56,1.0,0.3,2016-05-15,GraphSAGE,simulated
FOODS_2_301,CA_2,FOODS,5.224545,9,3.18,0.3,2016-05-15,GraphSAGE,simulated
FOODS_2_303,CA_2,FOODS,7.8959055,10,2.18,0.3,2016-05-15,GraphSAGE,simulated
FOODS_2_320,CA_2,FOODS,6.3613286,7,1.86,0.3,2016-05-15,GraphSAGE,simulated
FOODS_2_323,CA_2,FOODS,6.000357,4,3.97,0.3,2016-05-15,GraphSAGE,simulated
FOODS_2_328,CA_2,FOODS,4.6927834,6,4.42,0.3,2016-05-15,GraphSAGE,simulated
FOODS_2_330,CA_2,FOODS,1.4101397,3,4.33,0.3,2016-05-15,GraphSAGE,simulated
FOODS_2_347,CA_2,FOODS,49.24113,57,2.24,0.3,2016-05-15,GraphSAGE,simulated
FOODS_2_350,CA_2,FOODS,4.056592,6,4.98,0.3,2016-05-15,GraphSAGE,simulated
FOODS_2_352,CA_2,FOODS,10.835064,8,9.98,0.3,2016-05-15,GraphSAGE,simulated
FOODS_2_355,CA_2,FOODS,5.4250956,10,2.5,0.3,2016-05-15,GraphSAGE,simulated
FOODS_2_357,CA_2,FOODS,11.763243,11,2.0,0.3,2016-05-15,GraphSAGE,simulated
FOODS_2_358,CA_2,FOODS,6.013458,10,2.5,0.3,2016-05-15,GraphSAGE,simulated
FOODS_2_362,CA_2,FOODS,1.0525362,2,6.98,0.3,2016-05-15,GraphSAGE,simulated
FOODS_2_363,CA_2,FOODS,9.006946,9,2.5,0.3,2016-05-15,GraphSAGE,simulated
FOODS_2_371,CA_2,FOODS,38.344322,31,2.0,0.3,2016-05-15,GraphSAGE,simulated
FOODS_2_382,CA_2,FOODS,10.833321,8,3.88,0.3,2016-05-15,GraphSAGE,simulated
FOODS_2_387,CA_2,FOODS,4.638068,8,12.97,0.3,2016-05-15,GraphSAGE,simulated
FOODS_2_388,CA_2,FOODS,13.140545,12,2.98,0.3,2016-05-15,GraphSAGE,simulated
FOODS_2_390,CA_2,FOODS,1.602629,5,7.16,0.3,2016-05-15,GraphSAGE,simulated
FOODS_2_392,CA_2,FOODS,1.2739553,2,4.98,0.3,2016-05-15,GraphSAGE,simulated
FOODS_2_399,CA_2,FOODS,12.895551,27,2.0,0.3,2016-05-15,GraphSAGE,simulated
FOODS_3_006,CA_2,FOODS,1.8301954,3,7.88,0.3,2016-05-15,GraphSAGE,simulated
FOODS_3_011,CA_2,FOODS,11.287796,13,1.98,0.3,2016-05-15,GraphSAGE,simulated
FOODS_3_016,CA_2,FOODS,10.288542,11,2.98,0.3,2016-05-15,GraphSAGE,simulated
FOODS_3_021,CA_2,FOODS,5.2805433,10,2.48,0.3,2016-05-15,GraphSAGE,simulated
FOODS_3_028,CA_2,FOODS,5.652899,5,3.88,0.3,2016-05-15,GraphSAGE,simulated
FOODS_3_030,CA_2,FOODS,32.359253,33,1.48,0.3,2016-05-15,GraphSAGE,simulated
FOODS_3_039,CA_2,FOODS,28.412119,44,3.98,0.3,2016-05-15,GraphSAGE,simulated
FOODS_3_044,CA_2,FOODS,5.6714883,10,2.88,0.3,2016-05-15,GraphSAGE,simulated
FOODS_3_071,CA_2,FOODS,15.058725,50,1.34,0.3,2016-05-15,GraphSAGE,simulated
FOODS_3_078,CA_2,FOODS,5.2813873,9,2.97,0.3,2016-05-15,GraphSAGE,simulated
FOODS_3_092,CA_2,FOODS,2.110208,2,3.33,0.3,2016-05-15,GraphSAGE,simulated
FOODS_3_093,CA_2,FOODS,12.706141,12,1.98,0.3,2016-05-15,GraphSAGE,simulated
FOODS_3_094,CA_2,FOODS,7.952294,6,2.98,0.3,2016-05-15,GraphSAGE,simulated
FOODS_3_095,CA_2,FOODS,6.1991873,9,4.98,0.3,2016-05-15,GraphSAGE,simulated
FOODS_3_097,CA_2,FOODS,18.101887,14,2.24,0.3,2016-05-15,GraphSAGE,simulated
FOODS_3_130,CA_2,FOODS,10.362817,21,2.68,0.3,2016-05-15,GraphSAGE,simulated
FOODS_3_138,CA_2,FOODS,8.035693,10,1.98,0.3,2016-05-15,GraphSAGE,simulated
FOODS_3_145,CA_2,FOODS,3.9131973,7,2.98,0.3,2016-05-15,GraphSAGE,simulated
FOODS_3_154,CA_2,FOODS,5.4315825,10,2.98,0.3,2016-05-15,GraphSAGE,simulated
FOODS_3_157,CA_2,FOODS,5.764511,5,3.32,0.3,2016-05-15,GraphSAGE,simulated
FOODS_3_158,CA_2,FOODS,2.9463892,7,5.98,0.3,2016-05-15,GraphSAGE,simulated
FOODS_3_161,CA_2,FOODS,3.5336518,5,1.98,0.3,2016-05-15,GraphSAGE,simulated
FOODS_3_165,CA_2,FOODS,0.4367101,3,3.82,0.3,2016-05-15,GraphSAGE,simulated
FOODS_3_172,CA_2,FOODS,12.860335,16,1.78,0.3,2016-05-15,GraphSAGE,simulated
FOODS_3_194,CA_2,FOODS,14.350444,18,2.98,0.3,2016-05-15,GraphSAGE,simulated
FOODS_3_199,CA_2,FOODS,10.004965,19,2.56,0.3,2016-05-15,GraphSAGE,simulated
FOODS_3_201,CA_2,FOODS,15.516412,12,2.56,0.3,2016-05-15,GraphSAGE,simulated
FOODS_3_216,CA_2,FOODS,2.5037544,3,2.56,0.3,2016-05-15,GraphSAGE,simulated
FOODS_3_220,CA_2,FOODS,2.9100718,8,2.98,0.3,2016-05-15,GraphSAGE,simulated
FOODS_3_238,CA_2,FOODS,10.653547,8,3.27,0.3,2016-05-15,GraphSAGE,simulated
FOODS_3_255,CA_2,FOODS,2.2706208,2,3.98,0.3,2016-05-15,GraphSAGE,simulated
FOODS_3_256,CA_2,FOODS,0.5705869,2,2.58,0.3,2016-05-15,GraphSAGE,simulated
FOODS_3_259,CA_2,FOODS,14.699067,12,1.78,0.3,2016-05-15,GraphSAGE,simulated
FOODS_3_270,CA_2,FOODS,6.2736645,5,2.98,0.3,2016-05-15,GraphSAGE,simulated
FOODS_3_273,CA_2,FOODS,10.391437,14,2.24,0.3,2016-05-15,GraphSAGE,simulated
FOODS_3_278,CA_2,FOODS,5.9093637,3,1.0,0.3,2016-05-15,GraphSAGE,simulated
FOODS_3_282,CA_2,FOODS,79.76399,40,2.56,0.3,2016-05-15,GraphSAGE,simulated
FOODS_3_284,CA_2,FOODS,2.4162781,3,1.98,0.3,2016-05-15,GraphSAGE,simulated
FOODS_3_286,CA_2,FOODS,5.01805,4,3.98,0.3,2016-05-15,GraphSAGE,simulated
FOODS_3_288,CA_2,FOODS,183.0436,115,1.5,0.3,2016-05-15,GraphSAGE,simulated
FOODS_3_296,CA_2,FOODS,19.590727,23,2.0,0.3,2016-05-15,GraphSAGE,simulated
FOODS_3_299,CA_2,FOODS,27.03481,22,1.5,0.3,2016-05-15,GraphSAGE,simulated
FOODS_3_307,CA_2,FOODS,26.713268,33,3.98,0.3,2016-05-15,GraphSAGE,simulated
FOODS_3_310,CA_2,FOODS,8.605385,10,1.0,0.3,2016-05-15,GraphSAGE,simulated
FOODS_3_314,CA_2,FOODS,4.0201907,3,2.48,0.3,2016-05-15,GraphSAGE,simulated
FOODS_3_317,CA_2,FOODS,42.6867,45,0.94,0.3,2016-05-15,GraphSAGE,simulated
FOODS_3_337,CA_2,FOODS,2.5096712,3,3.98,0.3,2016-05-15,GraphSAGE,simulated
FOODS_3_340,CA_2,FOODS,8.017535,12,3.32,0.3,2016-05-15,GraphSAGE,simulated
FOODS_3_346,CA_2,FOODS,10.405864,8,1.98,0.3,2016-05-15,GraphSAGE,simulated
FOODS_3_351,CA_2,FOODS,43.038937,49,0.94,0.3,2016-05-15,GraphSAGE,simulated
FOODS_3_355,CA_2,FOODS,27.928226,22,0.94,0.3,2016-05-15,GraphSAGE,simulated
FOODS_3_357,CA_2,FOODS,5.4353647,7,3.64,0.3,2016-05-15,GraphSAGE,simulated
FOODS_3_364,CA_2,FOODS,4.385125,8,2.78,0.3,2016-05-15,GraphSAGE,simulated
FOODS_3_366,CA_2,FOODS,4.5811334,4,1.74,0.3,2016-05-15,GraphSAGE,simulated
FOODS_3_371,CA_2,FOODS,4.406842,7,2.5,0.3,2016-05-15,GraphSAGE,simulated
FOODS_3_372,CA_2,FOODS,0.32732743,2,3.28,0.3,2016-05-15,GraphSAGE,simulated
FOODS_3_374,CA_2,FOODS,5.606985,8,2.56,0.3,2016-05-15,GraphSAGE,simulated
FOODS_3_377,CA_2,FOODS,30.506784,23,1.68,0.3,2016-05-15,GraphSAGE,simulated
FOODS_3_389,CA_2,FOODS,72.25521,54,1.68,0.3,2016-05-15,GraphSAGE,simulated
FOODS_3_401,CA_2,FOODS,5.3301344,7,1.98,0.3,2016-05-15,GraphSAGE,simulated
FOODS_3_406,CA_2,FOODS,45.35303,67,0.8,0.3,2016-05-15,GraphSAGE,simulated
FOODS_3_407,CA_2,FOODS,21.308838,27,2.98,0.3,2016-05-15,GraphSAGE,simulated
FOODS_3_428,CA_2,FOODS,4.432467,5,1.98,0.3,2016-05-15,GraphSAGE,simulated
FOODS_3_432,CA_2,FOODS,7.086815,11,3.98,0.3,2016-05-15,GraphSAGE,simulated
FOODS_3_436,CA_2,FOODS,14.609291,18,2.5,0.3,2016-05-15,GraphSAGE,simulated
FOODS_3_441,CA_2,FOODS,0.18032731,2,6.98,0.3,2016-05-15,GraphSAGE,simulated
FOODS_3_442,CA_2,FOODS,2.4851723,10,2.48,0.3,2016-05-15,GraphSAGE,simulated
FOODS_3_443,CA_2,FOODS,1.4031191,3,2.5,0.3,2016-05-15,GraphSAGE,simulated
FOODS_3_444,CA_2,FOODS,85.73296,58,6.98,0.3,2016-05-15,GraphSAGE,simulated
FOODS_3_455,CA_2,FOODS,38.63391,69,2.48,0.3,2016-05-15,GraphSAGE,simulated
FOODS_3_457,CA_2,FOODS,2.6436105,3,2.5,0.3,2016-05-15,GraphSAGE,simulated
FOODS_3_466,CA_2,FOODS,0.42924207,2,2.98,0.3,2016-05-15,GraphSAGE,simulated
FOODS_3_475,CA_2,FOODS,7.3439617,9,1.0,0.3,2016-05-15,GraphSAGE,simulated
FOODS_3_478,CA_2,FOODS,4.846586,5,1.74,0.3,2016-05-15,GraphSAGE,simulated
FOODS_3_481,CA_2,FOODS,11.102695,9,3.88,0.3,2016-05-15,GraphSAGE,simulated
FOODS_3_483,CA_2,FOODS,21.51356,15,2.98,0.3,2016-05-15,GraphSAGE,simulated
FOODS_3_487,CA_2,FOODS,16.845778,19,1.68,0.3,2016-05-15,GraphSAGE,simulated
FOODS_3_492,CA_2,FOODS,9.416409,5,2.98,0.3,2016-05-15,GraphSAGE,simulated
FOODS_3_502,CA_2,FOODS,8.616976,6,2.56,0.3,2016-05-15,GraphSAGE,simulated
FOODS_3_507,CA_2,FOODS,2.66014,5,1.98,0.3,2016-05-15,GraphSAGE,simulated
FOODS_3_517,CA_2,FOODS,4.5656376,3,2.94,0.3,2016-05-15,GraphSAGE,simulated
FOODS_3_526,CA_2,FOODS,38.38952,39,1.98,0.3,2016-05-15,GraphSAGE,simulated
FOODS_3_530,CA_2,FOODS,0.26939368,2,1.68,0.3,2016-05-15,GraphSAGE,simulated
FOODS_3_535,CA_2,FOODS,9.868215,11,5.98,0.3,2016-05-15,GraphSAGE,simulated
FOODS_3_552,CA_2,FOODS,10.66666,15,1.98,0.3,2016-05-15,GraphSAGE,simulated
FOODS_3_556,CA_2,FOODS,3.1971114,7,2.56,0.3,2016-05-15,GraphSAGE,simulated
FOODS_3_568,CA_2,FOODS,14.494247,18,1.0,0.3,2016-05-15,GraphSAGE,simulated
FOODS_3_575,CA_2,FOODS,5.6556115,13,6.72,0.3,2016-05-15,GraphSAGE,simulated
FOODS_3_584,CA_2,FOODS,5.513056,11,1.0,0.3,2016-05-15,GraphSAGE,simulated
FOODS_3_585,CA_2,FOODS,7.51504,5,3.98,0.3,2016-05-15,GraphSAGE,simulated
FOODS_3_606,CA_2,FOODS,16.735096,38,2.88,0.3,2016-05-15,GraphSAGE,simulated
FOODS_3_627,CA_2,FOODS,2.2748759,2,2.88,0.3,2016-05-15,GraphSAGE,simulated
FOODS_3_633,CA_2,FOODS,0.22110026,2,2.88,0.3,2016-05-15,GraphSAGE,simulated
FOODS_3_646,CA_2,FOODS,8.633977,18,2.68,0.3,2016-05-15,GraphSAGE,simulated
FOODS_3_657,CA_2,FOODS,6.4464073,7,3.98,0.3,2016-05-15,GraphSAGE,simulated
FOODS_3_663,CA_2,FOODS,5.483832,9,1.74,0.3,2016-05-15,GraphSAGE,simulated
FOODS_3_679,CA_2,FOODS,9.424685,11,3.88,0.3,2016-05-15,GraphSAGE,simulated
FOODS_3_695,CA_2,FOODS,37.121403,35,3.98,0.3,2016-05-15,GraphSAGE,simulated
FOODS_3_719,CA_2,FOODS,9.870689,16,2.5,0.3,2016-05-15,GraphSAGE,simulated
FOODS_3_731,CA_2,FOODS,11.646178,11,2.98,0.3,2016-05-15,GraphSAGE,simulated
FOODS_3_745,CA_2,FOODS,0.31745955,2,1.94,0.3,2016-05-15,GraphSAGE,simulated
FOODS_3_762,CA_2,FOODS,0.2711082,5,3.27,0.3,2016-05-15,GraphSAGE,simulated
FOODS_3_765,CA_2,FOODS,5.6274905,6,3.0,0.3,2016-05-15,GraphSAGE,simulated
FOODS_3_773,CA_2,FOODS,5.169829,7,4.98,0.3,2016-05-15,GraphSAGE,simulated
FOODS_3_783,CA_2,FOODS,24.091848,28,5.44,0.3,2016-05-15,GraphSAGE,simulated
FOODS_3_790,CA_2,FOODS,20.245264,13,2.48,0.3,2016-05-15,GraphSAGE,simulated
FOODS_3_806,CA_2,FOODS,5.4849863,6,2.56,0.3,2016-05-15,GraphSAGE,simulated
FOODS_3_812,CA_2,FOODS,11.779524,12,2.94,0.3,2016-05-15,GraphSAGE,simulated
FOODS_3_813,CA_2,FOODS,9.217674,10,4.54,0.3,2016-05-15,GraphSAGE,simulated
FOODS_3_819,CA_2,FOODS,11.503947,10,1.98,0.3,2016-05-15,GraphSAGE,simulated
FOODS_3_820,CA_2,FOODS,12.334955,22,1.98,0.3,2016-05-15,GraphSAGE,simulated
FOODS_3_827,CA_2,FOODS,21.25369,41,1.0,0.3,2016-05-15,GraphSAGE,simulated
HOBBIES_1_001,CA_2,HOBBIES,5.696931,12,8.38,0.3,2016-05-15,GraphSAGE,simulated
HOBBIES_1_007,CA_2,HOBBIES,1.3312987,3,7.88,0.3,2016-05-15,GraphSAGE,simulated
HOBBIES_1_008,CA_2,HOBBIES,31.591976,35,0.48,0.3,2016-05-15,GraphSAGE,simulated
HOBBIES_1_022,CA_2,HOBBIES,1.9528066,5,7.18,0.3,2016-05-15,GraphSAGE,simulated
HOBBIES_1_025,CA_2,HOBBIES,5.1508536,4,3.98,0.3,2016-05-15,GraphSAGE,simulated
HOBBIES_1_028,CA_2,HOBBIES,2.4985135,3,7.98,0.3,2016-05-15,GraphSAGE,simulated
HOBBIES_1_033,CA_2,HOBBIES,2.6930993,10,16.86,0.3,2016-05-15,GraphSAGE,simulated
HOBBIES_1_036,CA_2,HOBBIES,2.4480965,3,1.12,0.3,2016-05-15,GraphSAGE,simulated
HOBBIES_1_039,CA_2,HOBBIES,0.48438516,2,5.88,0.3,2016-05-15,GraphSAGE,simulated
HOBBIES_1_042,CA_2,HOBBIES,2.0012343,6,7.83,0.3,2016-05-15,GraphSAGE,simulated
HOBBIES_1_043,CA_2,HOBBIES,13.434436,4,0.7,0.3,2016-05-15,GraphSAGE,simulated
HOBBIES_1_044,CA_2,HOBBIES,1.5031298,2,1.48,0.3,2016-05-15,GraphSAGE,simulated
HOBBIES_1_045,CA_2,HOBBIES,0.94511026,2,10.58,0.3,2016-05-15,GraphSAGE,simulated
HOBBIES_1_051,CA_2,HOBBIES,1.606252,2,5.98,0.3,2016-05-15,GraphSAGE,simulated
HOBBIES_1_053,CA_2,HOBBIES,1.8748106,3,3.97,0.3,2016-05-15,GraphSAGE,simulated
HOBBIES_1_061,CA_2,HOBBIES,1.0196198,2,2.83,0.3,2016-05-15,GraphSAGE,simulated
HOBBIES_1_062,CA_2,HOBBIES,0.4350452,2,0.97,0.3,2016-05-15,GraphSAGE,simulated
HOBBIES_1_063,CA_2,HOBBIES,1.6643229,4,5.47,0.3,2016-05-15,GraphSAGE,simulated
HOBBIES_1_064,CA_2,HOBBIES,8.566852,9,12.44,0.3,2016-05-15,GraphSAGE,simulated
HOBBIES_1_072,CA_2,HOBBIES,2.9949074,5,1.97,0.3,2016-05-15,GraphSAGE,simulated
HOBBIES_1_076,CA_2,HOBBIES,9.221577,4,3.43,0.3,2016-05-15,GraphSAGE,simulated
HOBBIES_1_079,CA_2,HOBBIES,4.100341,5,7.88,0.3,2016-05-15,GraphSAGE,simulated
HOBBIES_1_080,CA_2,HOBBIES,14.766396,16,0.57,0.3,2016-05-15,GraphSAGE,simulated
HOBBIES_1_081,CA_2,HOBBIES,6.1398044,10,14.72,0.3,2016-05-15,GraphSAGE,simulated
HOBBIES_1_082,CA_2,HOBBIES,0.799426,2,3.78,0.3,2016-05-15,GraphSAGE,simulated
HOBBIES_1_084,CA_2,HOBBIES,4.5216956,3,3.94,0.3,2016-05-15,GraphSAGE,simulated
HOBBIES_1_086,CA_2,HOBBIES,5.7527237,10,8.38,0.3,2016-05-15,GraphSAGE,simulated
HOBBIES_1_087,CA_2,HOBBIES,1.5015582,3,12.88,0.3,2016-05-15,GraphSAGE,simulated
HOBBIES_1_092,CA_2,HOBBIES,1.1554846,5,2.38,0.3,2016-05-15,GraphSAGE,simulated
HOBBIES_1_094,CA_2,HOBBIES,2.3092556,6,12.97,0.3,2016-05-15,GraphSAGE,simulated
HOBBIES_1_095,CA_2,HOBBIES,0.7797746,2,7.68,0.3,2016-05-15,GraphSAGE,simulated
HOBBIES_1_097,CA_2,HOBBIES,2.449365,4,4.24,0.3,2016-05-15,GraphSAGE,simulated
HOBBIES_1_099,CA_2,HOBBIES,8.661937,7,13.98,0.3,2016-05-15,GraphSAGE,simulated
HOBBIES_1_104,CA_2,HOBBIES,3.279497,7,23.98,0.3,2016-05-15,GraphSAGE,simulated
HOBBIES_1_105,CA_2,HOBBIES,3.5852103,8,6.68,0.3,2016-05-15,GraphSAGE,simulated
HOBBIES_1_108,CA_2,HOBBIES,4.6917744,8,12.98,0.3,2016-05-15,GraphSAGE,simulated
HOBBIES_1_112,CA_2,HOBBIES,0.2734608,6,2.72,0.3,2016-05-15,GraphSAGE,simulated
HOBBIES_1_114,CA_2,HOBBIES,1.0765938,2,5.97,0.3,2016-05-15,GraphSAGE,simulated
HOBBIES_1_120,CA_2,HOBBIES,2.920592,7,10.98,0.3,2016-05-15,GraphSAGE,simulated
HOBBIES_1_121,CA_2,HOBBIES,2.3592148,3,1.12,0.3,2016-05-15,GraphSAGE,simulated
HOBBIES_1_127,CA_2,HOBBIES,3.282886,4,1.22,0.3,2016-05-15,GraphSAGE,simulated
HOBBIES_1_128,CA_2,HOBBIES,1.1114872,3,8.77,0.3,2016-05-15,GraphSAGE,simulated
HOBBIES_1_130,CA_2,HOBBIES,9.624403,12,2.73,0.3,2016-05-15,GraphSAGE,simulated
HOBBIES_1_133,CA_2,HOBBIES,1.2220633,3,12.44,0.3,2016-05-15,GraphSAGE,simulated
HOBBIES_1_135,CA_2,HOBBIES,1.2384223,3,20.38,0.3,2016-05-15,GraphSAGE,simulated
HOBBIES_1_136,CA_2,HOBBIES,0.73536366,5,4.88,0.3,2016-05-15,GraphSAGE,simulated
HOBBIES_1_139,CA_2,HOBBIES,6.8812695,8,2.74,0.3,2016-05-15,GraphSAGE,simulated
HOBBIES_1_144,CA_2,HOBBIES,2.4423506,2,11.28,0.3,2016-05-15,GraphSAGE,simulated
HOBBIES_1_145,CA_2,HOBBIES,2.4225814,5,1.28,0.3,2016-05-15,GraphSAGE,simulated
HOBBIES_1_150,CA_2,HOBBIES,5.1427875,14,1.77,0.3,2016-05-15,GraphSAGE,simulated
HOBBIES_1_152,CA_2,HOBBIES,2.6447842,3,4.86,0.3,2016-05-15,GraphSAGE,simulated
HOBBIES_1_154,CA_2,HOBBIES,5.5151834,8,2.88,0.3,2016-05-15,GraphSAGE,simulated
HOBBIES_1_155,CA_2,HOBBIES,7.764218,12,18.98,0.3,2016-05-15,GraphSAGE,simulated
HOBBIES_1_158,CA_2,HOBBIES,6.7724586,9,22.98,0.3,2016-05-15,GraphSAGE,simulated
HOBBIES_1_160,CA_2,HOBBIES,2.0112674,3,19.96,0.3,2016-05-15,GraphSAGE,simulated
HOBBIES_1_161,CA_2,HOBBIES,4.664703,8,0.7,0.3,2016-05-15,GraphSAGE,simulated
HOBBIES_1_165,CA_2,HOBBIES,1.173694,3,4.97,0.3,2016-05-15,GraphSAGE,simulated
HOBBIES_1_167,CA_2,HOBBIES,5.300445,12,0.68,0.3,2016-05-15,GraphSAGE,simulated
HOBBIES_1_171,CA_2,HOBBIES,2.1247303,5,2.88,0.3,2016-05-15,GraphSAGE,simulated
HOBBIES_1_175,CA_2,HOBBIES,0.5805871,4,1.97,0.3,2016-05-15,GraphSAGE,simulated
HOBBIES_1_176,CA_2,HOBBIES,0.97070444,2,5.94,0.3,2016-05-15,GraphSAGE,simulated
HOBBIES_1_185,CA_2,HOBBIES,3.399549,6,3.24,0.3,2016-05-15,GraphSAGE,simulated
HOBBIES_1_187,CA_2,HOBBIES,3.798766,7,7.0,0.3,2016-05-15,GraphSAGE,simulated
HOBBIES_1_191,CA_2,HOBBIES,1.8059158,4,8.97,0.3,2016-05-15,GraphSAGE,simulated
HOBBIES_1_194,CA_2,HOBBIES,9.165746,9,2.88,0.3,2016-05-15,GraphSAGE,simulated
HOBBIES_1_197,CA_2,HOBBIES,1.7120368,5,12.84,0.3,2016-05-15,GraphSAGE,simulated
HOBBIES_1_198,CA_2,HOBBIES,9.334358,17,8.38,0.3,2016-05-15,GraphSAGE,simulated
HOBBIES_1_203,CA_2,HOBBIES,2.865651,5,12.98,0.3,2016-05-15,GraphSAGE,simulated
HOBBIES_1_206,CA_2,HOBBIES,5.581092,7,2.72,0.3,2016-05-15,GraphSAGE,simulated
HOBBIES_1_207,CA_2,HOBBIES,1.4680727,3,2.78,0.3,2016-05-15,GraphSAGE,simulated
HOBBIES_1_209,CA_2,HOBBIES,22.057848,29,0.7,0.3,2016-05-15,GraphSAGE,simulated
HOBBIES_1_213,CA_2,HOBBIES,5.827606,6,8.38,0.3,2016-05-15,GraphSAGE,simulated
HOBBIES_1_217,CA_2,HOBBIES,0.47122037,2,3.47,0.3,2016-05-15,GraphSAGE,simulated
HOBBIES_1_218,CA_2,HOBBIES,1.1382474,3,10.58,0.3,2016-05-15,GraphSAGE,simulated
HOBBIES_1_221,CA_2,HOBBIES,1.1878138,2,2.97,0.3,2016-05-15,GraphSAGE,simulated
HOBBIES_1_225,CA_2,HOBBIES,1.9409388,3,29.96,0.3,2016-05-15,GraphSAGE,simulated
HOBBIES_1_226,CA_2,HOBBIES,5.4785814,5,13.98,0.3,2016-05-15,GraphSAGE,simulated
HOBBIES_1_233,CA_2,HOBBIES,21.005585,21,0.7,0.3,2016-05-15,GraphSAGE,simulated
HOBBIES_1_237,CA_2,HOBBIES,3.594033,3,7.98,0.3,2016-05-15,GraphSAGE,simulated
HOBBIES_1_239,CA_2,HOBBIES,2.12712,4,2.97,0.3,2016-05-15,GraphSAGE,simulated
HOBBIES_1_243,CA_2,HOBBIES,2.2452958,3,13.88,0.3,2016-05-15,GraphSAGE,simulated
HOBBIES_1_245,CA_2,HOBBIES,2.0713782,8,4.97,0.3,2016-05-15,GraphSAGE,simulated
HOBBIES_1_246,CA_2,HOBBIES,3.1321998,9,10.98,0.3,2016-05-15,GraphSAGE,simulated
HOBBIES_1_248,CA_2,HOBBIES,10.004852,14,0.94,0.3,2016-05-15,GraphSAGE,simulated
HOBBIES_1_251,CA_2,HOBBIES,2.6534653,5,15.83,0.3,2016-05-15,GraphSAGE,simulated
HOBBIES_1_252,CA_2,HOBBIES,5.2829247,6,0.68,0.3,2016-05-15,GraphSAGE,simulated
HOBBIES_1_253,CA_2,HOBBIES,3.3503811,6,11.98,0.3,2016-05-15,GraphSAGE,simulated
HOBBIES_1_254,CA_2,HOBBIES,40.92817,55,0.7,0.3,2016-05-15,GraphSAGE,simulated
HOBBIES_1_256,CA_2,HOBBIES,27.576073,23,0.48,0.3,2016-05-15,GraphSAGE,simulated
HOBBIES_1_260,CA_2,HOBBIES,2.7768006,6,12.44,0.3,2016-05-15,GraphSAGE,simulated
HOBBIES_1_261,CA_2,HOBBIES,30.624008,32,0.48,0.3,2016-05-15,GraphSAGE,simulated
HOBBIES_1_262,CA_2,HOBBIES,4.4173236,8,8.98,0.3,2016-05-15,GraphSAGE,simulated
HOBBIES_1_264,CA_2,HOBBIES,2.4819171,5,4.47,0.3,2016-05-15,GraphSAGE,simulated
HOBBIES_1_267,CA_2,HOBBIES,0.14010477,2,2.88,0.3,2016-05-15,GraphSAGE,simulated
HOBBIES_1_268,CA_2,HOBBIES,36.522377,73,0.48,0.3,2016-05-15,GraphSAGE,simulated
HOBBIES_1_275,CA_2,HOBBIES,1.4159045,3,12.88,0.3,2016-05-15,GraphSAGE,simulated
HOBBIES_1_277,CA_2,HOBBIES,6.4344172,7,1.77,0.3,2016-05-15,GraphSAGE,simulated
HOBBIES_1_282,CA_2,HOBBIES,6.9529347,6,3.98,0.3,2016-05-15,GraphSAGE,simulated
HOBBIES_1_287,CA_2,HOBBIES,4.114471,5,5.76,0.3,2016-05-15,GraphSAGE,simulated
HOBBIES_1_289,CA_2,HOBBIES,0.5678781,2,4.97,0.3,2016-05-15,GraphSAGE,simulated
HOBBIES_1_290,CA_2,HOBBIES,1.2034748,4,5.77,0.3,2016-05-15,GraphSAGE,simulated
HOBBIES_1_294,CA_2,HOBBIES,0.9971382,3,3.88,0.3,2016-05-15,GraphSAGE,simulated
HOBBIES_1_298,CA_2,HOBBIES,3.8493886,5,3.94,0.3,2016-05-15,GraphSAGE,simulated
HOBBIES_1_300,CA_2,HOBBIES,6.496082,10,9.83,0.3,2016-05-15,GraphSAGE,simulated
HOBBIES_1_305,CA_2,HOBBIES,0.59510183,2,2.87,0.3,2016-05-15,GraphSAGE,simulated
HOBBIES_1_310,CA_2,HOBBIES,1.8361864,2,5.72,0.3,2016-05-15,GraphSAGE,simulated
HOBBIES_1_311,CA_2,HOBBIES,2.1100938,5,17.98,0.3,2016-05-15,GraphSAGE,simulated
HOBBIES_1_312,CA_2,HOBBIES,32.35623,17,0.57,0.3,2016-05-15,GraphSAGE,simulated
HOBBIES_1_315,CA_2,HOBBIES,0.75340736,4,4.97,0.3,2016-05-15,GraphSAGE,simulated
HOBBIES_1_317,CA_2,HOBBIES,3.1808662,4,7.98,0.3,2016-05-15,GraphSAGE,simulated
HOBBIES_1_322,CA_2,HOBBIES,1.3014265,3,3.97,0.3,2016-05-15,GraphSAGE,simulated
HOBBIES_1_326,CA_2,HOBBIES,2.7267156,10,1.97,0.3,2016-05-15,GraphSAGE,simulated
HOBBIES_1_327,CA_2,HOBBIES,2.1423726,3,7.88,0.3,2016-05-15,GraphSAGE,simulated
HOBBIES_1_331,CA_2,HOBBIES,2.71054,9,0.94,0.3,2016-05-15,GraphSAGE,simulated
HOBBIES_1_332,CA_2,HOBBIES,4.9418674,5,7.88,0.3,2016-05-15,GraphSAGE,simulated
HOBBIES_1_333,CA_2,HOBBIES,4.0608935,9,4.97,0.3,2016-05-15,GraphSAGE,simulated
HOBBIES_1_335,CA_2,HOBBIES,0.5167329,3,11.96,0.3,2016-05-15,GraphSAGE,simulated
HOBBIES_1_338,CA_2,HOBBIES,6.4116116,5,8.98,0.3,2016-05-15,GraphSAGE,simulated
HOBBIES_1_340,CA_2,HOBBIES,1.6557118,4,6.97,0.3,2016-05-15,GraphSAGE,simulated
HOBBIES_1_341,CA_2,HOBBIES,31.329605,29,0.48,0.3,2016-05-15,GraphSAGE,simulated
HOBBIES_1_344,CA_2,HOBBIES,3.4059963,3,11.78,0.3,2016-05-15,GraphSAGE,simulated
HOBBIES_1_345,CA_2,HOBBIES,5.154737,13,7.88,0.3,2016-05-15,GraphSAGE,simulated
HOBBIES_1_346,CA_2,HOBBIES,2.5707045,10,3.97,0.3,2016-05-15,GraphSAGE,simulated
HOBBIES_1_350,CA_2,HOBBIES,2.5774918,5,2.98,0.3,2016-05-15,GraphSAGE,simulated
HOBBIES_1_353,CA_2,HOBBIES,24.630745,23,1.08,0.3,2016-05-15,GraphSAGE,simulated
HOBBIES_1_354,CA_2,HOBBIES,21.991098,24,22.98,0.3,2016-05-15,GraphSAGE,simulated
HOBBIES_1_359,CA_2,HOBBIES,1.4293449,3,1.47,0.3,2016-05-15,GraphSAGE,simulated
HOBBIES_1_365,CA_2,HOBBIES,1.0629686,3,3.97,0.3,2016-05-15,GraphSAGE,simulated
HOBBIES_1_366,CA_2,HOBBIES,1.5526122,2,3.97,0.3,2016-05-15,GraphSAGE,simulated
HOBBIES_1_368,CA_2,HOBBIES,2.064585,3,4.22,0.3,2016-05-15,GraphSAGE,simulated
HOBBIES_1_370,CA_2,HOBBIES,38.923904,42,0.48,0.3,2016-05-15,GraphSAGE,simulated
HOBBIES_1_371,CA_2,HOBBIES,32.682674,24,0.48,0.3,2016-05-15,GraphSAGE,simulated
HOBBIES_1_373,CA_2,HOBBIES,5.094253,7,14.72,0.3,2016-05-15,GraphSAGE,simulated
HOBBIES_1_376,CA_2,HOBBIES,1.3770847,3,16.86,0.3,2016-05-15,GraphSAGE,simulated
HOBBIES_1_378,CA_2,HOBBIES,3.7814834,11,3.24,0.3,2016-05-15,GraphSAGE,simulated
HOBBIES_1_381,CA_2,HOBBIES,16.27061,25,0.7,0.3,2016-05-15,GraphSAGE,simulated
HOBBIES_1_382,CA_2,HOBBIES,5.5779243,15,1.97,0.3,2016-05-15,GraphSAGE,simulated
HOBBIES_1_387,CA_2,HOBBIES,33.991657,35,1.08,0.3,2016-05-15,GraphSAGE,simulated
HOBBIES_1_392,CA_2,HOBBIES,4.918115,13,12.98,0.3,2016-05-15,GraphSAGE,simulated
HOBBIES_1_396,CA_2,HOBBIES,0.27347156,2,1.88,0.3,2016-05-15,GraphSAGE,simulated
HOBBIES_1_401,CA_2,HOBBIES,2.3891087,4,1.97,0.3,2016-05-15,GraphSAGE,simulated
HOBBIES_1_402,CA_2,HOBBIES,0.87363577,5,9.94,0.3,2016-05-15,GraphSAGE,simulated
HOBBIES_1_409,CA_2,HOBBIES,3.1756563,3,5.76,0.3,2016-05-15,GraphSAGE,simulated
HOBBIES_1_412,CA_2,HOBBIES,5.119525,6,1.98,0.3,2016-05-15,GraphSAGE,simulated
HOBBIES_1_415,CA_2,HOBBIES,4.9728737,6,6.68,0.3,2016-05-15,GraphSAGE,simulated
HOBBIES_1_416,CA_2,HOBBIES,5.152412,6,4.97,0.3,2016-05-15,GraphSAGE,simulated
HOBBIES_1_418,CA_2,HOBBIES,2.7792852,4,3.98,0.3,2016-05-15,GraphSAGE,simulated
HOBBIES_1_419,CA_2,HOBBIES,0.97626865,5,5.98,0.3,2016-05-15,GraphSAGE,simulated
HOBBIES_1_420,CA_2,HOBBIES,4.9022527,5,5.74,0.3,2016-05-15,GraphSAGE,simulated
HOBBIES_1_421,CA_2,HOBBIES,5.90224,5,8.38,0.3,2016-05-15,GraphSAGE,simulated
HOBBIES_1_423,CA_2,HOBBIES,5.3890543,6,7.78,0.3,2016-05-15,GraphSAGE,simulated
HOBBIES_2_006,CA_2,HOBBIES,0.7552446,2,3.97,0.3,2016-05-15,GraphSAGE,simulated
HOBBIES_2_016,CA_2,HOBBIES,0.31417474,2,4.97,0.3,2016-05-15,GraphSAGE,simulated
HOBBIES_2_017,CA_2,HOBBIES,0.8334922,3,0.5,0.3,2016-05-15,GraphSAGE,simulated
HOBBIES_2_019,CA_2,HOBBIES,0.21482566,2,3.37,0.3,2016-05-15,GraphSAGE,simulated
HOBBIES_2_020,CA_2,HOBBIES,0.9434393,3,3.88,0.3,2016-05-15,GraphSAGE,simulated
HOBBIES_2_025,CA_2,HOBBIES,0.5601078,2,0.5,0.3,2016-05-15,GraphSAGE,simulated
HOBBIES_2_027,CA_2,HOBBIES,1.5001409,4,1.97,0.3,2016-05-15,GraphSAGE,simulated
HOBBIES_2_028,CA_2,HOBBIES,3.0094306,8,0.88,0.3,2016-05-15,GraphSAGE,simulated
HOBBIES_2_030,CA_2,HOBBIES,0.27738944,2,0.97,0.3,2016-05-15,GraphSAGE,simulated
HOBBIES_2_031,CA_2,HOBBIES,1.805177,7,6.97,0.3,2016-05-15,GraphSAGE,simulated
HOBBIES_2_033,CA_2,HOBBIES,10.043461,7,2.88,0.3,2016-05-15,GraphSAGE,simulated
HOBBIES_2_035,CA_2,HOBBIES,1.505014,5,4.47,0.3,2016-05-15,GraphSAGE,simulated
HOBBIES_2_037,CA_2,HOBBIES,0.7021138,2,0.97,0.3,2016-05-15,GraphSAGE,simulated
HOBBIES_2_038,CA_2,HOBBIES,2.6256866,6,0.97,0.3,2016-05-15,GraphSAGE,simulated
HOBBIES_2_039,CA_2,HOBBIES,0.57056063,2,4.97,0.3,2016-05-15,GraphSAGE,simulated
HOBBIES_2_043,CA_2,HOBBIES,8.355163,6,0.97,0.3,2016-05-15,GraphSAGE,simulated
HOBBIES_2_044,CA_2,HOBBIES,1.0068986,2,4.47,0.3,2016-05-15,GraphSAGE,simulated
HOBBIES_2_048,CA_2,HOBBIES,0.6350886,2,2.88,0.3,2016-05-15,GraphSAGE,simulated
HOBBIES_2_049,CA_2,HOBBIES,1.0637933,3,2.5,0.3,2016-05-15,GraphSAGE,simulated
HOBBIES_2_050,CA_2,HOBBIES,1.5252974,5,1.97,0.3,2016-05-15,GraphSAGE,simulated
HOBBIES_2_052,CA_2,HOBBIES,1.1549009,3,2.47,0.3,2016-05-15,GraphSAGE,simulated
HOBBIES_2_055,CA_2,HOBBIES,0.7619225,3,2.5,0.3,2016-05-15,GraphSAGE,simulated
HOBBIES_2_063,CA_2,HOBBIES,0.23859349,2,0.97,0.3,2016-05-15,GraphSAGE,simulated
HOBBIES_2_066,CA_2,HOBBIES,0.5238001,3,4.97,0.3,2016-05-15,GraphSAGE,simulated
HOBBIES_2_068,CA_2,HOBBIES,1.5067899,4,1.97,0.3,2016-05-15,GraphSAGE,simulated
HOBBIES_2_070,CA_2,HOBBIES,0.5570066,2,9.97,0.3,2016-05-15,GraphSAGE,simulated
HOBBIES_2_073,CA_2,HOBBIES,1.1063416,6,0.5,0.3,2016-05-15,GraphSAGE,simulated
HOBBIES_2_077,CA_2,HOBBIES,0.9729732,2,9.97,0.3,2016-05-15,GraphSAGE,simulated
HOBBIES_2_081,CA_2,HOBBIES,2.193344,5,1.97,0.3,2016-05-15,GraphSAGE,simulated
HOBBIES_2_088,CA_2,HOBBIES,1.8564438,5,2.77,0.3,2016-05-15,GraphSAGE,simulated
HOBBIES_2_090,CA_2,HOBBIES,1.4498755,6,1.77,0.3,2016-05-15,GraphSAGE,simulated
HOBBIES_2_092,CA_2,HOBBIES,1.5039965,8,4.97,0.3,2016-05-15,GraphSAGE,simulated
HOBBIES_2_093,CA_2,HOBBIES,1.9266956,6,1.97,0.3,2016-05-15,GraphSAGE,simulated
HOBBIES_2_094,CA_2,HOBBIES,2.6217449,4,1.97,0.3,2016-05-15,GraphSAGE,simulated
HOBBIES_2_099,CA_2,HOBBIES,0.35724902,2,0.97,0.3,2016-05-15,GraphSAGE,simulated
HOBBIES_2_100,CA_2,HOBBIES,2.0847495,3,0.88,0.3,2016-05-15,GraphSAGE,simulated
HOBBIES_2_101,CA_2,HOBBIES,0.89375246,2,0.5,0.3,2016-05-15,GraphSAGE,simulated
HOBBIES_2_109,CA_2,HOBBIES,2.234216,5,0.97,0.3,2016-05-15,GraphSAGE,simulated
HOBBIES_2_110,CA_2,HOBBIES,0.9240698,8,5.97,0.3,2016-05-15,GraphSAGE,simulated
HOBBIES_2_111,CA_2,HOBBIES,0.78870505,2,3.97,0.3,2016-05-15,GraphSAGE,simulated
HOBBIES_2_115,CA_2,HOBBIES,4.266147,11,2.47,0.3,2016-05-15,GraphSAGE,simulated
HOBBIES_2_116,CA_2,HOBBIES,1.757097,3,2.97,0.3,2016-05-15,GraphSAGE,simulated
HOBBIES_2_121,CA_2,HOBBIES,16.087584,15,0.97,0.3,2016-05-15,GraphSAGE,simulated
HOBBIES_2_134,CA_2,HOBBIES,0.19902937,2,4.97,0.3,2016-05-15,GraphSAGE,simulated
HOBBIES_2_139,CA_2,HOBBIES,1.7324415,3,4.97,0.3,2016-05-15,GraphSAGE,simulated
HOBBIES_2_141,CA_2,HOBBIES,1.3353239,2,0.5,0.3,2016-05-15,GraphSAGE,simulated
HOBBIES_2_144,CA_2,HOBBIES,1.7755628,4,0.5,0.3,2016-05-15,GraphSAGE,simulated
HOBBIES_2_145,CA_2,HOBBIES,0.5842163,2,2.88,0.3,2016-05-15,GraphSAGE,simulated
HOBBIES_2_146,CA_2,HOBBIES,1.5466915,4,1.97,0.3,2016-05-15,GraphSAGE,simulated
HOUSEHOLD_1_004,CA_2,HOUSEHOLD,22.229145,14,2.36,0.3,2016-05-15,GraphSAGE,simulated
HOUSEHOLD_1_013,CA_2,HOUSEHOLD,4.9332447,8,4.94,0.3,2016-05-15,GraphSAGE,simulated
HOUSEHOLD_1_018,CA_2,HOUSEHOLD,6.809469,8,9.97,0.3,2016-05-15,GraphSAGE,simulated
HOUSEHOLD_1_032,CA_2,HOUSEHOLD,56.74603,44,9.98,0.3,2016-05-15,GraphSAGE,simulated
HOUSEHOLD_1_039,CA_2,HOUSEHOLD,11.41072,7,2.97,0.3,2016-05-15,GraphSAGE,simulated
HOUSEHOLD_1_044,CA_2,HOUSEHOLD,3.218048,4,17.97,0.3,2016-05-15,GraphSAGE,simulated
HOUSEHOLD_1_049,CA_2,HOUSEHOLD,5.211128,9,5.97,0.3,2016-05-15,GraphSAGE,simulated
HOUSEHOLD_1_072,CA_2,HOUSEHOLD,19.38507,17,7.98,0.3,2016-05-15,GraphSAGE,simulated
HOUSEHOLD_1_078,CA_2,HOUSEHOLD,9.004567,14,2.84,0.3,2016-05-15,GraphSAGE,simulated
HOUSEHOLD_1_080,CA_2,HOUSEHOLD,4.718661,5,10.47,0.3,2016-05-15,GraphSAGE,simulated
HOUSEHOLD_1_081,CA_2,HOUSEHOLD,3.5493746,4,7.98,0.3,2016-05-15,GraphSAGE,simulated
HOUSEHOLD_1_090,CA_2,HOUSEHOLD,11.278522,21,2.96,0.3,2016-05-15,GraphSAGE,simulated
HOUSEHOLD_1_099,CA_2,HOUSEHOLD,14.680985,12,2.37,0.3,2016-05-15,GraphSAGE,simulated
HOUSEHOLD_1_110,CA_2,HOUSEHOLD,59.384693,109,3.97,0.3,2016-05-15,GraphSAGE,simulated
HOUSEHOLD_1_114,CA_2,HOUSEHOLD,20.526495,25,0.97,0.3,2016-05-15,GraphSAGE,simulated
HOUSEHOLD_1_119,CA_2,HOUSEHOLD,9.950802,6,3.74,0.3,2016-05-15,GraphSAGE,simulated
HOUSEHOLD_1_126,CA_2,HOUSEHOLD,2.586069,7,8.96,0.3,2016-05-15,GraphSAGE,simulated
HOUSEHOLD_1_128,CA_2,HOUSEHOLD,15.595437,18,2.67,0.3,2016-05-15,GraphSAGE,simulated
HOUSEHOLD_1_129,CA_2,HOUSEHOLD,14.312964,8,3.88,0.3,2016-05-15,GraphSAGE,simulated
HOUSEHOLD_1_132,CA_2,HOUSEHOLD,20.781275,27,1.97,0.3,2016-05-15,GraphSAGE,simulated
HOUSEHOLD_1_149,CA_2,HOUSEHOLD,16.158846,26,0.97,0.3,2016-05-15,GraphSAGE,simulated
HOUSEHOLD_1_154,CA_2,HOUSEHOLD,6.9744925,9,2.96,0.3,2016-05-15,GraphSAGE,simulated
HOUSEHOLD_1_165,CA_2,HOUSEHOLD,4.603319,5,17.97,0.3,2016-05-15,GraphSAGE,simulated
HOUSEHOLD_1_170,CA_2,HOUSEHOLD,6.655052,5,1.98,0.3,2016-05-15,GraphSAGE,simulated
HOUSEHOLD_1_171,CA_2,HOUSEHOLD,7.542036,14,8.97,0.3,2016-05-15,GraphSAGE,simulated
HOUSEHOLD_1_173,CA_2,HOUSEHOLD,25.646832,23,0.97,0.3,2016-05-15,GraphSAGE,simulated
HOUSEHOLD_1_193,CA_2,HOUSEHOLD,18.723024,31,2.42,0.3,2016-05-15,GraphSAGE,simulated
HOUSEHOLD_1_198,CA_2,HOUSEHOLD,35.220917,33,0.97,0.3,2016-05-15,GraphSAGE,simulated
HOUSEHOLD_1_201,CA_2,HOUSEHOLD,6.7780094,9,4.84,0.3,2016-05-15,GraphSAGE,simulated
HOUSEHOLD_1_230,CA_2,HOUSEHOLD,2.7102406,3,3.28,0.3,2016-05-15,GraphSAGE,simulated
HOUSEHOLD_1_232,CA_2,HOUSEHOLD,4.684202,9,4.23,0.3,2016-05-15,GraphSAGE,simulated
HOUSEHOLD_1_236,CA_2,HOUSEHOLD,37.013042,58,2.47,0.3,2016-05-15,GraphSAGE,simulated
HOUSEHOLD_1_242,CA_2,HOUSEHOLD,2.4339578,3,4.88,0.3,2016-05-15,GraphSAGE,simulated
HOUSEHOLD_1_249,CA_2,HOUSEHOLD,19.263884,27,7.97,0.3,2016-05-15,GraphSAGE,simulated
HOUSEHOLD_1_253,CA_2,HOUSEHOLD,0.30121765,2,3.47,0.3,2016-05-15,GraphSAGE,simulated
HOUSEHOLD_1_278,CA_2,HOUSEHOLD,6.158029,13,5.97,0.3,2016-05-15,GraphSAGE,simulated
HOUSEHOLD_1_279,CA_2,HOUSEHOLD,6.6035624,9,0.97,0.3,2016-05-15,GraphSAGE,simulated
HOUSEHOLD_1_288,CA_2,HOUSEHOLD,1.729956,4,7.93,0.3,2016-05-15,GraphSAGE,simulated
HOUSEHOLD_1_289,CA_2,HOUSEHOLD,13.409401,13,5.22,0.3,2016-05-15,GraphSAGE,simulated
HOUSEHOLD_1_298,CA_2,HOUSEHOLD,12.663663,17,3.72,0.3,2016-05-15,GraphSAGE,simulated
HOUSEHOLD_1_302,CA_2,HOUSEHOLD,0.8758331,2,8.0,0.3,2016-05-15,GraphSAGE,simulated
HOUSEHOLD_1_304,CA_2,HOUSEHOLD,17.173218,18,2.36,0.3,2016-05-15,GraphSAGE,simulated
HOUSEHOLD_1_311,CA_2,HOUSEHOLD,18.64648,22,3.88,0.3,2016-05-15,GraphSAGE,simulated
HOUSEHOLD_1_317,CA_2,HOUSEHOLD,5.010939,3,1.96,0.3,2016-05-15,GraphSAGE,simulated
HOUSEHOLD_1_319,CA_2,HOUSEHOLD,16.884348,12,1.94,0.3,2016-05-15,GraphSAGE,simulated
HOUSEHOLD_1_321,CA_2,HOUSEHOLD,9.319704,10,2.97,0.3,2016-05-15,GraphSAGE,simulated
HOUSEHOLD_1_334,CA_2,HOUSEHOLD,44.37814,37,0.97,0.3,2016-05-15,GraphSAGE,simulated
HOUSEHOLD_1_345,CA_2,HOUSEHOLD,10.79651,26,4.22,0.3,2016-05-15,GraphSAGE,simulated
HOUSEHOLD_1_348,CA_2,HOUSEHOLD,22.80831,41,1.86,0.3,2016-05-15,GraphSAGE,simulated
HOUSEHOLD_1_362,CA_2,HOUSEHOLD,4.5321097,4,7.97,0.3,2016-05-15,GraphSAGE,simulated
HOUSEHOLD_1_368,CA_2,HOUSEHOLD,4.8157773,8,7.98,0.3,2016-05-15,GraphSAGE,simulated
HOUSEHOLD_1_371,CA_2,HOUSEHOLD,7.9149995,8,4.94,0.3,2016-05-15,GraphSAGE,simulated
HOUSEHOLD_1_376,CA_2,HOUSEHOLD,9.933077,13,5.44,0.3,2016-05-15,GraphSAGE,simulated
HOUSEHOLD_1_377,CA_2,HOUSEHOLD,2.6994934,4,8.96,0.3,2016-05-15,GraphSAGE,simulated
HOUSEHOLD_1_378,CA_2,HOUSEHOLD,2.8028796,4,21.78,0.3,2016-05-15,GraphSAGE,simulated
HOUSEHOLD_1_379,CA_2,HOUSEHOLD,5.3555727,22,0.97,0.3,2016-05-15,GraphSAGE,simulated
HOUSEHOLD_1_383,CA_2,HOUSEHOLD,7.4766,12,3.48,0.3,2016-05-15,GraphSAGE,simulated
HOUSEHOLD_1_395,CA_2,HOUSEHOLD,1.7779802,3,4.88,0.3,2016-05-15,GraphSAGE,simulated
HOUSEHOLD_1_396,CA_2,HOUSEHOLD,4.9242387,5,3.97,0.3,2016-05-15,GraphSAGE,simulated
HOUSEHOLD_1_397,CA_2,HOUSEHOLD,6.73693,13,2.78,0.3,2016-05-15,GraphSAGE,simulated
HOUSEHOLD_1_401,CA_2,HOUSEHOLD,1.3599999,5,9.47,0.3,2016-05-15,GraphSAGE,simulated
HOUSEHOLD_1_407,CA_2,HOUSEHOLD,10.924586,22,5.24,0.3,2016-05-15,GraphSAGE,simulated
HOUSEHOLD_1_411,CA_2,HOUSEHOLD,21.076845,18,3.28,0.3,2016-05-15,GraphSAGE,simulated
HOUSEHOLD_1_413,CA_2,HOUSEHOLD,18.54644,27,17.97,0.3,2016-05-15,GraphSAGE,simulated
HOUSEHOLD_1_414,CA_2,HOUSEHOLD,17.672235,23,0.98,0.3,2016-05-15,GraphSAGE,simulated
HOUSEHOLD_1_422,CA_2,HOUSEHOLD,5.434581,12,3.62,0.3,2016-05-15,GraphSAGE,simulated
HOUSEHOLD_1_424,CA_2,HOUSEHOLD,2.219169,5,2.97,0.3,2016-05-15,GraphSAGE,simulated
HOUSEHOLD_1_427,CA_2,HOUSEHOLD,0.15642361,2,4.96,0.3,2016-05-15,GraphSAGE,simulated
HOUSEHOLD_1_438,CA_2,HOUSEHOLD,15.265036,10,7.33,0.3,2016-05-15,GraphSAGE,simulated
HOUSEHOLD_1_441,CA_2,HOUSEHOLD,8.749401,16,2.77,0.3,2016-05-15,GraphSAGE,simulated
HOUSEHOLD_1_447,CA_2,HOUSEHOLD,22.861917,35,0.97,0.3,2016-05-15,GraphSAGE,simulated
HOUSEHOLD_1_468,CA_2,HOUSEHOLD,5.855209,6,4.98,0.3,2016-05-15,GraphSAGE,simulated
HOUSEHOLD_1_470,CA_2,HOUSEHOLD,2.4473872,7,2.98,0.3,2016-05-15,GraphSAGE,simulated
HOUSEHOLD_1_475,CA_2,HOUSEHOLD,4.090336,9,2.67,0.3,2016-05-15,GraphSAGE,simulated
HOUSEHOLD_1_484,CA_2,HOUSEHOLD,3.7656195,6,9.97,0.3,2016-05-15,GraphSAGE,simulated
HOUSEHOLD_1_493,CA_2,HOUSEHOLD,2.436802,6,2.87,0.3,2016-05-15,GraphSAGE,simulated
HOUSEHOLD_1_499,CA_2,HOUSEHOLD,4.3279705,5,3.88,0.3,2016-05-15,GraphSAGE,simulated
HOUSEHOLD_1_500,CA_2,HOUSEHOLD,2.6542647,4,4.44,0.3,2016-05-15,GraphSAGE,simulated
HOUSEHOLD_1_501,CA_2,HOUSEHOLD,2.460235,7,3.96,0.3,2016-05-15,GraphSAGE,simulated
HOUSEHOLD_1_505,CA_2,HOUSEHOLD,23.662209,19,2.47,0.3,2016-05-15,GraphSAGE,simulated
HOUSEHOLD_1_506,CA_2,HOUSEHOLD,21.67634,20,3.88,0.3,2016-05-15,GraphSAGE,simulated
HOUSEHOLD_1_512,CA_2,HOUSEHOLD,2.8621075,2,1.87,0.3,2016-05-15,GraphSAGE,simulated
HOUSEHOLD_1_513,CA_2,HOUSEHOLD,6.862813,15,9.97,0.3,2016-05-15,GraphSAGE,simulated
HOUSEHOLD_1_517,CA_2,HOUSEHOLD,40.50224,72,0.88,0.3,2016-05-15,GraphSAGE,simulated
HOUSEHOLD_1_519,CA_2,HOUSEHOLD,4.046358,11,4.88,0.3,2016-05-15,GraphSAGE,simulated
HOUSEHOLD_1_522,CA_2,HOUSEHOLD,8.517493,6,1.73,0.3,2016-05-15,GraphSAGE,simulated
HOUSEHOLD_1_526,CA_2,HOUSEHOLD,3.3250659,7,4.94,0.3,2016-05-15,GraphSAGE,simulated
HOUSEHOLD_1_531,CA_2,HOUSEHOLD,3.222369,8,7.93,0.3,2016-05-15,GraphSAGE,simulated
HOUSEHOLD_1_532,CA_2,HOUSEHOLD,11.109419,8,2.48,0.3,2016-05-15,GraphSAGE,simulated
HOUSEHOLD_1_539,CA_2,HOUSEHOLD,18.069794,20,3.97,0.3,2016-05-15,GraphSAGE,simulated
HOUSEHOLD_1_541,CA_2,HOUSEHOLD,2.2532692,3,5.97,0.3,2016-05-15,GraphSAGE,simulated
HOUSEHOLD_2_012,CA_2,HOUSEHOLD,4.637871,11,4.78,0.3,2016-05-15,GraphSAGE,simulated
HOUSEHOLD_2_016,CA_2,HOUSEHOLD,7.1964164,10,1.62,0.3,2016-05-15,GraphSAGE,simulated
HOUSEHOLD_2_017,CA_2,HOUSEHOLD,1.7137548,4,3.72,0.3,2016-05-15,GraphSAGE,simulated
HOUSEHOLD_2_019,CA_2,HOUSEHOLD,1.9727615,6,9.47,0.3,2016-05-15,GraphSAGE,simulated
HOUSEHOLD_2_021,CA_2,HOUSEHOLD,2.5342295,5,4.47,0.3,2016-05-15,GraphSAGE,simulated
HOUSEHOLD_2_022,CA_2,HOUSEHOLD,5.7531643,6,5.64,0.3,2016-05-15,GraphSAGE,simulated
HOUSEHOLD_2_024,CA_2,HOUSEHOLD,6.328976,10,2.22,0.3,2016-05-15,GraphSAGE,simulated
HOUSEHOLD_2_028,CA_2,HOUSEHOLD,0.89419514,2,5.94,0.3,2016-05-15,GraphSAGE,simulated
HOUSEHOLD_2_047,CA_2,HOUSEHOLD,0.3283253,2,3.67,0.3,2016-05-15,GraphSAGE,simulated
HOUSEHOLD_2_052,CA_2,HOUSEHOLD,4.182013,5,4.97,0.3,2016-05-15,GraphSAGE,simulated
HOUSEHOLD_2_062,CA_2,HOUSEHOLD,2.6725588,5,2.94,0.3,2016-05-15,GraphSAGE,simulated
HOUSEHOLD_2_078,CA_2,HOUSEHOLD,3.4886801,7,5.84,0.3,2016-05-15,GraphSAGE,simulated
HOUSEHOLD_2_081,CA_2,HOUSEHOLD,6.9883804,13,2.57,0.3,2016-05-15,GraphSAGE,simulated
HOUSEHOLD_2_087,CA_2,HOUSEHOLD,0.53261715,2,7.94,0.3,2016-05-15,GraphSAGE,simulated
HOUSEHOLD_2_094,CA_2,HOUSEHOLD,0.7324752,2,5.94,0.3,2016-05-15,GraphSAGE,simulated
HOUSEHOLD_2_095,CA_2,HOUSEHOLD,2.8921402,5,6.47,0.3,2016-05-15,GraphSAGE,simulated
HOUSEHOLD_2_096,CA_2,HOUSEHOLD,5.660387,7,3.47,0.3,2016-05-15,GraphSAGE,simulated
HOUSEHOLD_2_104,CA_2,HOUSEHOLD,1.7050772,6,4.97,0.3,2016-05-15,GraphSAGE,simulated
HOUSEHOLD_2_109,CA_2,HOUSEHOLD,8.175314,13,3.87,0.3,2016-05-15,GraphSAGE,simulated
HOUSEHOLD_2_116,CA_2,HOUSEHOLD,2.0398765,5,5.64,0.3,2016-05-15,GraphSAGE,simulated
HOUSEHOLD_2_118,CA_2,HOUSEHOLD,4.602225,3,3.42,0.3,2016-05-15,GraphSAGE,simulated
HOUSEHOLD_2_120,CA_2,HOUSEHOLD,3.1510646,6,7.94,0.3,2016-05-15,GraphSAGE,simulated
HOUSEHOLD_2_127,CA_2,HOUSEHOLD,1.8208649,6,5.73,0.3,2016-05-15,GraphSAGE,simulated
HOUSEHOLD_2_128,CA_2,HOUSEHOLD,1.4561346,9,5.94,0.3,2016-05-15,GraphSAGE,simulated
HOUSEHOLD_2_135,CA_2,HOUSEHOLD,5.893895,4,9.98,0.3,2016-05-15,GraphSAGE,simulated
HOUSEHOLD_2_141,CA_2,HOUSEHOLD,0.5087133,3,4.98,0.3,2016-05-15,GraphSAGE,simulated
HOUSEHOLD_2_147,CA_2,HOUSEHOLD,0.44971728,3,3.97,0.3,2016-05-15,GraphSAGE,simulated
HOUSEHOLD_2_148,CA_2,HOUSEHOLD,1.7600275,5,5.94,0.3,2016-05-15,GraphSAGE,simulated
HOUSEHOLD_2_153,CA_2,HOUSEHOLD,10.304747,19,9.94,0.3,2016-05-15,GraphSAGE,simulated
HOUSEHOLD_2_156,CA_2,HOUSEHOLD,0.5782665,2,7.43,0.3,2016-05-15,GraphSAGE,simulated
HOUSEHOLD_2_158,CA_2,HOUSEHOLD,1.9529202,4,11.47,0.3,2016-05-15,GraphSAGE,simulated
HOUSEHOLD_2_162,CA_2,HOUSEHOLD,0.58422714,6,3.97,0.3,2016-05-15,GraphSAGE,simulated
HOUSEHOLD_2_176,CA_2,HOUSEHOLD,37.705673,31,4.97,0.3,2016-05-15,GraphSAGE,simulated
HOUSEHOLD_2_180,CA_2,HOUSEHOLD,5.8366013,13,2.84,0.3,2016-05-15,GraphSAGE,simulated
HOUSEHOLD_2_184,CA_2,HOUSEHOLD,8.462604,15,1.97,0.3,2016-05-15,GraphSAGE,simulated
HOUSEHOLD_2_187,CA_2,HOUSEHOLD,4.7425942,8,3.33,0.3,2016-05-15,GraphSAGE,simulated
HOUSEHOLD_2_197,CA_2,HOUSEHOLD,8.305869,10,3.97,0.3,2016-05-15,GraphSAGE,simulated
HOUSEHOLD_2_199,CA_2,HOUSEHOLD,12.277974,19,3.93,0.3,2016-05-15,GraphSAGE,simulated
HOUSEHOLD_2_203,CA_2,HOUSEHOLD,3.5084674,6,2.97,0.3,2016-05-15,GraphSAGE,simulated
HOUSEHOLD_2_208,CA_2,HOUSEHOLD,3.659829,11,12.97,0.3,2016-05-15,GraphSAGE,simulated
HOUSEHOLD_2_211,CA_2,HOUSEHOLD,1.2336433,3,19.98,0.3,2016-05-15,GraphSAGE,simulated
HOUSEHOLD_2_214,CA_2,HOUSEHOLD,1.6174564,3,6.94,0.3,2016-05-15,GraphSAGE,simulated
HOUSEHOLD_2_219,CA_2,HOUSEHOLD,5.7757125,4,3.48,0.3,2016-05-15,GraphSAGE,simulated
HOUSEHOLD_2_226,CA_2,HOUSEHOLD,3.5965607,5,6.97,0.3,2016-05-15,GraphSAGE,simulated
HOUSEHOLD_2_229,CA_2,HOUSEHOLD,4.755928,13,4.78,0.3,2016-05-15,GraphSAGE,simulated
HOUSEHOLD_2_237,CA_2,HOUSEHOLD,1.2516563,4,5.94,0.3,2016-05-15,GraphSAGE,simulated
HOUSEHOLD_2_243,CA_2,HOUSEHOLD,1.251835,3,2.97,0.3,2016-05-15,GraphSAGE,simulated
HOUSEHOLD_2_246,CA_2,HOUSEHOLD,2.3824875,4,7.87,0.3,2016-05-15,GraphSAGE,simulated
HOUSEHOLD_2_249,CA_2,HOUSEHOLD,2.3116536,7,8.64,0.3,2016-05-15,GraphSAGE,simulated
HOUSEHOLD_2_253,CA_2,HOUSEHOLD,1.1696179,3,5.97,0.3,2016-05-15,GraphSAGE,simulated
HOUSEHOLD_2_256,CA_2,HOUSEHOLD,2.1149645,2,5.94,0.3,2016-05-15,GraphSAGE,simulated
HOUSEHOLD_2_258,CA_2,HOUSEHOLD,1.009432,6,3.97,0.3,2016-05-15,GraphSAGE,simulated
HOUSEHOLD_2_272,CA_2,HOUSEHOLD,4.3093853,11,5.47,0.3,2016-05-15,GraphSAGE,simulated
HOUSEHOLD_2_273,CA_2,HOUSEHOLD,7.5922117,7,5.24,0.3,2016-05-15,GraphSAGE,simulated
HOUSEHOLD_2_278,CA_2,HOUSEHOLD,0.31629425,2,10.98,0.3,2016-05-15,GraphSAGE,simulated
HOUSEHOLD_2_281,CA_2,HOUSEHOLD,2.2921543,6,5.27,0.3,2016-05-15,GraphSAGE,simulated
HOUSEHOLD_2_285,CA_2,HOUSEHOLD,2.8781147,7,4.67,0.3,2016-05-15,GraphSAGE,simulated
HOUSEHOLD_2_297,CA_2,HOUSEHOLD,4.7955036,10,6.54,0.3,2016-05-15,GraphSAGE,simulated
HOUSEHOLD_2_299,CA_2,HOUSEHOLD,1.2479473,2,1.23,0.3,2016-05-15,GraphSAGE,simulated
HOUSEHOLD_2_300,CA_2,HOUSEHOLD,1.1870452,3,7.97,0.3,2016-05-15,GraphSAGE,simulated
HOUSEHOLD_2_305,CA_2,HOUSEHOLD,3.5642383,9,5.47,0.3,2016-05-15,GraphSAGE,simulated
HOUSEHOLD_2_308,CA_2,HOUSEHOLD,2.399672,4,3.94,0.3,2016-05-15,GraphSAGE,simulated
HOUSEHOLD_2_309,CA_2,HOUSEHOLD,0.9814445,3,2.46,0.3,2016-05-15,GraphSAGE,simulated
HOUSEHOLD_2_310,CA_2,HOUSEHOLD,3.9253502,5,1.42,0.3,2016-05-15,GraphSAGE,simulated
HOUSEHOLD_2_312,CA_2,HOUSEHOLD,13.822415,12,3.97,0.3,2016-05-15,GraphSAGE,simulated
HOUSEHOLD_2_313,CA_2,HOUSEHOLD,9.532611,5,1.97,0.3,2016-05-15,GraphSAGE,simulated
HOUSEHOLD_2_333,CA_2,HOUSEHOLD,1.3997588,3,4.98,0.3,2016-05-15,GraphSAGE,simulated
HOUSEHOLD_2_335,CA_2,HOUSEHOLD,14.8403845,29,6.24,0.3,2016-05-15,GraphSAGE,simulated
HOUSEHOLD_2_344,CA_2,HOUSEHOLD,10.83173,16,5.74,0.3,2016-05-15,GraphSAGE,simulated
HOUSEHOLD_2_346,CA_2,HOUSEHOLD,11.013367,7,3.33,0.3,2016-05-15,GraphSAGE,simulated
HOUSEHOLD_2_353,CA_2,HOUSEHOLD,6.8062,11,4.78,0.3,2016-05-15,GraphSAGE,simulated
HOUSEHOLD_2_354,CA_2,HOUSEHOLD,3.3527815,14,0.97,0.3,2016-05-15,GraphSAGE,simulated
HOUSEHOLD_2_361,CA_2,HOUSEHOLD,2.3755844,5,6.94,0.3,2016-05-15,GraphSAGE,simulated
HOUSEHOLD_2_363,CA_2,HOUSEHOLD,0.93590254,2,5.98,0.3,2016-05-15,GraphSAGE,simulated
HOUSEHOLD_2_365,CA_2,HOUSEHOLD,1.5235008,6,4.87,0.3,2016-05-15,GraphSAGE,simulated
HOUSEHOLD_2_374,CA_2,HOUSEHOLD,6.612338,18,2.98,0.3,2016-05-15,GraphSAGE,simulated
HOUSEHOLD_2_378,CA_2,HOUSEHOLD,1.764813,7,6.98,0.3,2016-05-15,GraphSAGE,simulated
HOUSEHOLD_2_383,CA_2,HOUSEHOLD,2.7290354,9,3.88,0.3,2016-05-15,GraphSAGE,simulated
HOUSEHOLD_2_385,CA_2,HOUSEHOLD,0.273692,2,7.47,0.3,2016-05-15,GraphSAGE,simulated
HOUSEHOLD_2_393,CA_2,HOUSEHOLD,0.7554891,5,5.88,0.3,2016-05-15,GraphSAGE,simulated
HOUSEHOLD_2_394,CA_2,HOUSEHOLD,3.129217,9,6.27,0.3,2016-05-15,GraphSAGE,simulated
HOUSEHOLD_2_399,CA_2,HOUSEHOLD,6.1544347,13,2.67,0.3,2016-05-15,GraphSAGE,simulated
HOUSEHOLD_2_400,CA_2,HOUSEHOLD,1.9515162,2,3.88,0.3,2016-05-15,GraphSAGE,simulated
HOUSEHOLD_2_409,CA_2,HOUSEHOLD,7.556526,11,3.93,0.3,2016-05-15,GraphSAGE,simulated
HOUSEHOLD_2_414,CA_2,HOUSEHOLD,9.780462,20,5.74,0.3,2016-05-15,GraphSAGE,simulated
HOUSEHOLD_2_415,CA_2,HOUSEHOLD,1.3893507,4,2.46,0.3,2016-05-15,GraphSAGE,simulated
HOUSEHOLD_2_417,CA_2,HOUSEHOLD,2.0862656,4,3.97,0.3,2016-05-15,GraphSAGE,simulated
HOUSEHOLD_2_418,CA_2,HOUSEHOLD,2.4072084,6,2.78,0.3,2016-05-15,GraphSAGE,simulated
HOUSEHOLD_2_423,CA_2,HOUSEHOLD,8.827518,16,3.87,0.3,2016-05-15,GraphSAGE,simulated
HOUSEHOLD_2_426,CA_2,HOUSEHOLD,3.6573668,10,4.37,0.3,2016-05-15,GraphSAGE,simulated
HOUSEHOLD_2_427,CA_2,HOUSEHOLD,9.88131,8,3.48,0.3,2016-05-15,GraphSAGE,simulated
HOUSEHOLD_2_435,CA_2,HOUSEHOLD,2.750417,3,5.97,0.3,2016-05-15,GraphSAGE,simulated
HOUSEHOLD_2_438,CA_2,HOUSEHOLD,7.176125,9,8.87,0.3,2016-05-15,GraphSAGE,simulated
HOUSEHOLD_2_439,CA_2,HOUSEHOLD,15.616777,13,5.84,0.3,2016-05-15,GraphSAGE,simulated
HOUSEHOLD_2_444,CA_2,HOUSEHOLD,1.8918066,3,5.97,0.3,2016-05-15,GraphSAGE,simulated
HOUSEHOLD_2_452,CA_2,HOUSEHOLD,5.331541,13,5.94,0.3,2016-05-15,GraphSAGE,simulated
HOUSEHOLD_2_465,CA_2,HOUSEHOLD,7.4861054,11,7.54,0.3,2016-05-15,GraphSAGE,simulated
HOUSEHOLD_2_470,CA_2,HOUSEHOLD,8.441008,10,0.88,0.3,2016-05-15,GraphSAGE,simulated
HOUSEHOLD_2_476,CA_2,HOUSEHOLD,2.0307922,2,3.97,0.3,2016-05-15,GraphSAGE,simulated
HOUSEHOLD_2_478,CA_2,HOUSEHOLD,0.84481657,3,4.94,0.3,2016-05-15,GraphSAGE,simulated
HOUSEHOLD_2_480,CA_2,HOUSEHOLD,5.5523767,12,5.24,0.3,2016-05-15,GraphSAGE,simulated
HOUSEHOLD_2_481,CA_2,HOUSEHOLD,0.84523636,8,7.97,0.3,2016-05-15,GraphSAGE,simulated
HOUSEHOLD_2_483,CA_2,HOUSEHOLD,14.6911955,29,4.97,0.3,2016-05-15,GraphSAGE,simulated
HOUSEHOLD_2_487,CA_2,HOUSEHOLD,0.88671833,5,9.98,0.3,2016-05-15,GraphSAGE,simulated
HOUSEHOLD_2_491,CA_2,HOUSEHOLD,0.5001356,2,6.96,0.3,2016-05-15,GraphSAGE,simulated
HOUSEHOLD_2_499,CA_2,HOUSEHOLD,33.992416,24,1.97,0.3,2016-05-15,GraphSAGE,simulated
HOUSEHOLD_2_500,CA_2,HOUSEHOLD,3.2910151,7,5.84,0.3,2016-05-15,GraphSAGE,simulated
HOUSEHOLD_2_501,CA_2,HOUSEHOLD,3.143414,5,7.97,0.3,2016-05-15,GraphSAGE,simulated
HOUSEHOLD_2_513,CA_2,HOUSEHOLD,3.290397,4,2.78,0.3,2016-05-15,GraphSAGE,simulated
FOODS_1_011,TX_1,FOODS,3.7993603,3,2.68,0.3,2016-05-15,GraphSAGE,simulated
FOODS_1_033,TX_1,FOODS,1.4944206,3,6.27,0.3,2016-05-15,GraphSAGE,simulated
FOODS_1_044,TX_1,FOODS,3.8252249,9,2.98,0.3,2016-05-15,GraphSAGE,simulated
FOODS_1_050,TX_1,FOODS,1.7950782,3,5.98,0.3,2016-05-15,GraphSAGE,simulated
FOODS_1_052,TX_1,FOODS,4.0468717,5,0.98,0.3,2016-05-15,GraphSAGE,simulated
FOODS_1_058,TX_1,FOODS,22.260666,12,1.96,0.3,2016-05-15,GraphSAGE,simulated
FOODS_1_082,TX_1,FOODS,0.21022645,2,0.94,0.3,2016-05-15,GraphSAGE,simulated
FOODS_1_083,TX_1,FOODS,1.3741547,2,2.0,0.3,2016-05-15,GraphSAGE,simulated
FOODS_1_089,TX_1,FOODS,0.6033642,2,3.48,0.3,2016-05-15,GraphSAGE,simulated
FOODS_1_102,TX_1,FOODS,3.5133212,6,1.78,0.3,2016-05-15,GraphSAGE,simulated
FOODS_1_109,TX_1,FOODS,3.741794,3,2.24,0.3,2016-05-15,GraphSAGE,simulated
FOODS_1_111,TX_1,FOODS,2.2699025,5,5.98,0.3,2016-05-15,GraphSAGE,simulated
FOODS_1_113,TX_1,FOODS,12.790979,13,0.94,0.3,2016-05-15,GraphSAGE,simulated
FOODS_1_120,TX_1,FOODS,6.196583,14,1.5,0.3,2016-05-15,GraphSAGE,simulated
FOODS_1_127,TX_1,FOODS,5.216818,8,2.12,0.3,2016-05-15,GraphSAGE,simulated
FOODS_1_128,TX_1,FOODS,0.7984858,2,4.27,0.3,2016-05-15,GraphSAGE,simulated
FOODS_1_129,TX_1,FOODS,49.091366,38,6.38,0.3,2016-05-15,GraphSAGE,simulated
FOODS_1_131,TX_1,FOODS,1.8174663,6,2.78,0.3,2016-05-15,GraphSAGE,simulated
FOODS_1_152,TX_1,FOODS,4.8163085,10,8.58,0.3,2016-05-15,GraphSAGE,simulated
FOODS_1_158,TX_1,FOODS,1.5748035,4,4.68,0.3,2016-05-15,GraphSAGE,simulated
FOODS_1_163,TX_1,FOODS,5.492165,4,0.94,0.3,2016-05-15,GraphSAGE,simulated
FOODS_1_173,TX_1,FOODS,0.24710892,2,2.0,0.3,2016-05-15,GraphSAGE,simulated
FOODS_1_174,TX_1,FOODS,2.6577816,10,5.28,0.3,2016-05-15,GraphSAGE,simulated
FOODS_1_180,TX_1,FOODS,2.20153,2,9.97,0.3,2016-05-15,GraphSAGE,simulated
FOODS_1_190,TX_1,FOODS,9.00677,4,0.94,0.3,2016-05-15,GraphSAGE,simulated
FOODS_1_193,TX_1,FOODS,7.4121304,16,5.37,0.3,2016-05-15,GraphSAGE,simulated
FOODS_1_203,TX_1,FOODS,2.638588,6,2.24,0.3,2016-05-15,GraphSAGE,simulated
FOODS_1_215,TX_1,FOODS,0.17702371,2,1.84,0.3,2016-05-15,GraphSAGE,simulated
FOODS_1_216,TX_1,FOODS,3.7382169,3,5.28,0.3,2016-05-15,GraphSAGE,simulated
FOODS_2_001,TX_1,FOODS,8.859278,9,1.78,0.3,2016-05-15,GraphSAGE,simulated
FOODS_2_013,TX_1,FOODS,25.7208,18,1.78,0.3,2016-05-15,GraphSAGE,simulated
FOODS_2_015,TX_1,FOODS,2.8550339,4,2.36,0.3,2016-05-15,GraphSAGE,simulated
FOODS_2_019,TX_1,FOODS,11.399224,13,2.98,0.3,2016-05-15,GraphSAGE,simulated
FOODS_2_021,TX_1,FOODS,17.731443,16,0.94,0.3,2016-05-15,GraphSAGE,simulated
FOODS_2_033,TX_1,FOODS,12.464886,10,2.38,0.3,2016-05-15,GraphSAGE,simulated
FOODS_2_035,TX_1,FOODS,12.5573845,10,5.0,0.3,2016-05-15,GraphSAGE,simulated
FOODS_2_036,TX_1,FOODS,17.607439,18,3.5,0.3,2016-05-15,GraphSAGE,simulated
FOODS_2_052,TX_1,FOODS,5.1688895,7,13.97,0.3,2016-05-15,GraphSAGE,simulated
FOODS_2_073,TX_1,FOODS,0.29520705,2,5.74,0.3,2016-05-15,GraphSAGE,simulated
FOODS_2_080,TX_1,FOODS,32.452305,22,2.18,0.3,2016-05-15,GraphSAGE,simulated
FOODS_2_083,TX_1,FOODS,3.8975012,9,6.72,0.3,2016-05-15,GraphSAGE,simulated
FOODS_2_105,TX_1,FOODS,2.2235467,4,3.44,0.3,2016-05-15,GraphSAGE,simulated
FOODS_2_110,TX_1,FOODS,3.664114,6,2.28,0.3,2016-05-15,GraphSAGE,simulated
FOODS_2_118,TX_1,FOODS,9.044719,7,2.83,0.3,2016-05-15,GraphSAGE,simulated
FOODS_2_126,TX_1,FOODS,1.018523,2,4.88,0.3,2016-05-15,GraphSAGE,simulated
FOODS_2_139,TX_1,FOODS,5.945561,5,2.98,0.3,2016-05-15,GraphSAGE,simulated
FOODS_2_159,TX_1,FOODS,1.4502084,5,3.97,0.3,2016-05-15,GraphSAGE,simulated
FOODS_2_167,TX_1,FOODS,4.758658,3,2.5,0.3,2016-05-15,GraphSAGE,simulated
FOODS_2_170,TX_1,FOODS,8.973334,13,2.83,0.3,2016-05-15,GraphSAGE,simulated
FOODS_2_176,TX_1,FOODS,2.284648,6,2.98,0.3,2016-05-15,GraphSAGE,simulated
FOODS_2_194,TX_1,FOODS,14.703182,13,6.72,0.3,2016-05-15,GraphSAGE,simulated
FOODS_2_199,TX_1,FOODS,17.02132,11,0.84,0.3,2016-05-15,GraphSAGE,simulated
FOODS_2_203,TX_1,FOODS,1.2671127,3,3.62,0.3,2016-05-15,GraphSAGE,simulated
FOODS_2_210,TX_1,FOODS,2.0067146,5,3.74,0.3,2016-05-15,GraphSAGE,simulated
FOODS_2_216,TX_1,FOODS,3.561427,6,5.96,0.3,2016-05-15,GraphSAGE,simulated
FOODS_2_219,TX_1,FOODS,2.807435,6,2.5,0.3,2016-05-15,GraphSAGE,simulated
FOODS_2_236,TX_1,FOODS,13.984584,21,2.98,0.3,2016-05-15,GraphSAGE,simulated
FOODS_2_240,TX_1,FOODS,11.180349,23,2.18,0.3,2016-05-15,GraphSAGE,simulated
FOODS_2_252,TX_1,FOODS,0.58963794,3,3.78,0.3,2016-05-15,GraphSAGE,simulated
FOODS_2_255,TX_1,FOODS,5.5669575,12,2.0,0.3,2016-05-15,GraphSAGE,simulated
FOODS_2_256,TX_1,FOODS,1.3946654,3,6.36,0.3,2016-05-15,GraphSAGE,simulated
FOODS_2_262,TX_1,FOODS,2.7160227,3,2.0,0.3,2016-05-15,GraphSAGE,simulated
FOODS_2_264,TX_1,FOODS,2.4368293,4,3.97,0.3,2016-05-15,GraphSAGE,simulated
FOODS_2_269,TX_1,FOODS,3.1868005,9,2.5,0.3,2016-05-15,GraphSAGE,simulated
FOODS_2_272,TX_1,FOODS,3.7156906,4,1.87,0.3,2016-05-15,GraphSAGE,simulated
FOODS_2_277,TX_1,FOODS,2.5347779,5,1.28,0.3,2016-05-15,GraphSAGE,simulated
FOODS_2_294,TX_1,FOODS,14.19852,7,1.0,0.3,2016-05-15,GraphSAGE,simulated
FOODS_2_301,TX_1,FOODS,3.7858176,5,2.98,0.3,2016-05-15,GraphSAGE,simulated
FOODS_2_303,TX_1,FOODS,1.4932489,5,2.18,0.3,2016-05-15,GraphSAGE,simulated
FOODS_2_320,TX_1,FOODS,7.311006,5,1.86,0.3,2016-05-15,GraphSAGE,simulated
FOODS_2_323,TX_1,FOODS,3.0608728,12,3.97,0.3,2016-05-15,GraphSAGE,simulated
FOODS_2_328,TX_1,FOODS,3.649973,4,4.42,0.3,2016-05-15,GraphSAGE,simulated
FOODS_2_330,TX_1,FOODS,1.5098517,3,3.76,0.3,2016-05-15,GraphSAGE,simulated
FOODS_2_347,TX_1,FOODS,43.29597,57,1.78,0.3,2016-05-15,GraphSAGE,simulated
FOODS_2_350,TX_1,FOODS,1.9820405,4,4.74,0.3,2016-05-15,GraphSAGE,simulated
FOODS_2_352,TX_1,FOODS,19.115313,27,9.98,0.3,2016-05-15,GraphSAGE,simulated
FOODS_2_355,TX_1,FOODS,3.8350258,8,2.36,0.3,2016-05-15,GraphSAGE,simulated
FOODS_2_357,TX_1,FOODS,10.740165,4,1.78,0.3,2016-05-15,GraphSAGE,simulated
FOODS_2_358,TX_1,FOODS,1.9367511,5,2.5,0.3,2016-05-15,GraphSAGE,simulated
FOODS_2_362,TX_1,FOODS,0.73151517,3,6.98,0.3,2016-05-15,GraphSAGE,simulated
FOODS_2_363,TX_1,FOODS,2.4557433,3,2.5,0.3,2016-05-15,GraphSAGE,simulated
FOODS_2_371,TX_1,FOODS,23.328697,20,1.78,0.3,2016-05-15,GraphSAGE,simulated
FOODS_2_382,TX_1,FOODS,7.913586,10,3.88,0.3,2016-05-15,GraphSAGE,simulated
FOODS_2_387,TX_1,FOODS,3.0611076,8,12.97,0.3,2016-05-15,GraphSAGE,simulated
FOODS_2_388,TX_1,FOODS,8.4108095,11,2.98,0.3,2016-05-15,GraphSAGE,simulated
FOODS_2_390,TX_1,FOODS,1.3852941,5,7.16,0.3,2016-05-15,GraphSAGE,simulated
FOODS_2_392,TX_1,FOODS,2.8203588,5,4.98,0.3,2016-05-15,GraphSAGE,simulated
FOODS_2_399,TX_1,FOODS,5.5954742,7,2.0,0.3,2016-05-15,GraphSAGE,simulated
FOODS_3_006,TX_1,FOODS,4.390748,7,7.88,0.3,2016-05-15,GraphSAGE,simulated
FOODS_3_011,TX_1,FOODS,3.0116498,3,1.88,0.3,2016-05-15,GraphSAGE,simulated
FOODS_3_016,TX_1,FOODS,3.1987538,6,2.98,0.3,2016-05-15,GraphSAGE,simulated
FOODS_3_021,TX_1,FOODS,5.6738377,8,1.99,0.3,2016-05-15,GraphSAGE,simulated
FOODS_3_028,TX_1,FOODS,5.276505,10,3.88,0.3,2016-05-15,GraphSAGE,simulated
FOODS_3_030,TX_1,FOODS,63.221317,53,1.25,0.3,2016-05-15,GraphSAGE,simulated
FOODS_3_039,TX_1,FOODS,11.5173235,10,3.98,0.3,2016-05-15,GraphSAGE,simulated
FOODS_3_044,TX_1,FOODS,1.660727,2,2.88,0.3,2016-05-15,GraphSAGE,simulated
FOODS_3_071,TX_1,FOODS,21.028017,15,1.34,0.3,2016-05-15,GraphSAGE,simulated
FOODS_3_078,TX_1,FOODS,0.69650465,2,2.97,0.3,2016-05-15,GraphSAGE,simulated
FOODS_3_092,TX_1,FOODS,1.4047931,2,3.98,0.3,2016-05-15,GraphSAGE,simulated
FOODS_3_093,TX_1,FOODS,38.01814,32,1.88,0.3,2016-05-15,GraphSAGE,simulated
FOODS_3_094,TX_1,FOODS,11.256772,7,2.98,0.3,2016-05-15,GraphSAGE,simulated
FOODS_3_095,TX_1,FOODS,4.007544,7,4.98,0.3,2016-05-15,GraphSAGE,simulated
FOODS_3_097,TX_1,FOODS,7.1095114,12,2.24,0.3,2016-05-15,GraphSAGE,simulated
FOODS_3_130,TX_1,FOODS,2.3179631,4,2.68,0.3,2016-05-15,GraphSAGE,simulated
FOODS_3_138,TX_1,FOODS,10.278466,14,1.98,0.3,2016-05-15,GraphSAGE,simulated
FOODS_3_145,TX_1,FOODS,0.7434022,3,2.98,0.3,2016-05-15,GraphSAGE,simulated
FOODS_3_154,TX_1,FOODS,17.646652,20,2.98,0.3,2016-05-15,GraphSAGE,simulated
FOODS_3_157,TX_1,FOODS,4.229489,6,3.32,0.3,2016-05-15,GraphSAGE,simulated
FOODS_3_158,TX_1,FOODS,1.3784914,3,5.98,0.3,2016-05-15,GraphSAGE,simulated
FOODS_3_161,TX_1,FOODS,1.264936,3,1.98,0.3,2016-05-15,GraphSAGE,simulated
FOODS_3_165,TX_1,FOODS,0.5281019,2,3.27,0.3,2016-05-15,GraphSAGE,simulated
FOODS_3_172,TX_1,FOODS,20.144104,43,1.78,0.3,2016-05-15,GraphSAGE,simulated
FOODS_3_194,TX_1,FOODS,2.565238,4,2.98,0.3,2016-05-15,GraphSAGE,simulated
FOODS_3_199,TX_1,FOODS,5.8471084,6,2.56,0.3,2016-05-15,GraphSAGE,simulated
FOODS_3_201,TX_1,FOODS,14.627651,6,2.56,0.3,2016-05-15,GraphSAGE,simulated
FOODS_3_216,TX_1,FOODS,1.1334333,3,2.56,0.3,2016-05-15,GraphSAGE,simulated
FOODS_3_220,TX_1,FOODS,0.6652752,2,2.98,0.3,2016-05-15,GraphSAGE,simulated
FOODS_3_238,TX_1,FOODS,12.247036,11,3.27,0.3,2016-05-15,GraphSAGE,simulated
FOODS_3_255,TX_1,FOODS,1.3632878,6,3.98,0.3,2016-05-15,GraphSAGE,simulated
FOODS_3_256,TX_1,FOODS,0.18038638,2,2.56,0.3,2016-05-15,GraphSAGE,simulated
FOODS_3_259,TX_1,FOODS,12.962049,16,1.78,0.3,2016-05-15,GraphSAGE,simulated
FOODS_3_270,TX_1,FOODS,1.3136686,3,2.98,0.3,2016-05-15,GraphSAGE,simulated
FOODS_3_273,TX_1,FOODS,2.8583026,5,2.24,0.3,2016-05-15,GraphSAGE,simulated
FOODS_3_278,TX_1,FOODS,4.8581743,8,1.0,0.3,2016-05-15,GraphSAGE,simulated
FOODS_3_282,TX_1,FOODS,94.447174,106,2.56,0.3,2016-05-15,GraphSAGE,simulated
FOODS_3_284,TX_1,FOODS,4.2222667,6,1.98,0.3,2016-05-15,GraphSAGE,simulated
FOODS_3_286,TX_1,FOODS,3.7599723,5,3.98,0.3,2016-05-15,GraphSAGE,simulated
FOODS_3_288,TX_1,FOODS,76.24811,91,1.5,0.3,2016-05-15,GraphSAGE,simulated
FOODS_3_296,TX_1,FOODS,6.5747294,8,2.0,0.3,2016-05-15,GraphSAGE,simulated
FOODS_3_299,TX_1,FOODS,18.31062,11,1.5,0.3,2016-05-15,GraphSAGE,simulated
FOODS_3_307,TX_1,FOODS,10.75467,16,3.98,0.3,2016-05-15,GraphSAGE,simulated
FOODS_3_310,TX_1,FOODS,5.8066783,7,1.0,0.3,2016-05-15,GraphSAGE,simulated
FOODS_3_314,TX_1,FOODS,1.8501734,3,2.18,0.3,2016-05-15,GraphSAGE,simulated
FOODS_3_317,TX_1,FOODS,4.163084,11,0.94,0.3,2016-05-15,GraphSAGE,simulated
FOODS_3_337,TX_1,FOODS,0.85534996,2,3.98,0.3,2016-05-15,GraphSAGE,simulated
FOODS_3_340,TX_1,FOODS,3.4279425,5,3.32,0.3,2016-05-15,GraphSAGE,simulated
FOODS_3_346,TX_1,FOODS,13.5918045,10,1.98,0.3,2016-05-15,GraphSAGE,simulated
FOODS_3_351,TX_1,FOODS,19.270617,25,0.94,0.3,2016-05-15,GraphSAGE,simulated
FOODS_3_355,TX_1,FOODS,12.534158,13,0.94,0.3,2016-05-15,GraphSAGE,simulated
FOODS_3_357,TX_1,FOODS,1.7115755,4,3.64,0.3,2016-05-15,GraphSAGE,simulated
FOODS_3_364,TX_1,FOODS,0.9988836,2,2.78,0.3,2016-05-15,GraphSAGE,simulated
FOODS_3_366,TX_1,FOODS,1.2472352,2,1.74,0.3,2016-05-15,GraphSAGE,simulated
FOODS_3_371,TX_1,FOODS,4.7162447,8,2.5,0.3,2016-05-15,GraphSAGE,simulated
FOODS_3_372,TX_1,FOODS,29.084166,38,3.28,0.3,2016-05-15,GraphSAGE,simulated
FOODS_3_374,TX_1,FOODS,1.7935852,5,2.56,0.3,2016-05-15,GraphSAGE,simulated
FOODS_3_377,TX_1,FOODS,118.36684,106,1.68,0.3,2016-05-15,GraphSAGE,simulated
FOODS_3_389,TX_1,FOODS,109.85099,108,1.68,0.3,2016-05-15,GraphSAGE,simulated
FOODS_3_401,TX_1,FOODS,1.9458039,3,1.98,0.3,2016-05-15,GraphSAGE,simulated
FOODS_3_406,TX_1,FOODS,34.513145,30,0.8,0.3,2016-05-15,GraphSAGE,simulated
FOODS_3_407,TX_1,FOODS,19.180012,15,2.98,0.3,2016-05-15,GraphSAGE,simulated
FOODS_3_428,TX_1,FOODS,1.3249048,3,1.98,0.3,2016-05-15,GraphSAGE,simulated
FOODS_3_432,TX_1,FOODS,14.600269,23,3.98,0.3,2016-05-15,GraphSAGE,simulated
FOODS_3_436,TX_1,FOODS,4.23204,10,0.99,0.3,2016-05-15,GraphSAGE,simulated
FOODS_3_441,TX_1,FOODS,0.22130902,2,6.98,0.3,2016-05-15,GraphSAGE,simulated
FOODS_3_442,TX_1,FOODS,0.22262187,2,2.48,0.3,2016-05-15,GraphSAGE,simulated
FOODS_3_443,TX_1,FOODS,1.832424,3,0.99,0.3,2016-05-15,GraphSAGE,simulated
FOODS_3_444,TX_1,FOODS,144.70279,169,6.98,0.3,2016-05-15,GraphSAGE,simulated
FOODS_3_455,TX_1,FOODS,88.789894,108,2.48,0.3,2016-05-15,GraphSAGE,simulated
FOODS_3_457,TX_1,FOODS,1.6096379,3,0.99,0.3,2016-05-15,GraphSAGE,simulated
FOODS_3_466,TX_1,FOODS,0.5291147,2,3.78,0.3,2016-05-15,GraphSAGE,simulated
FOODS_3_475,TX_1,FOODS,4.850825,3,1.0,0.3,2016-05-15,GraphSAGE,simulated
FOODS_3_478,TX_1,FOODS,4.5376654,12,1.74,0.3,2016-05-15,GraphSAGE,simulated
FOODS_3_481,TX_1,FOODS,2.0224767,3,3.88,0.3,2016-05-15,GraphSAGE,simulated
FOODS_3_483,TX_1,FOODS,5.5323043,6,2.98,0.3,2016-05-15,GraphSAGE,simulated
FOODS_3_487,TX_1,FOODS,16.328152,20,1.68,0.3,2016-05-15,GraphSAGE,simulated
FOODS_3_492,TX_1,FOODS,5.59838,6,2.98,0.3,2016-05-15,GraphSAGE,simulated
FOODS_3_502,TX_1,FOODS,10.285257,10,2.56,0.3,2016-05-15,GraphSAGE,simulated
FOODS_3_507,TX_1,FOODS,0.9303818,2,1.98,0.3,2016-05-15,GraphSAGE,simulated
FOODS_3_517,TX_1,FOODS,2.3619025,3,2.94,0.3,2016-05-15,GraphSAGE,simulated
FOODS_3_526,TX_1,FOODS,35.77256,52,1.98,0.3,2016-05-15,GraphSAGE,simulated
FOODS_3_530,TX_1,FOODS,33.91512,29,1.68,0.3,2016-05-15,GraphSAGE,simulated
FOODS_3_535,TX_1,FOODS,3.765537,9,5.98,0.3,2016-05-15,GraphSAGE,simulated
FOODS_3_552,TX_1,FOODS,8.133531,10,1.98,0.3,2016-05-15,GraphSAGE,simulated
FOODS_3_556,TX_1,FOODS,0.664549,2,2.56,0.3,2016-05-15,GraphSAGE,simulated
FOODS_3_568,TX_1,FOODS,4.1494718,5,1.0,0.3,2016-05-15,GraphSAGE,simulated
FOODS_3_575,TX_1,FOODS,0.60310143,2,6.72,0.3,2016-05-15,GraphSAGE,simulated
FOODS_3_584,TX_1,FOODS,0.41138393,2,1.0,0.3,2016-05-15,GraphSAGE,simulated
FOODS_3_585,TX_1,FOODS,8.021993,25,3.98,0.3,2016-05-15,GraphSAGE,simulated
FOODS_3_606,TX_1,FOODS,6.3889337,11,2.88,0.3,2016-05-15,GraphSAGE,simulated
FOODS_3_627,TX_1,FOODS,1.5024507,3,2.88,0.3,2016-05-15,GraphSAGE,simulated
FOODS_3_633,TX_1,FOODS,0.8784436,2,2.88,0.3,2016-05-15,GraphSAGE,simulated
FOODS_3_646,TX_1,FOODS,11.4275675,14,2.68,0.3,2016-05-15,GraphSAGE,simulated
FOODS_3_657,TX_1,FOODS,2.2035482,3,3.98,0.3,2016-05-15,GraphSAGE,simulated
FOODS_3_663,TX_1,FOODS,2.07018,3,1.74,0.3,2016-05-15,GraphSAGE,simulated
FOODS_3_679,TX_1,FOODS,15.538094,17,3.88,0.3,2016-05-15,GraphSAGE,simulated
FOODS_3_695,TX_1,FOODS,43.966362,38,3.98,0.3,2016-05-15,GraphSAGE,simulated
FOODS_3_719,TX_1,FOODS,6.7957425,16,2.5,0.3,2016-05-15,GraphSAGE,simulated
FOODS_3_731,TX_1,FOODS,12.071359,11,2.98,0.3,2016-05-15,GraphSAGE,simulated
FOODS_3_745,TX_1,FOODS,0.23494546,2,2.18,0.3,2016-05-15,GraphSAGE,simulated
FOODS_3_762,TX_1,FOODS,0.265525,5,3.27,0.3,2016-05-15,GraphSAGE,simulated
FOODS_3_765,TX_1,FOODS,3.9061916,8,3.0,0.3,2016-05-15,GraphSAGE,simulated
FOODS_3_773,TX_1,FOODS,3.4993072,9,4.98,0.3,2016-05-15,GraphSAGE,simulated
FOODS_3_783,TX_1,FOODS,9.480252,7,5.44,0.3,2016-05-15,GraphSAGE,simulated
FOODS_3_790,TX_1,FOODS,0.64021945,2,2.18,0.3,2016-05-15,GraphSAGE,simulated
FOODS_3_806,TX_1,FOODS,2.1024983,3,2.56,0.3,2016-05-15,GraphSAGE,simulated
FOODS_3_812,TX_1,FOODS,4.1256447,2,2.94,0.3,2016-05-15,GraphSAGE,simulated
FOODS_3_813,TX_1,FOODS,4.0430865,7,4.54,0.3,2016-05-15,GraphSAGE,simulated
FOODS_3_819,TX_1,FOODS,2.9320529,5,1.98,0.3,2016-05-15,GraphSAGE,simulated
FOODS_3_820,TX_1,FOODS,9.591779,9,1.98,0.3,2016-05-15,GraphSAGE,simulated
FOODS_3_827,TX_1,FOODS,5.278447,5,1.0,0.3,2016-05-15,GraphSAGE,simulated
HOBBIES_1_001,TX_1,HOBBIES,1.9915112,5,8.26,0.3,2016-05-15,GraphSAGE,simulated
HOBBIES_1_007,TX_1,HOBBIES,1.2712499,4,7.88,0.3,2016-05-15,GraphSAGE,simulated
HOBBIES_1_008,TX_1,HOBBIES,17.664726,23,0.48,0.3,2016-05-15,GraphSAGE,simulated
HOBBIES_1_022,TX_1,HOBBIES,1.8915691,6,7.18,0.3,2016-05-15,GraphSAGE,simulated
HOBBIES_1_025,TX_1,HOBBIES,2.5674033,6,3.98,0.3,2016-05-15,GraphSAGE,simulated
HOBBIES_1_028,TX_1,HOBBIES,3.3089213,5,7.98,0.3,2016-05-15,GraphSAGE,simulated
HOBBIES_1_033,TX_1,HOBBIES,1.20991,3,16.86,0.3,2016-05-15,GraphSAGE,simulated
HOBBIES_1_036,TX_1,HOBBIES,2.2565837,4,1.12,0.3,2016-05-15,GraphSAGE,simulated
HOBBIES_1_039,TX_1,HOBBIES,0.28343296,2,5.88,0.3,2016-05-15,GraphSAGE,simulated
HOBBIES_1_042,TX_1,HOBBIES,3.2306085,7,7.83,0.3,2016-05-15,GraphSAGE,simulated
HOBBIES_1_043,TX_1,HOBBIES,18.197527,26,0.7,0.3,2016-05-15,GraphSAGE,simulated
HOBBIES_1_044,TX_1,HOBBIES,0.9398414,2,1.48,0.3,2016-05-15,GraphSAGE,simulated
HOBBIES_1_045,TX_1,HOBBIES,0.7318177,3,10.58,0.3,2016-05-15,GraphSAGE,simulated
HOBBIES_1_051,TX_1,HOBBIES,1.1101294,5,5.98,0.3,2016-05-15,GraphSAGE,simulated
HOBBIES_1_053,TX_1,HOBBIES,2.1677024,3,3.97,0.3,2016-05-15,GraphSAGE,simulated
HOBBIES_1_061,TX_1,HOBBIES,2.324175,3,2.83,0.3,2016-05-15,GraphSAGE,simulated
HOBBIES_1_062,TX_1,HOBBIES,0.18256749,2,0.97,0.3,2016-05-15,GraphSAGE,simulated
HOBBIES_1_063,TX_1,HOBBIES,1.5687344,3,5.47,0.3,2016-05-15,GraphSAGE,simulated
HOBBIES_1_064,TX_1,HOBBIES,10.824669,20,12.44,0.3,2016-05-15,GraphSAGE,simulated
HOBBIES_1_072,TX_1,HOBBIES,1.4928439,2,1.97,0.3,2016-05-15,GraphSAGE,simulated
HOBBIES_1_076,TX_1,HOBBIES,7.957288,13,3.43,0.3,2016-05-15,GraphSAGE,simulated
HOBBIES_1_079,TX_1,HOBBIES,3.654653,6,7.88,0.3,2016-05-15,GraphSAGE,simulated
HOBBIES_1_080,TX_1,HOBBIES,3.144964,2,0.57,0.3,2016-05-15,GraphSAGE,simulated
HOBBIES_1_081,TX_1,HOBBIES,1.5681595,2,14.72,0.3,2016-05-15,GraphSAGE,simulated
HOBBIES_1_082,TX_1,HOBBIES,0.50706184,3,3.78,0.3,2016-05-15,GraphSAGE,simulated
HOBBIES_1_084,TX_1,HOBBIES,3.9252741,8,3.94,0.3,2016-05-15,GraphSAGE,simulated
HOBBIES_1_086,TX_1,HOBBIES,4.1618743,4,8.26,0.3,2016-05-15,GraphSAGE,simulated
HOBBIES_1_087,TX_1,HOBBIES,4.0774164,5,11.93,0.3,2016-05-15,GraphSAGE,simulated
HOBBIES_1_092,TX_1,HOBBIES,2.8533049,7,2.38,0.3,2016-05-15,GraphSAGE,simulated
HOBBIES_1_094,TX_1,HOBBIES,1.8748492,4,12.97,0.3,2016-05-15,GraphSAGE,simulated
HOBBIES_1_095,TX_1,HOBBIES,0.6800275,2,7.68,0.3,2016-05-15,GraphSAGE,simulated
HOBBIES_1_097,TX_1,HOBBIES,0.91383684,2,4.24,0.3,2016-05-15,GraphSAGE,simulated
HOBBIES_1_099,TX_1,HOBBIES,7.857936,7,13.98,0.3,2016-05-15,GraphSAGE,simulated
HOBBIES_1_104,TX_1,HOBBIES,0.33065155,2,23.98,0.3,2016-05-15,GraphSAGE,simulated
HOBBIES_1_105,TX_1,HOBBIES,2.0715747,4,6.68,0.3,2016-05-15,GraphSAGE,simulated
HOBBIES_1_108,TX_1,HOBBIES,3.2983282,6,12.98,0.3,2016-05-15,GraphSAGE,simulated
HOBBIES_1_112,TX_1,HOBBIES,0.08185477,2,2.72,0.3,2016-05-15,GraphSAGE,simulated
HOBBIES_1_114,TX_1,HOBBIES,0.5346793,2,5.97,0.3,2016-05-15,GraphSAGE,simulated
HOBBIES_1_120,TX_1,HOBBIES,1.3339072,3,9.84,0.3,2016-05-15,GraphSAGE,simulated
HOBBIES_1_121,TX_1,HOBBIES,1.255422,2,1.12,0.3,2016-05-15,GraphSAGE,simulated
HOBBIES_1_127,TX_1,HOBBIES,1.9977863,3,1.22,0.3,2016-05-15,GraphSAGE,simulated
HOBBIES_1_128,TX_1,HOBBIES,0.62207097,2,7.98,0.3,2016-05-15,GraphSAGE,simulated
HOBBIES_1_130,TX_1,HOBBIES,1.7856066,3,2.73,0.3,2016-05-15,GraphSAGE,simulated
HOBBIES_1_133,TX_1,HOBBIES,1.6526779,3,12.44,0.3,2016-05-15,GraphSAGE,simulated
HOBBIES_1_135,TX_1,HOBBIES,1.8294101,5,18.46,0.3,2016-05-15,GraphSAGE,simulated
HOBBIES_1_136,TX_1,HOBBIES,0.19246699,2,4.88,0.3,2016-05-15,GraphSAGE,simulated
HOBBIES_1_139,TX_1,HOBBIES,2.2894394,5,2.74,0.3,2016-05-15,GraphSAGE,simulated
HOBBIES_1_144,TX_1,HOBBIES,1.5207274,3,11.28,0.3,2016-05-15,GraphSAGE,simulated
HOBBIES_1_145,TX_1,HOBBIES,0.3820314,2,1.28,0.3,2016-05-15,GraphSAGE,simulated
HOBBIES_1_150,TX_1,HOBBIES,3.13792,2,1.63,0.3,2016-05-15,GraphSAGE,simulated
HOBBIES_1_152,TX_1,HOBBIES,1.3840075,3,4.86,0.3,2016-05-15,GraphSAGE,simulated
HOBBIES_1_154,TX_1,HOBBIES,8.235058,13,2.5,0.3,2016-05-15,GraphSAGE,simulated
HOBBIES_1_155,TX_1,HOBBIES,4.063869,9,18.98,0.3,2016-05-15,GraphSAGE,simulated
HOBBIES_1_158,TX_1,HOBBIES,30.94765,37,22.98,0.3,2016-05-15,GraphSAGE,simulated
HOBBIES_1_160,TX_1,HOBBIES,2.1434357,4,18.46,0.3,2016-05-15,GraphSAGE,simulated
HOBBIES_1_161,TX_1,HOBBIES,1.4965862,2,0.7,0.3,2016-05-15,GraphSAGE,simulated
HOBBIES_1_165,TX_1,HOBBIES,0.52708954,2,4.97,0.3,2016-05-15,GraphSAGE,simulated
HOBBIES_1_167,TX_1,HOBBIES,5.9642534,10,0.68,0.3,2016-05-15,GraphSAGE,simulated
HOBBIES_1_171,TX_1,HOBBIES,3.5159914,6,2.5,0.3,2016-05-15,GraphSAGE,simulated
HOBBIES_1_175,TX_1,HOBBIES,0.8293968,4,1.97,0.3,2016-05-15,GraphSAGE,simulated
HOBBIES_1_176,TX_1,HOBBIES,1.5232842,3,5.94,0.3,2016-05-15,GraphSAGE,simulated
HOBBIES_1_185,TX_1,HOBBIES,1.3544006,3,3.24,0.3,2016-05-15,GraphSAGE,simulated
HOBBIES_1_187,TX_1,HOBBIES,2.7677598,5,6.76,0.3,2016-05-15,GraphSAGE,simulated
HOBBIES_1_191,TX_1,HOBBIES,0.80958176,4,8.97,0.3,2016-05-15,GraphSAGE,simulated
HOBBIES_1_194,TX_1,HOBBIES,5.7522054,9,2.5,0.3,2016-05-15,GraphSAGE,simulated
HOBBIES_1_197,TX_1,HOBBIES,0.5740042,2,12.84,0.3,2016-05-15,GraphSAGE,simulated
HOBBIES_1_198,TX_1,HOBBIES,3.9267476,7,8.38,0.3,2016-05-15,GraphSAGE,simulated
HOBBIES_1_203,TX_1,HOBBIES,1.7767212,3,12.98,0.3,2016-05-15,GraphSAGE,simulated
HOBBIES_1_206,TX_1,HOBBIES,3.293056,8,2.72,0.3,2016-05-15,GraphSAGE,simulated
HOBBIES_1_207,TX_1,HOBBIES,0.8716636,3,2.78,0.3,2016-05-15,GraphSAGE,simulated
HOBBIES_1_209,TX_1,HOBBIES,21.668867,31,0.7,0.3,2016-05-15,GraphSAGE,simulated
HOBBIES_1_213,TX_1,HOBBIES,1.6082937,3,8.26,0.3,2016-05-15,GraphSAGE,simulated
HOBBIES_1_217,TX_1,HOBBIES,0.53466225,3,3.47,0.3,2016-05-15,GraphSAGE,simulated
HOBBIES_1_218,TX_1,HOBBIES,0.55922186,2,10.58,0.3,2016-05-15,GraphSAGE,simulated
HOBBIES_1_221,TX_1,HOBBIES,1.3161657,5,2.97,0.3,2016-05-15,GraphSAGE,simulated
HOBBIES_1_225,TX_1,HOBBIES,3.272568,7,26.98,0.3,2016-05-15,GraphSAGE,simulated
HOBBIES_1_226,TX_1,HOBBIES,7.5854754,8,13.98,0.3,2016-05-15,GraphSAGE,simulated
HOBBIES_1_233,TX_1,HOBBIES,13.922853,24,0.7,0.3,2016-05-15,GraphSAGE,simulated
HOBBIES_1_237,TX_1,HOBBIES,2.4955163,4,7.98,0.3,2016-05-15,GraphSAGE,simulated
HOBBIES_1_239,TX_1,HOBBIES,0.8936608,3,2.97,0.3,2016-05-15,GraphSAGE,simulated
HOBBIES_1_243,TX_1,HOBBIES,1.4506187,4,13.88,0.3,2016-05-15,GraphSAGE,simulated
HOBBIES_1_245,TX_1,HOBBIES,0.43191773,2,4.97,0.3,2016-05-15,GraphSAGE,simulated
HOBBIES_1_246,TX_1,HOBBIES,0.8725157,2,10.98,0.3,2016-05-15,GraphSAGE,simulated
HOBBIES_1_248,TX_1,HOBBIES,10.722453,9,0.94,0.3,2016-05-15,GraphSAGE,simulated
HOBBIES_1_251,TX_1,HOBBIES,2.47101,8,14.64,0.3,2016-05-15,GraphSAGE,simulated
HOBBIES_1_252,TX_1,HOBBIES,3.0036535,5,0.68,0.3,2016-05-15,GraphSAGE,simulated
HOBBIES_1_253,TX_1,HOBBIES,1.5491098,5,11.98,0.3,2016-05-15,GraphSAGE,simulated
HOBBIES_1_254,TX_1,HOBBIES,21.018778,42,0.7,0.3,2016-05-15,GraphSAGE,simulated
HOBBIES_1_256,TX_1,HOBBIES,25.650131,27,0.48,0.3,2016-05-15,GraphSAGE,simulated
HOBBIES_1_260,TX_1,HOBBIES,1.92496,4,12.44,0.3,2016-05-15,GraphSAGE,simulated
HOBBIES_1_261,TX_1,HOBBIES,18.541613,6,0.48,0.3,2016-05-15,GraphSAGE,simulated
HOBBIES_1_262,TX_1,HOBBIES,3.662559,6,8.98,0.3,2016-05-15,GraphSAGE,simulated
HOBBIES_1_264,TX_1,HOBBIES,1.3487219,3,4.47,0.3,2016-05-15,GraphSAGE,simulated
HOBBIES_1_267,TX_1,HOBBIES,0.26125675,2,2.88,0.3,2016-05-15,GraphSAGE,simulated
HOBBIES_1_268,TX_1,HOBBIES,27.02682,33,0.48,0.3,2016-05-15,GraphSAGE,simulated
HOBBIES_1_275,TX_1,HOBBIES,5.995073,12,11.93,0.3,2016-05-15,GraphSAGE,simulated
HOBBIES_1_277,TX_1,HOBBIES,5.1837134,17,1.63,0.3,2016-05-15,GraphSAGE,simulated
HOBBIES_1_282,TX_1,HOBBIES,3.942684,5,3.98,0.3,2016-05-15,GraphSAGE,simulated
HOBBIES_1_287,TX_1,HOBBIES,2.4832616,4,5.76,0.3,2016-05-15,GraphSAGE,simulated
HOBBIES_1_289,TX_1,HOBBIES,0.39566705,2,4.97,0.3,2016-05-15,GraphSAGE,simulated
HOBBIES_1_290,TX_1,HOBBIES,0.7097363,2,5.77,0.3,2016-05-15,GraphSAGE,simulated
HOBBIES_1_294,TX_1,HOBBIES,1.7999997,8,3.88,0.3,2016-05-15,GraphSAGE,simulated
HOBBIES_1_298,TX_1,HOBBIES,3.135101,7,3.94,0.3,2016-05-15,GraphSAGE,simulated
HOBBIES_1_300,TX_1,HOBBIES,2.8965685,4,9.83,0.3,2016-05-15,GraphSAGE,simulated
HOBBIES_1_305,TX_1,HOBBIES,0.8916402,3,2.87,0.3,2016-05-15,GraphSAGE,simulated
HOBBIES_1_310,TX_1,HOBBIES,0.8906428,3,5.72,0.3,2016-05-15,GraphSAGE,simulated
HOBBIES_1_311,TX_1,HOBBIES,1.2338357,3,17.98,0.3,2016-05-15,GraphSAGE,simulated
HOBBIES_1_312,TX_1,HOBBIES,9.487318,13,0.57,0.3,2016-05-15,GraphSAGE,simulated
HOBBIES_1_315,TX_1,HOBBIES,0.40038452,2,4.97,0.3,2016-05-15,GraphSAGE,simulated
HOBBIES_1_317,TX_1,HOBBIES,3.0651135,3,7.98,0.3,2016-05-15,GraphSAGE,simulated
HOBBIES_1_322,TX_1,HOBBIES,0.68226534,3,3.97,0.3,2016-05-15,GraphSAGE,simulated
HOBBIES_1_326,TX_1,HOBBIES,1.2480888,2,1.97,0.3,2016-05-15,GraphSAGE,simulated
HOBBIES_1_327,TX_1,HOBBIES,2.4113295,4,7.88,0.3,2016-05-15,GraphSAGE,simulated
HOBBIES_1_331,TX_1,HOBBIES,1.0079058,2,0.94,0.3,2016-05-15,GraphSAGE,simulated
HOBBIES_1_332,TX_1,HOBBIES,1.9055865,3,7.88,0.3,2016-05-15,GraphSAGE,simulated
HOBBIES_1_333,TX_1,HOBBIES,0.8827435,2,4.97,0.3,2016-05-15,GraphSAGE,simulated
HOBBIES_1_335,TX_1,HOBBIES,2.1535616,6,11.96,0.3,2016-05-15,GraphSAGE,simulated
HOBBIES_1_338,TX_1,HOBBIES,4.858805,9,8.98,0.3,2016-05-15,GraphSAGE,simulated
HOBBIES_1_340,TX_1,HOBBIES,1.3824079,3,6.97,0.3,2016-05-15,GraphSAGE,simulated
HOBBIES_1_341,TX_1,HOBBIES,16.431297,9,0.48,0.3,2016-05-15,GraphSAGE,simulated
HOBBIES_1_344,TX_1,HOBBIES,1.2334385,4,11.78,0.3,2016-05-15,GraphSAGE,simulated
HOBBIES_1_345,TX_1,HOBBIES,4.980878,8,7.44,0.3,2016-05-15,GraphSAGE,simulated
HOBBIES_1_346,TX_1,HOBBIES,1.9321127,9,3.97,0.3,2016-05-15,GraphSAGE,simulated
HOBBIES_1_350,TX_1,HOBBIES,2.9381943,7,2.96,0.3,2016-05-15,GraphSAGE,simulated
HOBBIES_1_353,TX_1,HOBBIES,1.1844516,2,1.08,0.3,2016-05-15,GraphSAGE,simulated
HOBBIES_1_354,TX_1,HOBBIES,25.001211,22,22.98,0.3,2016-05-15,GraphSAGE,simulated
HOBBIES_1_359,TX_1,HOBBIES,1.1560194,5,1.47,0.3,2016-05-15,GraphSAGE,simulated
HOBBIES_1_365,TX_1,HOBBIES,0.2015553,2,3.97,0.3,2016-05-15,GraphSAGE,simulated
HOBBIES_1_366,TX_1,HOBBIES,0.2954708,2,3.97,0.3,2016-05-15,GraphSAGE,simulated
HOBBIES_1_368,TX_1,HOBBIES,1.3713975,3,4.22,0.3,2016-05-15,GraphSAGE,simulated
HOBBIES_1_370,TX_1,HOBBIES,18.73971,11,0.48,0.3,2016-05-15,GraphSAGE,simulated
HOBBIES_1_371,TX_1,HOBBIES,4.195498,3,0.48,0.3,2016-05-15,GraphSAGE,simulated
HOBBIES_1_373,TX_1,HOBBIES,3.3310175,6,14.72,0.3,2016-05-15,GraphSAGE,simulated
HOBBIES_1_376,TX_1,HOBBIES,0.7723051,2,16.86,0.3,2016-05-15,GraphSAGE,simulated
HOBBIES_1_378,TX_1,HOBBIES,2.1275966,3,3.24,0.3,2016-05-15,GraphSAGE,simulated
HOBBIES_1_381,TX_1,HOBBIES,11.247946,11,0.7,0.3,2016-05-15,GraphSAGE,simulated
HOBBIES_1_382,TX_1,HOBBIES,1.2913294,3,1.97,0.3,2016-05-15,GraphSAGE,simulated
HOBBIES_1_387,TX_1,HOBBIES,2.4884665,4,1.08,0.3,2016-05-15,GraphSAGE,simulated
HOBBIES_1_392,TX_1,HOBBIES,1.6632491,3,12.98,0.3,2016-05-15,GraphSAGE,simulated
HOBBIES_1_396,TX_1,HOBBIES,0.7081046,4,1.88,0.3,2016-05-15,GraphSAGE,simulated
HOBBIES_1_401,TX_1,HOBBIES,0.61910784,2,1.97,0.3,2016-05-15,GraphSAGE,simulated
HOBBIES_1_402,TX_1,HOBBIES,1.0967044,6,9.94,0.3,2016-05-15,GraphSAGE,simulated
HOBBIES_1_409,TX_1,HOBBIES,1.2829857,2,5.76,0.3,2016-05-15,GraphSAGE,simulated
HOBBIES_1_412,TX_1,HOBBIES,4.0868526,5,1.98,0.3,2016-05-15,GraphSAGE,simulated
HOBBIES_1_415,TX_1,HOBBIES,4.1957173,7,6.68,0.3,2016-05-15,GraphSAGE,simulated
HOBBIES_1_416,TX_1,HOBBIES,5.3949447,11,4.47,0.3,2016-05-15,GraphSAGE,simulated
HOBBIES_1_418,TX_1,HOBBIES,1.5512452,3,3.98,0.3,2016-05-15,GraphSAGE,simulated
HOBBIES_1_419,TX_1,HOBBIES,0.6604986,3,5.98,0.3,2016-05-15,GraphSAGE,simulated
HOBBIES_1_420,TX_1,HOBBIES,3.655496,7,5.74,0.3,2016-05-15,GraphSAGE,simulated
HOBBIES_1_421,TX_1,HOBBIES,2.7542355,4,8.26,0.3,2016-05-15,GraphSAGE,simulated
HOBBIES_1_423,TX_1,HOBBIES,2.3459451,4,7.78,0.3,2016-05-15,GraphSAGE,simulated
HOBBIES_2_006,TX_1,HOBBIES,0.18914324,2,3.97,0.3,2016-05-15,GraphSAGE,simulated
HOBBIES_2_016,TX_1,HOBBIES,0.25452957,2,4.97,0.3,2016-05-15,GraphSAGE,simulated
HOBBIES_2_017,TX_1,HOBBIES,0.5668586,2,0.5,0.3,2016-05-15,GraphSAGE,simulated
HOBBIES_2_019,TX_1,HOBBIES,0.45029625,2,3.37,0.3,2016-05-15,GraphSAGE,simulated
HOBBIES_2_020,TX_1,HOBBIES,0.80718064,3,3.88,0.3,2016-05-15,GraphSAGE,simulated
HOBBIES_2_025,TX_1,HOBBIES,0.12685457,2,0.5,0.3,2016-05-15,GraphSAGE,simulated
HOBBIES_2_027,TX_1,HOBBIES,0.9065201,5,1.97,0.3,2016-05-15,GraphSAGE,simulated
HOBBIES_2_028,TX_1,HOBBIES,0.920898,2,0.88,0.3,2016-05-15,GraphSAGE,simulated
HOBBIES_2_030,TX_1,HOBBIES,0.58523667,5,0.97,0.3,2016-05-15,GraphSAGE,simulated
HOBBIES_2_031,TX_1,HOBBIES,0.39146256,3,6.97,0.3,2016-05-15,GraphSAGE,simulated
HOBBIES_2_033,TX_1,HOBBIES,4.434493,6,2.88,0.3,2016-05-15,GraphSAGE,simulated
HOBBIES_2_035,TX_1,HOBBIES,0.57428885,3,4.47,0.3,2016-05-15,GraphSAGE,simulated
HOBBIES_2_037,TX_1,HOBBIES,1.5108362,3,0.97,0.3,2016-05-15,GraphSAGE,simulated
HOBBIES_2_038,TX_1,HOBBIES,0.36103496,2,0.97,0.3,2016-05-15,GraphSAGE,simulated
HOBBIES_2_039,TX_1,HOBBIES,0.5478293,3,4.97,0.3,2016-05-15,GraphSAGE,simulated
HOBBIES_2_043,TX_1,HOBBIES,7.1556334,5,0.97,0.3,2016-05-15,GraphSAGE,simulated
HOBBIES_2_044,TX_1,HOBBIES,0.5206604,2,4.47,0.3,2016-05-15,GraphSAGE,simulated
HOBBIES_2_048,TX_1,HOBBIES,0.54976636,5,2.88,0.3,2016-05-15,GraphSAGE,simulated
HOBBIES_2_049,TX_1,HOBBIES,1.1670196,4,2.5,0.3,2016-05-15,GraphSAGE,simulated
HOBBIES_2_050,TX_1,HOBBIES,0.6807301,2,1.97,0.3,2016-05-15,GraphSAGE,simulated
HOBBIES_2_052,TX_1,HOBBIES,0.6122127,3,2.47,0.3,2016-05-15,GraphSAGE,simulated
HOBBIES_2_055,TX_1,HOBBIES,1.0173769,4,2.5,0.3,2016-05-15,GraphSAGE,simulated
HOBBIES_2_063,TX_1,HOBBIES,0.9640098,5,0.97,0.3,2016-05-15,GraphSAGE,simulated
HOBBIES_2_066,TX_1,HOBBIES,0.2734288,2,4.97,0.3,2016-05-15,GraphSAGE,simulated
HOBBIES_2_068,TX_1,HOBBIES,1.835248,4,1.97,0.3,2016-05-15,GraphSAGE,simulated
HOBBIES_2_070,TX_1,HOBBIES,0.14972787,2,9.97,0.3,2016-05-15,GraphSAGE,simulated
HOBBIES_2_073,TX_1,HOBBIES,0.7355928,3,0.5,0.3,2016-05-15,GraphSAGE,simulated
HOBBIES_2_077,TX_1,HOBBIES,0.299578,2,9.97,0.3,2016-05-15,GraphSAGE,simulated
HOBBIES_2_081,TX_1,HOBBIES,0.9322996,2,1.97,0.3,2016-05-15,GraphSAGE,simulated
HOBBIES_2_088,TX_1,HOBBIES,1.5702331,5,2.77,0.3,2016-05-15,GraphSAGE,simulated
HOBBIES_2_090,TX_1,HOBBIES,0.36629564,2,1.77,0.3,2016-05-15,GraphSAGE,simulated
HOBBIES_2_092,TX_1,HOBBIES,0.3882871,2,4.97,0.3,2016-05-15,GraphSAGE,simulated
HOBBIES_2_093,TX_1,HOBBIES,0.9884818,4,1.97,0.3,2016-05-15,GraphSAGE,simulated
HOBBIES_2_094,TX_1,HOBBIES,2.724647,6,1.97,0.3,2016-05-15,GraphSAGE,simulated
HOBBIES_2_099,TX_1,HOBBIES,0.7034412,3,0.97,0.3,2016-05-15,GraphSAGE,simulated
HOBBIES_2_100,TX_1,HOBBIES,1.4840556,3,0.88,0.3,2016-05-15,GraphSAGE,simulated
HOBBIES_2_101,TX_1,HOBBIES,0.7937997,3,0.5,0.3,2016-05-15,GraphSAGE,simulated
HOBBIES_2_109,TX_1,HOBBIES,1.3261644,2,0.97,0.3,2016-05-15,GraphSAGE,simulated
HOBBIES_2_110,TX_1,HOBBIES,0.35983697,3,5.97,0.3,2016-05-15,GraphSAGE,simulated
HOBBIES_2_111,TX_1,HOBBIES,0.18749757,2,3.97,0.3,2016-05-15,GraphSAGE,simulated
HOBBIES_2_115,TX_1,HOBBIES,4.6183167,9,2.47,0.3,2016-05-15,GraphSAGE,simulated
HOBBIES_2_116,TX_1,HOBBIES,0.9937626,2,2.97,0.3,2016-05-15,GraphSAGE,simulated
HOBBIES_2_121,TX_1,HOBBIES,6.37637,7,0.97,0.3,2016-05-15,GraphSAGE,simulated
HOBBIES_2_134,TX_1,HOBBIES,0.12023709,2,4.97,0.3,2016-05-15,GraphSAGE,simulated
HOBBIES_2_139,TX_1,HOBBIES,1.5485369,7,4.97,0.3,2016-05-15,GraphSAGE,simulated
HOBBIES_2_141,TX_1,HOBBIES,0.62315637,2,0.5,0.3,2016-05-15,GraphSAGE,simulated
HOBBIES_2_144,TX_1,HOBBIES,1.265477,3,0.5,0.3,2016-05-15,GraphSAGE,simulated
HOBBIES_2_145,TX_1,HOBBIES,2.5220883,3,2.88,0.3,2016-05-15,GraphSAGE,simulated
HOBBIES_2_146,TX_1,HOBBIES,0.84087545,3,1.97,0.3,2016-05-15,GraphSAGE,simulated
HOUSEHOLD_1_004,TX_1,HOUSEHOLD,8.655937,20,1.87,0.3,2016-05-15,GraphSAGE,simulated
HOUSEHOLD_1_013,TX_1,HOUSEHOLD,0.27455556,2,4.94,0.3,2016-05-15,GraphSAGE,simulated
HOUSEHOLD_1_018,TX_1,HOUSEHOLD,7.711711,14,9.97,0.3,2016-05-15,GraphSAGE,simulated
HOUSEHOLD_1_032,TX_1,HOUSEHOLD,14.281174,24,9.98,0.3,2016-05-15,GraphSAGE,simulated
HOUSEHOLD_1_039,TX_1,HOUSEHOLD,10.380615,6,2.97,0.3,2016-05-15,GraphSAGE,simulated
HOUSEHOLD_1_044,TX_1,HOUSEHOLD,3.7040727,7,17.97,0.3,2016-05-15,GraphSAGE,simulated
HOUSEHOLD_1_049,TX_1,HOUSEHOLD,6.0084443,18,5.97,0.3,2016-05-15,GraphSAGE,simulated
HOUSEHOLD_1_072,TX_1,HOUSEHOLD,14.173288,13,7.98,0.3,2016-05-15,GraphSAGE,simulated
HOUSEHOLD_1_078,TX_1,HOUSEHOLD,1.6007721,6,2.84,0.3,2016-05-15,GraphSAGE,simulated
HOUSEHOLD_1_080,TX_1,HOUSEHOLD,6.750611,9,10.47,0.3,2016-05-15,GraphSAGE,simulated
HOUSEHOLD_1_081,TX_1,HOUSEHOLD,2.6675963,3,7.98,0.3,2016-05-15,GraphSAGE,simulated
HOUSEHOLD_1_090,TX_1,HOUSEHOLD,17.97466,16,2.86,0.3,2016-05-15,GraphSAGE,simulated
HOUSEHOLD_1_099,TX_1,HOUSEHOLD,2.5422945,3,2.37,0.3,2016-05-15,GraphSAGE,simulated
HOUSEHOLD_1_110,TX_1,HOUSEHOLD,92.9745,92,3.97,0.3,2016-05-15,GraphSAGE,simulated
HOUSEHOLD_1_114,TX_1,HOUSEHOLD,18.104717,27,0.97,0.3,2016-05-15,GraphSAGE,simulated
HOUSEHOLD_1_119,TX_1,HOUSEHOLD,14.190638,8,3.74,0.3,2016-05-15,GraphSAGE,simulated
HOUSEHOLD_1_126,TX_1,HOUSEHOLD,0.9104313,3,8.96,0.3,2016-05-15,GraphSAGE,simulated
HOUSEHOLD_1_128,TX_1,HOUSEHOLD,3.8124104,6,2.67,0.3,2016-05-15,GraphSAGE,simulated
HOUSEHOLD_1_129,TX_1,HOUSEHOLD,2.4345856,2,3.88,0.3,2016-05-15,GraphSAGE,simulated
HOUSEHOLD_1_132,TX_1,HOUSEHOLD,7.3478045,5,1.97,0.3,2016-05-15,GraphSAGE,simulated
HOUSEHOLD_1_149,TX_1,HOUSEHOLD,13.27162,13,0.97,0.3,2016-05-15,GraphSAGE,simulated
HOUSEHOLD_1_154,TX_1,HOUSEHOLD,1.545601,4,2.96,0.3,2016-05-15,GraphSAGE,simulated
HOUSEHOLD_1_165,TX_1,HOUSEHOLD,6.129153,11,17.97,0.3,2016-05-15,GraphSAGE,simulated
HOUSEHOLD_1_170,TX_1,HOUSEHOLD,6.115841,4,1.98,0.3,2016-05-15,GraphSAGE,simulated
HOUSEHOLD_1_171,TX_1,HOUSEHOLD,2.1951127,2,8.97,0.3,2016-05-15,GraphSAGE,simulated
HOUSEHOLD_1_173,TX_1,HOUSEHOLD,20.651741,22,0.97,0.3,2016-05-15,GraphSAGE,simulated
HOUSEHOLD_1_193,TX_1,HOUSEHOLD,7.606625,7,2.42,0.3,2016-05-15,GraphSAGE,simulated
HOUSEHOLD_1_198,TX_1,HOUSEHOLD,36.726917,30,0.97,0.3,2016-05-15,GraphSAGE,simulated
HOUSEHOLD_1_201,TX_1,HOUSEHOLD,9.694122,8,4.84,0.3,2016-05-15,GraphSAGE,simulated
HOUSEHOLD_1_230,TX_1,HOUSEHOLD,1.2911434,4,3.28,0.3,2016-05-15,GraphSAGE,simulated
HOUSEHOLD_1_232,TX_1,HOUSEHOLD,4.58777,10,4.23,0.3,2016-05-15,GraphSAGE,simulated
HOUSEHOLD_1_236,TX_1,HOUSEHOLD,12.584355,16,2.47,0.3,2016-05-15,GraphSAGE,simulated
HOUSEHOLD_1_242,TX_1,HOUSEHOLD,3.5923302,10,4.88,0.3,2016-05-15,GraphSAGE,simulated
HOUSEHOLD_1_249,TX_1,HOUSEHOLD,5.2710233,13,7.97,0.3,2016-05-15,GraphSAGE,simulated
HOUSEHOLD_1_253,TX_1,HOUSEHOLD,0.46132654,2,3.47,0.3,2016-05-15,GraphSAGE,simulated
HOUSEHOLD_1_278,TX_1,HOUSEHOLD,1.7084254,4,5.97,0.3,2016-05-15,GraphSAGE,simulated
HOUSEHOLD_1_279,TX_1,HOUSEHOLD,2.7997909,2,0.97,0.3,2016-05-15,GraphSAGE,simulated
HOUSEHOLD_1_288,TX_1,HOUSEHOLD,2.3300617,2,7.93,0.3,2016-05-15,GraphSAGE,simulated
HOUSEHOLD_1_289,TX_1,HOUSEHOLD,4.0239305,6,4.96,0.3,2016-05-15,GraphSAGE,simulated
HOUSEHOLD_1_298,TX_1,HOUSEHOLD,4.450521,7,3.72,0.3,2016-05-15,GraphSAGE,simulated
HOUSEHOLD_1_302,TX_1,HOUSEHOLD,2.541155,3,7.93,0.3,2016-05-15,GraphSAGE,simulated
HOUSEHOLD_1_304,TX_1,HOUSEHOLD,46.26895,31,2.36,0.3,2016-05-15,GraphSAGE,simulated
HOUSEHOLD_1_311,TX_1,HOUSEHOLD,14.077002,28,3.88,0.3,2016-05-15,GraphSAGE,simulated
HOUSEHOLD_1_317,TX_1,HOUSEHOLD,1.517405,3,1.96,0.3,2016-05-15,GraphSAGE,simulated
HOUSEHOLD_1_319,TX_1,HOUSEHOLD,17.086153,11,1.87,0.3,2016-05-15,GraphSAGE,simulated
HOUSEHOLD_1_321,TX_1,HOUSEHOLD,9.979538,11,2.97,0.3,2016-05-15,GraphSAGE,simulated
HOUSEHOLD_1_334,TX_1,HOUSEHOLD,88.249275,60,0.96,0.3,2016-05-15,GraphSAGE,simulated
HOUSEHOLD_1_345,TX_1,HOUSEHOLD,1.9618491,5,4.12,0.3,2016-05-15,GraphSAGE,simulated
HOUSEHOLD_1_348,TX_1,HOUSEHOLD,25.28013,41,1.86,0.3,2016-05-15,GraphSAGE,simulated
HOUSEHOLD_1_362,TX_1,HOUSEHOLD,2.0059454,5,7.97,0.3,2016-05-15,GraphSAGE,simulated
HOUSEHOLD_1_368,TX_1,HOUSEHOLD,1.1887162,2,7.98,0.3,2016-05-15,GraphSAGE,simulated
HOUSEHOLD_1_371,TX_1,HOUSEHOLD,5.5561914,7,4.64,0.3,2016-05-15,GraphSAGE,simulated
HOUSEHOLD_1_376,TX_1,HOUSEHOLD,6.0660644,7,5.44,0.3,2016-05-15,GraphSAGE,simulated
HOUSEHOLD_1_377,TX_1,HOUSEHOLD,1.717238,5,8.96,0.3,2016-05-15,GraphSAGE,simulated
HOUSEHOLD_1_378,TX_1,HOUSEHOLD,1.7500123,8,21.78,0.3,2016-05-15,GraphSAGE,simulated
HOUSEHOLD_1_379,TX_1,HOUSEHOLD,19.745474,14,0.97,0.3,2016-05-15,GraphSAGE,simulated
HOUSEHOLD_1_383,TX_1,HOUSEHOLD,8.492792,7,3.24,0.3,2016-05-15,GraphSAGE,simulated
HOUSEHOLD_1_395,TX_1,HOUSEHOLD,5.0536375,3,4.87,0.3,2016-05-15,GraphSAGE,simulated
HOUSEHOLD_1_396,TX_1,HOUSEHOLD,7.1278877,9,3.97,0.3,2016-05-15,GraphSAGE,simulated
HOUSEHOLD_1_397,TX_1,HOUSEHOLD,4.920896,5,2.78,0.3,2016-05-15,GraphSAGE,simulated
HOUSEHOLD_1_401,TX_1,HOUSEHOLD,1.5212779,4,9.47,0.3,2016-05-15,GraphSAGE,simulated
HOUSEHOLD_1_407,TX_1,HOUSEHOLD,6.7742257,15,5.24,0.3,2016-05-15,GraphSAGE,simulated
HOUSEHOLD_1_411,TX_1,HOUSEHOLD,9.878183,14,3.28,0.3,2016-05-15,GraphSAGE,simulated
HOUSEHOLD_1_413,TX_1,HOUSEHOLD,8.633063,8,17.92,0.3,2016-05-15,GraphSAGE,simulated
HOUSEHOLD_1_414,TX_1,HOUSEHOLD,28.230951,37,0.94,0.3,2016-05-15,GraphSAGE,simulated
HOUSEHOLD_1_422,TX_1,HOUSEHOLD,3.691159,6,3.62,0.3,2016-05-15,GraphSAGE,simulated
HOUSEHOLD_1_424,TX_1,HOUSEHOLD,4.2194924,13,2.97,0.3,2016-05-15,GraphSAGE,simulated
HOUSEHOLD_1_427,TX_1,HOUSEHOLD,0.17283066,2,5.96,0.3,2016-05-15,GraphSAGE,simulated
HOUSEHOLD_1_438,TX_1,HOUSEHOLD,2.3675718,3,7.33,0.3,2016-05-15,GraphSAGE,simulated
HOUSEHOLD_1_441,TX_1,HOUSEHOLD,48.10617,76,2.77,0.3,2016-05-15,GraphSAGE,simulated
HOUSEHOLD_1_447,TX_1,HOUSEHOLD,46.05307,33,0.96,0.3,2016-05-15,GraphSAGE,simulated
HOUSEHOLD_1_468,TX_1,HOUSEHOLD,3.4203105,4,4.98,0.3,2016-05-15,GraphSAGE,simulated
HOUSEHOLD_1_470,TX_1,HOUSEHOLD,1.7756611,2,2.98,0.3,2016-05-15,GraphSAGE,simulated
HOUSEHOLD_1_475,TX_1,HOUSEHOLD,1.1702232,2,2.67,0.3,2016-05-15,GraphSAGE,simulated
HOUSEHOLD_1_484,TX_1,HOUSEHOLD,7.689085,15,9.97,0.3,2016-05-15,GraphSAGE,simulated
HOUSEHOLD_1_493,TX_1,HOUSEHOLD,1.0714371,2,2.87,0.3,2016-05-15,GraphSAGE,simulated
HOUSEHOLD_1_499,TX_1,HOUSEHOLD,2.4350142,9,3.88,0.3,2016-05-15,GraphSAGE,simulated
HOUSEHOLD_1_500,TX_1,HOUSEHOLD,1.4432693,3,4.44,0.3,2016-05-15,GraphSAGE,simulated
HOUSEHOLD_1_501,TX_1,HOUSEHOLD,0.6767186,3,3.96,0.3,2016-05-15,GraphSAGE,simulated
HOUSEHOLD_1_505,TX_1,HOUSEHOLD,14.876071,18,2.47,0.3,2016-05-15,GraphSAGE,simulated
HOUSEHOLD_1_506,TX_1,HOUSEHOLD,25.219112,36,3.47,0.3,2016-05-15,GraphSAGE,simulated
HOUSEHOLD_1_512,TX_1,HOUSEHOLD,2.0030398,5,1.87,0.3,2016-05-15,GraphSAGE,simulated
HOUSEHOLD_1_513,TX_1,HOUSEHOLD,13.318098,23,9.97,0.3,2016-05-15,GraphSAGE,simulated
HOUSEHOLD_1_517,TX_1,HOUSEHOLD,49.656002,31,0.88,0.3,2016-05-15,GraphSAGE,simulated
HOUSEHOLD_1_519,TX_1,HOUSEHOLD,7.9078465,8,4.87,0.3,2016-05-15,GraphSAGE,simulated
HOUSEHOLD_1_522,TX_1,HOUSEHOLD,4.744784,4,1.73,0.3,2016-05-15,GraphSAGE,simulated
HOUSEHOLD_1_526,TX_1,HOUSEHOLD,4.3342113,4,4.94,0.3,2016-05-15,GraphSAGE,simulated
HOUSEHOLD_1_531,TX_1,HOUSEHOLD,4.060035,6,7.93,0.3,2016-05-15,GraphSAGE,simulated
HOUSEHOLD_1_532,TX_1,HOUSEHOLD,5.377473,7,2.48,0.3,2016-05-15,GraphSAGE,simulated
HOUSEHOLD_1_539,TX_1,HOUSEHOLD,8.008353,11,3.97,0.3,2016-05-15,GraphSAGE,simulated
HOUSEHOLD_1_541,TX_1,HOUSEHOLD,0.1972385,2,6.97,0.3,2016-05-15,GraphSAGE,simulated
HOUSEHOLD_2_012,TX_1,HOUSEHOLD,1.2834013,5,4.78,0.3,2016-05-15,GraphSAGE,simulated
HOUSEHOLD_2_016,TX_1,HOUSEHOLD,5.4518104,9,1.62,0.3,2016-05-15,GraphSAGE,simulated
HOUSEHOLD_2_017,TX_1,HOUSEHOLD,1.0193108,6,3.72,0.3,2016-05-15,GraphSAGE,simulated
HOUSEHOLD_2_019,TX_1,HOUSEHOLD,0.82556874,3,9.47,0.3,2016-05-15,GraphSAGE,simulated
HOUSEHOLD_2_021,TX_1,HOUSEHOLD,2.1079278,5,4.47,0.3,2016-05-15,GraphSAGE,simulated
HOUSEHOLD_2_022,TX_1,HOUSEHOLD,1.5530869,3,5.64,0.3,2016-05-15,GraphSAGE,simulated
HOUSEHOLD_2_024,TX_1,HOUSEHOLD,2.6757164,6,2.22,0.3,2016-05-15,GraphSAGE,simulated
HOUSEHOLD_2_028,TX_1,HOUSEHOLD,0.8855025,2,5.94,0.3,2016-05-15,GraphSAGE,simulated
HOUSEHOLD_2_047,TX_1,HOUSEHOLD,1.7769935,3,3.67,0.3,2016-05-15,GraphSAGE,simulated
HOUSEHOLD_2_052,TX_1,HOUSEHOLD,1.9375956,5,4.97,0.3,2016-05-15,GraphSAGE,simulated
HOUSEHOLD_2_062,TX_1,HOUSEHOLD,0.56333065,2,2.94,0.3,2016-05-15,GraphSAGE,simulated
HOUSEHOLD_2_078,TX_1,HOUSEHOLD,1.6751778,5,5.84,0.3,2016-05-15,GraphSAGE,simulated
HOUSEHOLD_2_081,TX_1,HOUSEHOLD,2.712391,5,2.57,0.3,2016-05-15,GraphSAGE,simulated
HOUSEHOLD_2_087,TX_1,HOUSEHOLD,0.32099575,3,7.94,0.3,2016-05-15,GraphSAGE,simulated
HOUSEHOLD_2_094,TX_1,HOUSEHOLD,0.2831878,2,5.94,0.3,2016-05-15,GraphSAGE,simulated
HOUSEHOLD_2_095,TX_1,HOUSEHOLD,1.8975759,5,6.47,0.3,2016-05-15,GraphSAGE,simulated
HOUSEHOLD_2_096,TX_1,HOUSEHOLD,3.3237772,7,3.47,0.3,2016-05-15,GraphSAGE,simulated
HOUSEHOLD_2_104,TX_1,HOUSEHOLD,0.8080251,3,4.97,0.3,2016-05-15,GraphSAGE,simulated
HOUSEHOLD_2_109,TX_1,HOUSEHOLD,1.5890633,4,3.87,0.3,2016-05-15,GraphSAGE,simulated
HOUSEHOLD_2_116,TX_1,HOUSEHOLD,1.4774326,5,5.64,0.3,2016-05-15,GraphSAGE,simulated
HOUSEHOLD_2_118,TX_1,HOUSEHOLD,4.3423786,5,3.42,0.3,2016-05-15,GraphSAGE,simulated
HOUSEHOLD_2_120,TX_1,HOUSEHOLD,0.8506273,8,7.94,0.3,2016-05-15,GraphSAGE,simulated
HOUSEHOLD_2_127,TX_1,HOUSEHOLD,1.1474234,3,5.73,0.3,2016-05-15,GraphSAGE,simulated
HOUSEHOLD_2_128,TX_1,HOUSEHOLD,1.7076046,7,5.94,0.3,2016-05-15,GraphSAGE,simulated
HOUSEHOLD_2_135,TX_1,HOUSEHOLD,4.403111,10,9.98,0.3,2016-05-15,GraphSAGE,simulated
HOUSEHOLD_2_141,TX_1,HOUSEHOLD,0.1934363,3,4.98,0.3,2016-05-15,GraphSAGE,simulated
HOUSEHOLD_2_147,TX_1,HOUSEHOLD,0.15167463,2,3.97,0.3,2016-05-15,GraphSAGE,simulated
HOUSEHOLD_2_148,TX_1,HOUSEHOLD,0.36648482,2,5.94,0.3,2016-05-15,GraphSAGE,simulated
HOUSEHOLD_2_153,TX_1,HOUSEHOLD,1.7947031,2,9.94,0.3,2016-05-15,GraphSAGE,simulated
HOUSEHOLD_2_156,TX_1,HOUSEHOLD,1.4316492,3,7.43,0.3,2016-05-15,GraphSAGE,simulated
HOUSEHOLD_2_158,TX_1,HOUSEHOLD,0.29063416,2,11.47,0.3,2016-05-15,GraphSAGE,simulated
HOUSEHOLD_2_162,TX_1,HOUSEHOLD,0.19937274,2,3.97,0.3,2016-05-15,GraphSAGE,simulated
HOUSEHOLD_2_176,TX_1,HOUSEHOLD,15.685223,22,4.97,0.3,2016-05-15,GraphSAGE,simulated
HOUSEHOLD_2_180,TX_1,HOUSEHOLD,3.085319,4,2.84,0.3,2016-05-15,GraphSAGE,simulated
HOUSEHOLD_2_184,TX_1,HOUSEHOLD,0.83411765,2,1.97,0.3,2016-05-15,GraphSAGE,simulated
HOUSEHOLD_2_187,TX_1,HOUSEHOLD,2.38402,5,3.33,0.3,2016-05-15,GraphSAGE,simulated
HOUSEHOLD_2_197,TX_1,HOUSEHOLD,4.8773603,7,3.97,0.3,2016-05-15,GraphSAGE,simulated
HOUSEHOLD_2_199,TX_1,HOUSEHOLD,6.753657,7,3.93,0.3,2016-05-15,GraphSAGE,simulated
HOUSEHOLD_2_203,TX_1,HOUSEHOLD,4.0814734,6,2.97,0.3,2016-05-15,GraphSAGE,simulated
HOUSEHOLD_2_208,TX_1,HOUSEHOLD,0.26743183,2,12.97,0.3,2016-05-15,GraphSAGE,simulated
HOUSEHOLD_2_211,TX_1,HOUSEHOLD,0.53478277,2,19.98,0.3,2016-05-15,GraphSAGE,simulated
HOUSEHOLD_2_214,TX_1,HOUSEHOLD,1.0075614,2,6.94,0.3,2016-05-15,GraphSAGE,simulated
HOUSEHOLD_2_219,TX_1,HOUSEHOLD,1.8775082,4,3.48,0.3,2016-05-15,GraphSAGE,simulated
HOUSEHOLD_2_226,TX_1,HOUSEHOLD,3.192337,5,6.97,0.3,2016-05-15,GraphSAGE,simulated
HOUSEHOLD_2_229,TX_1,HOUSEHOLD,1.8983054,6,4.78,0.3,2016-05-15,GraphSAGE,simulated
HOUSEHOLD_2_237,TX_1,HOUSEHOLD,1.1834029,3,5.94,0.3,2016-05-15,GraphSAGE,simulated
HOUSEHOLD_2_243,TX_1,HOUSEHOLD,1.1566337,3,2.97,0.3,2016-05-15,GraphSAGE,simulated
HOUSEHOLD_2_246,TX_1,HOUSEHOLD,0.9423113,2,7.87,0.3,2016-05-15,GraphSAGE,simulated
HOUSEHOLD_2_249,TX_1,HOUSEHOLD,0.22202542,2,8.64,0.3,2016-05-15,GraphSAGE,simulated
HOUSEHOLD_2_253,TX_1,HOUSEHOLD,0.23130096,2,5.97,0.3,2016-05-15,GraphSAGE,simulated
HOUSEHOLD_2_256,TX_1,HOUSEHOLD,3.403743,5,5.94,0.3,2016-05-15,GraphSAGE,simulated
HOUSEHOLD_2_258,TX_1,HOUSEHOLD,0.2954929,2,3.97,0.3,2016-05-15,GraphSAGE,simulated
HOUSEHOLD_2_272,TX_1,HOUSEHOLD,2.6949522,8,5.47,0.3,2016-05-15,GraphSAGE,simulated
HOUSEHOLD_2_273,TX_1,HOUSEHOLD,2.3996038,4,5.24,0.3,2016-05-15,GraphSAGE,simulated
HOUSEHOLD_2_278,TX_1,HOUSEHOLD,0.43019444,2,10.98,0.3,2016-05-15,GraphSAGE,simulated
HOUSEHOLD_2_281,TX_1,HOUSEHOLD,1.1854384,2,5.27,0.3,2016-05-15,GraphSAGE,simulated
HOUSEHOLD_2_285,TX_1,HOUSEHOLD,1.2786453,4,4.67,0.3,2016-05-15,GraphSAGE,simulated
HOUSEHOLD_2_297,TX_1,HOUSEHOLD,1.3343827,4,6.54,0.3,2016-05-15,GraphSAGE,simulated
HOUSEHOLD_2_299,TX_1,HOUSEHOLD,6.9932475,10,1.23,0.3,2016-05-15,GraphSAGE,simulated
HOUSEHOLD_2_300,TX_1,HOUSEHOLD,0.79845744,3,7.97,0.3,2016-05-15,GraphSAGE,simulated
HOUSEHOLD_2_305,TX_1,HOUSEHOLD,1.1525373,3,5.47,0.3,2016-05-15,GraphSAGE,simulated
HOUSEHOLD_2_308,TX_1,HOUSEHOLD,1.3139442,2,3.94,0.3,2016-05-15,GraphSAGE,simulated
HOUSEHOLD_2_309,TX_1,HOUSEHOLD,0.54067147,2,2.46,0.3,2016-05-15,GraphSAGE,simulated
HOUSEHOLD_2_310,TX_1,HOUSEHOLD,1.4819907,4,1.42,0.3,2016-05-15,GraphSAGE,simulated
HOUSEHOLD_2_312,TX_1,HOUSEHOLD,4.8429837,7,3.97,0.3,2016-05-15,GraphSAGE,simulated
HOUSEHOLD_2_313,TX_1,HOUSEHOLD,2.6401258,3,1.97,0.3,2016-05-15,GraphSAGE,simulated
HOUSEHOLD_2_333,TX_1,HOUSEHOLD,0.9599503,5,4.98,0.3,2016-05-15,GraphSAGE,simulated
HOUSEHOLD_2_335,TX_1,HOUSEHOLD,2.9965487,6,6.24,0.3,2016-05-15,GraphSAGE,simulated
HOUSEHOLD_2_344,TX_1,HOUSEHOLD,9.350196,13,5.74,0.3,2016-05-15,GraphSAGE,simulated
HOUSEHOLD_2_346,TX_1,HOUSEHOLD,5.7355795,5,3.33,0.3,2016-05-15,GraphSAGE,simulated
HOUSEHOLD_2_353,TX_1,HOUSEHOLD,3.4231648,4,4.78,0.3,2016-05-15,GraphSAGE,simulated
HOUSEHOLD_2_354,TX_1,HOUSEHOLD,1.5773302,5,0.97,0.3,2016-05-15,GraphSAGE,simulated
HOUSEHOLD_2_361,TX_1,HOUSEHOLD,0.7612834,2,6.94,0.3,2016-05-15,GraphSAGE,simulated
HOUSEHOLD_2_363,TX_1,HOUSEHOLD,1.0243853,4,5.98,0.3,2016-05-15,GraphSAGE,simulated
HOUSEHOLD_2_365,TX_1,HOUSEHOLD,0.72287744,3,4.87,0.3,2016-05-15,GraphSAGE,simulated
HOUSEHOLD_2_374,TX_1,HOUSEHOLD,0.86287355,3,2.98,0.3,2016-05-15,GraphSAGE,simulated
HOUSEHOLD_2_378,TX_1,HOUSEHOLD,6.239243,7,6.98,0.3,2016-05-15,GraphSAGE,simulated
HOUSEHOLD_2_383,TX_1,HOUSEHOLD,3.4723887,5,3.88,0.3,2016-05-15,GraphSAGE,simulated
HOUSEHOLD_2_385,TX_1,HOUSEHOLD,0.42762375,2,7.47,0.3,2016-05-15,GraphSAGE,simulated
HOUSEHOLD_2_393,TX_1,HOUSEHOLD,0.3941458,3,5.88,0.3,2016-05-15,GraphSAGE,simulated
HOUSEHOLD_2_394,TX_1,HOUSEHOLD,1.9453907,7,6.27,0.3,2016-05-15,GraphSAGE,simulated
HOUSEHOLD_2_399,TX_1,HOUSEHOLD,2.5990987,4,2.67,0.3,2016-05-15,GraphSAGE,simulated
HOUSEHOLD_2_400,TX_1,HOUSEHOLD,1.1497138,2,3.88,0.3,2016-05-15,GraphSAGE,simulated
HOUSEHOLD_2_409,TX_1,HOUSEHOLD,5.899711,12,3.93,0.3,2016-05-15,GraphSAGE,simulated
HOUSEHOLD_2_414,TX_1,HOUSEHOLD,4.310654,9,5.74,0.3,2016-05-15,GraphSAGE,simulated
HOUSEHOLD_2_415,TX_1,HOUSEHOLD,0.27953428,2,2.46,0.3,2016-05-15,GraphSAGE,simulated
HOUSEHOLD_2_417,TX_1,HOUSEHOLD,0.5382446,3,3.97,0.3,2016-05-15,GraphSAGE,simulated
HOUSEHOLD_2_418,TX_1,HOUSEHOLD,1.6150725,3,2.78,0.3,2016-05-15,GraphSAGE,simulated
HOUSEHOLD_2_423,TX_1,HOUSEHOLD,3.8692296,3,3.87,0.3,2016-05-15,GraphSAGE,simulated
HOUSEHOLD_2_426,TX_1,HOUSEHOLD,2.0549312,4,4.37,0.3,2016-05-15,GraphSAGE,simulated
HOUSEHOLD_2_427,TX_1,HOUSEHOLD,3.3032362,3,3.48,0.3,2016-05-15,GraphSAGE,simulated
HOUSEHOLD_2_435,TX_1,HOUSEHOLD,1.1728414,5,5.97,0.3,2016-05-15,GraphSAGE,simulated
HOUSEHOLD_2_438,TX_1,HOUSEHOLD,3.6796122,6,8.87,0.3,2016-05-15,GraphSAGE,simulated
HOUSEHOLD_2_439,TX_1,HOUSEHOLD,2.253385,7,5.84,0.3,2016-05-15,GraphSAGE,simulated
HOUSEHOLD_2_444,TX_1,HOUSEHOLD,1.9885205,5,5.97,0.3,2016-05-15,GraphSAGE,simulated
HOUSEHOLD_2_452,TX_1,HOUSEHOLD,2.0099351,4,5.94,0.3,2016-05-15,GraphSAGE,simulated
HOUSEHOLD_2_465,TX_1,HOUSEHOLD,3.097231,8,7.54,0.3,2016-05-15,GraphSAGE,simulated
HOUSEHOLD_2_470,TX_1,HOUSEHOLD,5.649556,6,0.88,0.3,2016-05-15,GraphSAGE,simulated
HOUSEHOLD_2_476,TX_1,HOUSEHOLD,6.9990115,5,3.97,0.3,2016-05-15,GraphSAGE,simulated
HOUSEHOLD_2_478,TX_1,HOUSEHOLD,0.4518762,2,4.94,0.3,2016-05-15,GraphSAGE,simulated
HOUSEHOLD_2_480,TX_1,HOUSEHOLD,1.3326749,3,5.24,0.3,2016-05-15,GraphSAGE,simulated
HOUSEHOLD_2_481,TX_1,HOUSEHOLD,0.41117862,2,7.97,0.3,2016-05-15,GraphSAGE,simulated
HOUSEHOLD_2_483,TX_1,HOUSEHOLD,5.8050256,8,4.97,0.3,2016-05-15,GraphSAGE,simulated
HOUSEHOLD_2_487,TX_1,HOUSEHOLD,0.5504942,6,9.98,0.3,2016-05-15,GraphSAGE,simulated
HOUSEHOLD_2_491,TX_1,HOUSEHOLD,2.0313978,4,6.96,0.3,2016-05-15,GraphSAGE,simulated
HOUSEHOLD_2_499,TX_1,HOUSEHOLD,3.5563698,5,1.97,0.3,2016-05-15,GraphSAGE,simulated
HOUSEHOLD_2_500,TX_1,HOUSEHOLD,1.1358879,4,5.84,0.3,2016-05-15,GraphSAGE,simulated
HOUSEHOLD_2_501,TX_1,HOUSEHOLD,1.2603948,4,7.97,0.3,2016-05-15,GraphSAGE,simulated
HOUSEHOLD_2_513,TX_1,HOUSEHOLD,0.70225006,2,2.78,0.3,2016-05-15,GraphSAGE,simulated
