sku,store,category,forecast_7d,inventory,unit_price,alpha,forecast_cutoff,forecast_model,inventory_source
FOODS_1_011,CA_1,FOODS,6.146506925969646,5,2.68,0.3,2016-05-15,LightGBM,simulated
FOODS_1_033,CA_1,FOODS,2.3734642547331535,2,5.64,0.3,2016-05-15,LightGBM,simulated
FOODS_1_044,CA_1,FOODS,13.973884810787405,24,2.98,0.3,2016-05-15,LightGBM,simulated
FOODS_1_050,CA_1,FOODS,6.407171467487017,9,5.98,0.3,2016-05-15,LightGBM,simulated
FOODS_1_052,CA_1,FOODS,11.65775659881987,9,0.98,0.3,2016-05-15,LightGBM,simulated
FOODS_1_058,CA_1,FOODS,21.980732993216137,33,1.96,0.3,2016-05-15,LightGBM,simulated
FOODS_1_082,CA_1,FOODS,51.824654707952845,90,0.98,0.3,2016-05-15,LightGBM,simulated
FOODS_1_083,CA_1,FOODS,12.937850788136652,10,2.0,0.3,2016-05-15,LightGBM,simulated
FOODS_1_089,CA_1,FOODS,5.207382201679067,6,3.48,0.3,2016-05-15,LightGBM,simulated
FOODS_1_102,CA_1,FOODS,5.686087950881134,13,1.78,0.3,2016-05-15,LightGBM,simulated
FOODS_1_109,CA_1,FOODS,6.875346532211296,8,2.24,0.3,2016-05-15,LightGBM,simulated
FOODS_1_111,CA_1,FOODS,4.533487793597396,11,5.98,0.3,2016-05-15,LightGBM,simulated
FOODS_1_113,CA_1,FOODS,19.478539175376063,44,0.98,0.3,2016-05-15,LightGBM,simulated
FOODS_1_120,CA_1,FOODS,8.969364045308202,22,1.96,0.3,2016-05-15,LightGBM,simulated
FOODS_1_127,CA_1,FOODS,6.536745266329583,6,2.12,0.3,2016-05-15,LightGBM,simulated
FOODS_1_128,CA_1,FOODS,4.744709657423316,6,4.27,0.3,2016-05-15,LightGBM,simulated
FOODS_1_129,CA_1,FOODS,5.546819438656813,10,5.74,0.3,2016-05-15,LightGBM,simulated
FOODS_1_131,CA_1,FOODS,3.311174318409505,3,2.98,0.3,2016-05-15,LightGBM,simulated
FOODS_1_152,CA_1,FOODS,8.087637652508013,18,8.58,0.3,2016-05-15,LightGBM,simulated
FOODS_1_158,CA_1,FOODS,3.4085888227737344,5,4.68,0.3,2016-05-15,LightGBM,simulated
FOODS_1_163,CA_1,FOODS,3.880355041300053,5,0.98,0.3,2016-05-15,LightGBM,simulated
FOODS_1_173,CA_1,FOODS,26.70796450904865,22,2.0,0.3,2016-05-15,LightGBM,simulated
FOODS_1_174,CA_1,FOODS,10.277705598533968,15,5.28,0.3,2016-05-15,LightGBM,simulated
FOODS_1_180,CA_1,FOODS,11.39841942834465,13,9.97,0.3,2016-05-15,LightGBM,simulated
FOODS_1_190,CA_1,FOODS,7.676558273597373,15,0.98,0.3,2016-05-15,LightGBM,simulated
FOODS_1_193,CA_1,FOODS,6.65528977317397,4,4.89,0.3,2016-05-15,LightGBM,simulated
FOODS_1_203,CA_1,FOODS,6.289182033938238,13,2.24,0.3,2016-05-15,LightGBM,simulated
FOODS_1_215,CA_1,FOODS,12.272924609958569,7,1.84,0.3,2016-05-15,LightGBM,simulated
FOODS_1_216,CA_1,FOODS,3.7297168311084827,3,5.28,0.3,2016-05-15,LightGBM,simulated
FOODS_2_001,CA_1,FOODS,7.225957209596393,10,2.0,0.3,2016-05-15,LightGBM,simulated
FOODS_2_013,CA_1,FOODS,25.926659571830747,32,2.0,0.3,2016-05-15,LightGBM,simulated
FOODS_2_015,CA_1,FOODS,7.188447355752489,15,2.5,0.3,2016-05-15,LightGBM,simulated
FOODS_2_019,CA_1,FOODS,108.14011910312338,89,3.42,0.3,2016-05-15,LightGBM,simulated
FOODS_2_021,CA_1,FOODS,30.633295082878604,28,0.94,0.3,2016-05-15,LightGBM,simulated
FOODS_2_033,CA_1,FOODS,19.94716386040079,21,2.38,0.3,2016-05-15,LightGBM,simulated
FOODS_2_035,CA_1,FOODS,10.259863293977176,10,5.0,0.3,2016-05-15,LightGBM,simulated
FOODS_2_036,CA_1,FOODS,16.74978826026008,16,3.74,0.3,2016-05-15,LightGBM,simulated
FOODS_2_052,CA_1,FOODS,16.54404364129016,20,13.97,0.3,2016-05-15,LightGBM,simulated
FOODS_2_073,CA_1,FOODS,1.9262937686711517,3,5.98,0.3,2016-05-15,LightGBM,simulated
FOODS_2_080,CA_1,FOODS,28.199231522915287,42,2.18,0.3,2016-05-15,LightGBM,simulated
FOODS_2_083,CA_1,FOODS,7.02824482789688,9,6.72,0.3,2016-05-15,LightGBM,simulated
FOODS_2_105,CA_1,FOODS,5.975527442931923,11,3.44,0.3,2016-05-15,LightGBM,simulated
FOODS_2_110,CA_1,FOODS,6.096723486758078,8,2.38,0.3,2016-05-15,LightGBM,simulated
FOODS_2_118,CA_1,FOODS,2.911526826591944,5,3.28,0.3,2016-05-15,LightGBM,simulated
FOODS_2_126,CA_1,FOODS,3.431982848783651,2,4.88,0.3,2016-05-15,LightGBM,simulated
FOODS_2_139,CA_1,FOODS,12.461829709252694,15,2.98,0.3,2016-05-15,LightGBM,simulated
FOODS_2_159,CA_1,FOODS,2.2999721537357742,4,3.97,0.3,2016-05-15,LightGBM,simulated
FOODS_2_167,CA_1,FOODS,4.565341677431421,4,2.5,0.3,2016-05-15,LightGBM,simulated
FOODS_2_170,CA_1,FOODS,9.617103075360834,14,3.28,0.3,2016-05-15,LightGBM,simulated
FOODS_2_176,CA_1,FOODS,6.711013424838669,9,2.98,0.3,2016-05-15,LightGBM,simulated
FOODS_2_194,CA_1,FOODS,25.213181121339876,26,6.72,0.3,2016-05-15,LightGBM,simulated
FOODS_2_199,CA_1,FOODS,11.336150593415333,11,1.0,0.3,2016-05-15,LightGBM,simulated
FOODS_2_203,CA_1,FOODS,6.702549303376811,8,3.62,0.3,2016-05-15,LightGBM,simulated
FOODS_2_210,CA_1,FOODS,5.524582952497489,8,3.74,0.3,2016-05-15,LightGBM,simulated
FOODS_2_216,CA_1,FOODS,4.511245612315622,9,5.98,0.3,2016-05-15,LightGBM,simulated
FOODS_2_219,CA_1,FOODS,9.95715716145325,20,2.5,0.3,2016-05-15,LightGBM,simulated
FOODS_2_236,CA_1,FOODS,3.80950792708631,3,2.98,0.3,2016-05-15,LightGBM,simulated
FOODS_2_240,CA_1,FOODS,7.47773723620979,15,2.18,0.3,2016-05-15,LightGBM,simulated
FOODS_2_252,CA_1,FOODS,3.157459050269601,3,3.78,0.3,2016-05-15,LightGBM,simulated
FOODS_2_255,CA_1,FOODS,6.109267349535435,7,2.68,0.3,2016-05-15,LightGBM,simulated
FOODS_2_256,CA_1,FOODS,3.4475065492446593,7,6.36,0.3,2016-05-15,LightGBM,simulated
FOODS_2_262,CA_1,FOODS,8.765384497716166,11,2.0,0.3,2016-05-15,LightGBM,simulated
FOODS_2_264,CA_1,FOODS,8.158162049652343,5,3.97,0.3,2016-05-15,LightGBM,simulated
FOODS_2_269,CA_1,FOODS,5.23102767357874,12,2.5,0.3,2016-05-15,LightGBM,simulated
FOODS_2_272,CA_1,FOODS,7.135594263294457,11,2.0,0.3,2016-05-15,LightGBM,simulated
FOODS_2_277,CA_1,FOODS,4.723547425887719,5,1.28,0.3,2016-05-15,LightGBM,simulated
FOODS_2_294,CA_1,FOODS,25.77506613566627,32,1.0,0.3,2016-05-15,LightGBM,simulated
FOODS_2_301,CA_1,FOODS,5.344149616329341,7,3.18,0.3,2016-05-15,LightGBM,simulated
FOODS_2_303,CA_1,FOODS,4.451110192537203,6,2.18,0.3,2016-05-15,LightGBM,simulated
FOODS_2_320,CA_1,FOODS,8.354210197127136,11,1.86,0.3,2016-05-15,LightGBM,simulated
FOODS_2_323,CA_1,FOODS,5.094408372893339,6,3.97,0.3,2016-05-15,LightGBM,simulated
FOODS_2_328,CA_1,FOODS,4.208088737441017,4,4.42,0.3,2016-05-15,LightGBM,simulated
FOODS_2_330,CA_1,FOODS,3.6873843429281794,6,4.33,0.3,2016-05-15,LightGBM,simulated
FOODS_2_347,CA_1,FOODS,81.40025607101947,67,2.24,0.3,2016-05-15,LightGBM,simulated
FOODS_2_350,CA_1,FOODS,4.363461189481123,5,4.98,0.3,2016-05-15,LightGBM,simulated
FOODS_2_352,CA_1,FOODS,31.62722772237504,27,9.98,0.3,2016-05-15,LightGBM,simulated
FOODS_2_355,CA_1,FOODS,7.823158090654011,9,2.5,0.3,2016-05-15,LightGBM,simulated
FOODS_2_357,CA_1,FOODS,16.128359268709264,16,2.0,0.3,2016-05-15,LightGBM,simulated
FOODS_2_358,CA_1,FOODS,2.3653035113512297,5,2.5,0.3,2016-05-15,LightGBM,simulated
FOODS_2_362,CA_1,FOODS,1.4487498077613816,5,6.98,0.3,2016-05-15,LightGBM,simulated
FOODS_2_363,CA_1,FOODS,4.1222643888626695,8,2.5,0.3,2016-05-15,LightGBM,simulated
FOODS_2_371,CA_1,FOODS,61.32237110032731,49,2.0,0.3,2016-05-15,LightGBM,simulated
FOODS_2_382,CA_1,FOODS,10.588138879098636,24,3.88,0.3,2016-05-15,LightGBM,simulated
FOODS_2_387,CA_1,FOODS,5.338896809382181,6,12.97,0.3,2016-05-15,LightGBM,simulated
FOODS_2_388,CA_1,FOODS,13.320350197788422,6,2.98,0.3,2016-05-15,LightGBM,simulated
FOODS_2_390,CA_1,FOODS,1.9839790021135726,3,7.16,0.3,2016-05-15,LightGBM,simulated
FOODS_2_392,CA_1,FOODS,2.857440283511384,7,4.98,0.3,2016-05-15,LightGBM,simulated
FOODS_2_399,CA_1,FOODS,13.825535831934623,21,2.0,0.3,2016-05-15,LightGBM,simulated
FOODS_3_006,CA_1,FOODS,3.3275473299870066,4,7.88,0.3,2016-05-15,LightGBM,simulated
FOODS_3_011,CA_1,FOODS,11.016916504817436,15,1.98,0.3,2016-05-15,LightGBM,simulated
FOODS_3_016,CA_1,FOODS,20.63747389451022,16,2.98,0.3,2016-05-15,LightGBM,simulated
FOODS_3_021,CA_1,FOODS,10.560905598031324,21,2.48,0.3,2016-05-15,LightGBM,simulated
FOODS_3_028,CA_1,FOODS,8.313619309750253,7,3.88,0.3,2016-05-15,LightGBM,simulated
FOODS_3_030,CA_1,FOODS,47.80968695365333,39,1.48,0.3,2016-05-15,LightGBM,simulated
FOODS_3_039,CA_1,FOODS,47.342400051309795,41,3.98,0.3,2016-05-15,LightGBM,simulated
FOODS_3_044,CA_1,FOODS,3.652796976473943,5,2.88,0.3,2016-05-15,LightGBM,simulated
FOODS_3_071,CA_1,FOODS,21.447685703170517,22,1.34,0.3,2016-05-15,LightGBM,simulated
FOODS_3_078,CA_1,FOODS,2.41160043866314,4,2.97,0.3,2016-05-15,LightGBM,simulated
FOODS_3_092,CA_1,FOODS,5.2698942299175595,2,3.98,0.3,2016-05-15,LightGBM,simulated
FOODS_3_093,CA_1,FOODS,11.462368917696596,17,1.98,0.3,2016-05-15,LightGBM,simulated
FOODS_3_094,CA_1,FOODS,8.423163107262914,8,2.98,0.3,2016-05-15,LightGBM,simulated
FOODS_3_095,CA_1,FOODS,2.746663080289789,3,4.98,0.3,2016-05-15,LightGBM,simulated
FOODS_3_097,CA_1,FOODS,51.394916273176065,56,2.24,0.3,2016-05-15,LightGBM,simulated
FOODS_3_130,CA_1,FOODS,9.372940984549915,9,2.68,0.3,2016-05-15,LightGBM,simulated
FOODS_3_138,CA_1,FOODS,12.828843251182127,16,1.98,0.3,2016-05-15,LightGBM,simulated
FOODS_3_145,CA_1,FOODS,2.362520251319782,6,2.98,0.3,2016-05-15,LightGBM,simulated
FOODS_3_154,CA_1,FOODS,7.9514444050697035,10,2.98,0.3,2016-05-15,LightGBM,simulated
FOODS_3_157,CA_1,FOODS,9.999065650402402,10,3.32,0.3,2016-05-15,LightGBM,simulated
FOODS_3_158,CA_1,FOODS,4.541421092257766,7,5.98,0.3,2016-05-15,LightGBM,simulated
FOODS_3_161,CA_1,FOODS,2.7357006683845415,3,1.98,0.3,2016-05-15,LightGBM,simulated
FOODS_3_165,CA_1,FOODS,1.0793627503637722,3,3.87,0.3,2016-05-15,LightGBM,simulated
FOODS_3_172,CA_1,FOODS,15.787906755556248,13,1.78,0.3,2016-05-15,LightGBM,simulated
FOODS_3_194,CA_1,FOODS,16.283823371399325,13,2.98,0.3,2016-05-15,LightGBM,simulated
FOODS_3_199,CA_1,FOODS,6.042850727219263,11,2.56,0.3,2016-05-15,LightGBM,simulated
FOODS_3_201,CA_1,FOODS,15.75363098783638,12,2.56,0.3,2016-05-15,LightGBM,simulated
FOODS_3_216,CA_1,FOODS,7.319067262544424,18,2.56,0.3,2016-05-15,LightGBM,simulated
FOODS_3_220,CA_1,FOODS,1.8201406887750633,5,2.98,0.3,2016-05-15,LightGBM,simulated
FOODS_3_238,CA_1,FOODS,24.146917763374113,35,3.27,0.3,2016-05-15,LightGBM,simulated
FOODS_3_255,CA_1,FOODS,2.11940429800267,4,3.98,0.3,2016-05-15,LightGBM,simulated
FOODS_3_256,CA_1,FOODS,1.077531738557317,3,2.58,0.3,2016-05-15,LightGBM,simulated
FOODS_3_259,CA_1,FOODS,28.910888206409833,38,1.78,0.3,2016-05-15,LightGBM,simulated
FOODS_3_270,CA_1,FOODS,7.393682081408438,15,2.98,0.3,2016-05-15,LightGBM,simulated
FOODS_3_273,CA_1,FOODS,24.063215833929203,14,2.24,0.3,2016-05-15,LightGBM,simulated
FOODS_3_278,CA_1,FOODS,9.244771518098437,12,1.0,0.3,2016-05-15,LightGBM,simulated
FOODS_3_282,CA_1,FOODS,192.367780595567,81,2.56,0.3,2016-05-15,LightGBM,simulated
FOODS_3_284,CA_1,FOODS,2.8515234231627264,5,1.98,0.3,2016-05-15,LightGBM,simulated
FOODS_3_286,CA_1,FOODS,5.5352852667969765,9,3.98,0.3,2016-05-15,LightGBM,simulated
FOODS_3_288,CA_1,FOODS,100.78898995400337,59,1.5,0.3,2016-05-15,LightGBM,simulated
FOODS_3_296,CA_1,FOODS,3.7325313597682985,4,2.0,0.3,2016-05-15,LightGBM,simulated
FOODS_3_299,CA_1,FOODS,31.55300847750333,37,1.5,0.3,2016-05-15,LightGBM,simulated
FOODS_3_307,CA_1,FOODS,35.26273699235173,27,3.98,0.3,2016-05-15,LightGBM,simulated
FOODS_3_310,CA_1,FOODS,9.188699550089854,16,1.0,0.3,2016-05-15,LightGBM,simulated
FOODS_3_314,CA_1,FOODS,10.086877132100488,14,2.48,0.3,2016-05-15,LightGBM,simulated
FOODS_3_317,CA_1,FOODS,42.87133757590171,53,0.94,0.3,2016-05-15,LightGBM,simulated
FOODS_3_337,CA_1,FOODS,4.268437356371713,4,3.98,0.3,2016-05-15,LightGBM,simulated
FOODS_3_340,CA_1,FOODS,4.004551964627689,3,3.32,0.3,2016-05-15,LightGBM,simulated
FOODS_3_346,CA_1,FOODS,29.20297764783936,50,1.98,0.3,2016-05-15,LightGBM,simulated
FOODS_3_351,CA_1,FOODS,70.56142839727083,82,0.94,0.3,2016-05-15,LightGBM,simulated
FOODS_3_355,CA_1,FOODS,23.4775185354525,29,0.94,0.3,2016-05-15,LightGBM,simulated
FOODS_3_357,CA_1,FOODS,5.804287198001455,5,3.64,0.3,2016-05-15,LightGBM,simulated
FOODS_3_364,CA_1,FOODS,3.481327510518967,11,2.78,0.3,2016-05-15,LightGBM,simulated
FOODS_3_366,CA_1,FOODS,9.194431015376637,18,1.74,0.3,2016-05-15,LightGBM,simulated
FOODS_3_371,CA_1,FOODS,3.307407989958988,5,2.5,0.3,2016-05-15,LightGBM,simulated
FOODS_3_372,CA_1,FOODS,27.23808251332617,34,3.28,0.3,2016-05-15,LightGBM,simulated
FOODS_3_374,CA_1,FOODS,8.567736852822932,16,2.56,0.3,2016-05-15,LightGBM,simulated
FOODS_3_377,CA_1,FOODS,61.94184839164523,56,1.68,0.3,2016-05-15,LightGBM,simulated
FOODS_3_389,CA_1,FOODS,54.15971552557526,42,1.68,0.3,2016-05-15,LightGBM,simulated
FOODS_3_401,CA_1,FOODS,5.944435255471887,9,1.98,0.3,2016-05-15,LightGBM,simulated
FOODS_3_406,CA_1,FOODS,102.29008683787414,83,0.8,0.3,2016-05-15,LightGBM,simulated
FOODS_3_407,CA_1,FOODS,24.383874059748965,17,2.98,0.3,2016-05-15,LightGBM,simulated
FOODS_3_428,CA_1,FOODS,7.783684032490361,19,1.98,0.3,2016-05-15,LightGBM,simulated
FOODS_3_432,CA_1,FOODS,3.8769521483138583,5,3.98,0.3,2016-05-15,LightGBM,simulated
FOODS_3_436,CA_1,FOODS,2.770778700177679,4,2.5,0.3,2016-05-15,LightGBM,simulated
FOODS_3_441,CA_1,FOODS,0.05771790062748287,2,6.98,0.3,2016-05-15,LightGBM,simulated
FOODS_3_442,CA_1,FOODS,2.0894228788130946,3,2.48,0.3,2016-05-15,LightGBM,simulated
FOODS_3_443,CA_1,FOODS,2.8444813559822046,8,2.5,0.3,2016-05-15,LightGBM,simulated
FOODS_3_444,CA_1,FOODS,107.22412955132656,114,6.98,0.3,2016-05-15,LightGBM,simulated
FOODS_3_455,CA_1,FOODS,60.41975435922252,92,2.48,0.3,2016-05-15,LightGBM,simulated
FOODS_3_457,CA_1,FOODS,2.4798240320539375,7,2.5,0.3,2016-05-15,LightGBM,simulated
FOODS_3_466,CA_1,FOODS,0.8340434370148245,2,3.78,0.3,2016-05-15,LightGBM,simulated
FOODS_3_475,CA_1,FOODS,3.7075221606554036,3,1.0,0.3,2016-05-15,LightGBM,simulated
FOODS_3_478,CA_1,FOODS,3.5572517599208426,15,1.74,0.3,2016-05-15,LightGBM,simulated
FOODS_3_481,CA_1,FOODS,19.677656288240552,15,3.88,0.3,2016-05-15,LightGBM,simulated
FOODS_3_483,CA_1,FOODS,10.356650641462437,8,2.98,0.3,2016-05-15,LightGBM,simulated
FOODS_3_487,CA_1,FOODS,14.283828354043221,16,1.68,0.3,2016-05-15,LightGBM,simulated
FOODS_3_492,CA_1,FOODS,8.83747739556355,8,2.98,0.3,2016-05-15,LightGBM,simulated
FOODS_3_502,CA_1,FOODS,14.200132745493272,17,2.56,0.3,2016-05-15,LightGBM,simulated
FOODS_3_507,CA_1,FOODS,3.0436849399064667,6,1.98,0.3,2016-05-15,LightGBM,simulated
FOODS_3_517,CA_1,FOODS,4.303210984193237,4,2.94,0.3,2016-05-15,LightGBM,simulated
FOODS_3_526,CA_1,FOODS,35.431593210874205,41,1.98,0.3,2016-05-15,LightGBM,simulated
FOODS_3_530,CA_1,FOODS,27.79749978011537,27,1.68,0.3,2016-05-15,LightGBM,simulated
FOODS_3_535,CA_1,FOODS,9.882549229792113,16,5.98,0.3,2016-05-15,LightGBM,simulated
FOODS_3_552,CA_1,FOODS,4.647789410167786,3,1.98,0.3,2016-05-15,LightGBM,simulated
FOODS_3_556,CA_1,FOODS,4.672054542033322,11,2.56,0.3,2016-05-15,LightGBM,simulated
FOODS_3_568,CA_1,FOODS,18.488833539874687,21,1.0,0.3,2016-05-15,LightGBM,simulated
FOODS_3_575,CA_1,FOODS,5.999021099500916,6,6.72,0.3,2016-05-15,LightGBM,simulated
FOODS_3_584,CA_1,FOODS,6.875153585495054,2,1.0,0.3,2016-05-15,LightGBM,simulated
FOODS_3_585,CA_1,FOODS,10.464351115262144,17,3.98,0.3,2016-05-15,LightGBM,simulated
FOODS_3_606,CA_1,FOODS,14.910425452431317,26,2.88,0.3,2016-05-15,LightGBM,simulated
FOODS_3_627,CA_1,FOODS,4.810144565179194,8,2.88,0.3,2016-05-15,LightGBM,simulated
FOODS_3_633,CA_1,FOODS,12.886450781580747,17,2.88,0.3,2016-05-15,LightGBM,simulated
FOODS_3_646,CA_1,FOODS,12.368189167710943,19,2.68,0.3,2016-05-15,LightGBM,simulated
FOODS_3_657,CA_1,FOODS,16.109069201965415,17,3.98,0.3,2016-05-15,LightGBM,simulated
FOODS_3_663,CA_1,FOODS,9.63308537518189,15,1.74,0.3,2016-05-15,LightGBM,simulated
FOODS_3_679,CA_1,FOODS,7.278953788504945,13,3.88,0.3,2016-05-15,LightGBM,simulated
FOODS_3_695,CA_1,FOODS,54.837195162757624,74,3.98,0.3,2016-05-15,LightGBM,simulated
FOODS_3_719,CA_1,FOODS,5.3605937864796696,7,2.5,0.3,2016-05-15,LightGBM,simulated
FOODS_3_731,CA_1,FOODS,13.194997877658816,9,2.98,0.3,2016-05-15,LightGBM,simulated
FOODS_3_745,CA_1,FOODS,1.2876495699042174,4,1.98,0.3,2016-05-15,LightGBM,simulated
FOODS_3_762,CA_1,FOODS,7.646617379195279,10,3.27,0.3,2016-05-15,LightGBM,simulated
FOODS_3_765,CA_1,FOODS,8.802588113436144,11,3.0,0.3,2016-05-15,LightGBM,simulated
FOODS_3_773,CA_1,FOODS,5.4832212443616495,6,4.98,0.3,2016-05-15,LightGBM,simulated
FOODS_3_783,CA_1,FOODS,37.091499082105145,26,5.44,0.3,2016-05-15,LightGBM,simulated
FOODS_3_790,CA_1,FOODS,4.590387303696522,10,2.48,0.3,2016-05-15,LightGBM,simulated
FOODS_3_806,CA_1,FOODS,4.161614107464791,6,2.56,0.3,2016-05-15,LightGBM,simulated
FOODS_3_812,CA_1,FOODS,12.687557720329963,10,2.94,0.3,2016-05-15,LightGBM,simulated
FOODS_3_813,CA_1,FOODS,15.847019498390052,26,4.54,0.3,2016-05-15,LightGBM,simulated
FOODS_3_819,CA_1,FOODS,13.748867407185315,17,1.98,0.3,2016-05-15,LightGBM,simulated
FOODS_3_820,CA_1,FOODS,13.290729208982171,11,1.98,0.3,2016-05-15,LightGBM,simulated
FOODS_3_827,CA_1,FOODS,31.662648386182404,25,1.0,0.3,2016-05-15,LightGBM,simulated
HOBBIES_1_001,CA_1,HOBBIES,7.688371972257074,16,8.38,0.3,2016-05-15,LightGBM,simulated
HOBBIES_1_007,CA_1,HOBBIES,2.057145406707352,3,7.88,0.3,2016-05-15,LightGBM,simulated
HOBBIES_1_008,CA_1,HOBBIES,72.11289965869116,84,0.48,0.3,2016-05-15,LightGBM,simulated
HOBBIES_1_022,CA_1,HOBBIES,1.5889573408088289,3,7.18,0.3,2016-05-15,LightGBM,simulated
HOBBIES_1_025,CA_1,HOBBIES,4.851894976622405,5,3.98,0.3,2016-05-15,LightGBM,simulated
HOBBIES_1_028,CA_1,HOBBIES,7.095059225650072,9,7.98,0.3,2016-05-15,LightGBM,simulated
HOBBIES_1_033,CA_1,HOBBIES,1.6169900445110854,3,16.86,0.3,2016-05-15,LightGBM,simulated
HOBBIES_1_036,CA_1,HOBBIES,4.740367937724159,6,1.12,0.3,2016-05-15,LightGBM,simulated
HOBBIES_1_039,CA_1,HOBBIES,0.8656522761777402,3,5.88,0.3,2016-05-15,LightGBM,simulated
HOBBIES_1_042,CA_1,HOBBIES,3.6180210085986366,5,7.83,0.3,2016-05-15,LightGBM,simulated
HOBBIES_1_043,CA_1,HOBBIES,15.283664132389857,13,0.7,0.3,2016-05-15,LightGBM,simulated
HOBBIES_1_044,CA_1,HOBBIES,4.324165943109167,5,1.48,0.3,2016-05-15,LightGBM,simulated
HOBBIES_1_045,CA_1,HOBBIES,0.9626992306002604,2,10.58,0.3,2016-05-15,LightGBM,simulated
HOBBIES_1_051,CA_1,HOBBIES,1.9362203257315547,3,5.98,0.3,2016-05-15,LightGBM,simulated
HOBBIES_1_053,CA_1,HOBBIES,0.29707047405208553,2,3.97,0.3,2016-05-15,LightGBM,simulated
HOBBIES_1_061,CA_1,HOBBIES,1.643050541939391,4,2.83,0.3,2016-05-15,LightGBM,simulated
HOBBIES_1_062,CA_1,HOBBIES,0.2655545137248814,2,0.97,0.3,2016-05-15,LightGBM,simulated
HOBBIES_1_063,CA_1,HOBBIES,1.2050393720331547,3,5.47,0.3,2016-05-15,LightGBM,simulated
HOBBIES_1_064,CA_1,HOBBIES,6.106339076112173,2,12.97,0.3,2016-05-15,LightGBM,simulated
HOBBIES_1_072,CA_1,HOBBIES,5.484905437296445,8,1.97,0.3,2016-05-15,LightGBM,simulated
HOBBIES_1_076,CA_1,HOBBIES,5.29544155780807,8,3.43,0.3,2016-05-15,LightGBM,simulated
HOBBIES_1_079,CA_1,HOBBIES,5.705412480591052,10,7.88,0.3,2016-05-15,LightGBM,simulated
HOBBIES_1_080,CA_1,HOBBIES,18.926020680789158,14,0.57,0.3,2016-05-15,LightGBM,simulated
HOBBIES_1_081,CA_1,HOBBIES,5.758822144925141,9,14.72,0.3,2016-05-15,LightGBM,simulated
HOBBIES_1_082,CA_1,HOBBIES,1.541189724028988,4,3.78,0.3,2016-05-15,LightGBM,simulated
HOBBIES_1_084,CA_1,HOBBIES,6.643111322295897,13,3.94,0.3,2016-05-15,LightGBM,simulated
HOBBIES_1_086,CA_1,HOBBIES,6.9888031654587826,5,8.38,0.3,2016-05-15,LightGBM,simulated
HOBBIES_1_087,CA_1,HOBBIES,2.993463986725485,7,12.88,0.3,2016-05-15,LightGBM,simulated
HOBBIES_1_092,CA_1,HOBBIES,0.8340606936397803,2,2.38,0.3,2016-05-15,LightGBM,simulated
HOBBIES_1_094,CA_1,HOBBIES,2.1021390229886148,2,12.97,0.3,2016-05-15,LightGBM,simulated
HOBBIES_1_095,CA_1,HOBBIES,1.3531612137026574,4,7.68,0.3,2016-05-15,LightGBM,simulated
HOBBIES_1_097,CA_1,HOBBIES,3.6995881452525454,6,4.24,0.3,2016-05-15,LightGBM,simulated
HOBBIES_1_099,CA_1,HOBBIES,8.566499885083335,21,13.98,0.3,2016-05-15,LightGBM,simulated
HOBBIES_1_104,CA_1,HOBBIES,1.2757715712006317,2,23.98,0.3,2016-05-15,LightGBM,simulated
HOBBIES_1_105,CA_1,HOBBIES,2.2454092928298155,3,6.68,0.3,2016-05-15,LightGBM,simulated
HOBBIES_1_108,CA_1,HOBBIES,6.773835377982544,14,12.98,0.3,2016-05-15,LightGBM,simulated
HOBBIES_1_112,CA_1,HOBBIES,0.8653866502166776,3,2.72,0.3,2016-05-15,LightGBM,simulated
HOBBIES_1_114,CA_1,HOBBIES,1.841021435009441,7,5.97,0.3,2016-05-15,LightGBM,simulated
HOBBIES_1_120,CA_1,HOBBIES,4.688033299522832,4,10.98,0.3,2016-05-15,LightGBM,simulated
HOBBIES_1_121,CA_1,HOBBIES,4.088230458381573,3,1.12,0.3,2016-05-15,LightGBM,simulated
HOBBIES_1_127,CA_1,HOBBIES,4.907714478205979,13,1.22,0.3,2016-05-15,LightGBM,simulated
HOBBIES_1_128,CA_1,HOBBIES,2.546752934907445,6,8.77,0.3,2016-05-15,LightGBM,simulated
HOBBIES_1_130,CA_1,HOBBIES,6.411904286284294,6,2.73,0.3,2016-05-15,LightGBM,simulated
HOBBIES_1_133,CA_1,HOBBIES,2.4990182804297123,7,12.88,0.3,2016-05-15,LightGBM,simulated
HOBBIES_1_135,CA_1,HOBBIES,2.1731584798932904,4,20.38,0.3,2016-05-15,LightGBM,simulated
HOBBIES_1_136,CA_1,HOBBIES,0.7129338540519654,2,4.88,0.3,2016-05-15,LightGBM,simulated
HOBBIES_1_139,CA_1,HOBBIES,7.833758390019137,9,2.74,0.3,2016-05-15,LightGBM,simulated
HOBBIES_1_144,CA_1,HOBBIES,7.6535059902911895,8,11.28,0.3,2016-05-15,LightGBM,simulated
HOBBIES_1_145,CA_1,HOBBIES,7.582760971319013,23,1.28,0.3,2016-05-15,LightGBM,simulated
HOBBIES_1_150,CA_1,HOBBIES,8.308655320315397,12,1.77,0.3,2016-05-15,LightGBM,simulated
HOBBIES_1_152,CA_1,HOBBIES,3.26044679791512,3,4.86,0.3,2016-05-15,LightGBM,simulated
HOBBIES_1_154,CA_1,HOBBIES,10.290159147773354,10,2.88,0.3,2016-05-15,LightGBM,simulated
HOBBIES_1_155,CA_1,HOBBIES,24.763497342833855,32,18.98,0.3,2016-05-15,LightGBM,simulated
HOBBIES_1_158,CA_1,HOBBIES,23.123317524045127,21,22.98,0.3,2016-05-15,LightGBM,simulated
HOBBIES_1_160,CA_1,HOBBIES,5.139337269032156,6,19.96,0.3,2016-05-15,LightGBM,simulated
HOBBIES_1_161,CA_1,HOBBIES,6.134042718392586,4,0.7,0.3,2016-05-15,LightGBM,simulated
HOBBIES_1_165,CA_1,HOBBIES,2.136203392614514,6,4.97,0.3,2016-05-15,LightGBM,simulated
HOBBIES_1_167,CA_1,HOBBIES,9.252388695618821,18,0.68,0.3,2016-05-15,LightGBM,simulated
HOBBIES_1_171,CA_1,HOBBIES,3.3031242717256344,4,2.88,0.3,2016-05-15,LightGBM,simulated
HOBBIES_1_175,CA_1,HOBBIES,1.0353403878421514,3,1.97,0.3,2016-05-15,LightGBM,simulated
HOBBIES_1_176,CA_1,HOBBIES,3.7483626607374263,5,5.94,0.3,2016-05-15,LightGBM,simulated
HOBBIES_1_185,CA_1,HOBBIES,3.8108010788118256,7,3.24,0.3,2016-05-15,LightGBM,simulated
HOBBIES_1_187,CA_1,HOBBIES,4.979331186037345,5,7.0,0.3,2016-05-15,LightGBM,simulated
HOBBIES_1_191,CA_1,HOBBIES,1.310432962566812,3,8.97,0.3,2016-05-15,LightGBM,simulated
HOBBIES_1_194,CA_1,HOBBIES,10.73145427762532,16,2.88,0.3,2016-05-15,LightGBM,simulated
HOBBIES_1_197,CA_1,HOBBIES,1.7929807027417608,3,12.84,0.3,2016-05-15,LightGBM,simulated
HOBBIES_1_198,CA_1,HOBBIES,3.161866511273277,4,8.38,0.3,2016-05-15,LightGBM,simulated
HOBBIES_1_203,CA_1,HOBBIES,4.298327020867932,5,12.98,0.3,2016-05-15,LightGBM,simulated
HOBBIES_1_206,CA_1,HOBBIES,9.800011654693552,9,2.72,0.3,2016-05-15,LightGBM,simulated
HOBBIES_1_207,CA_1,HOBBIES,1.4526369699763895,2,2.78,0.3,2016-05-15,LightGBM,simulated
HOBBIES_1_209,CA_1,HOBBIES,34.533122393172896,35,0.7,0.3,2016-05-15,LightGBM,simulated
HOBBIES_1_213,CA_1,HOBBIES,5.238412465787166,6,8.38,0.3,2016-05-15,LightGBM,simulated
HOBBIES_1_217,CA_1,HOBBIES,1.4547831565086051,3,3.47,0.3,2016-05-15,LightGBM,simulated
HOBBIES_1_218,CA_1,HOBBIES,2.950888842509656,7,10.58,0.3,2016-05-15,LightGBM,simulated
HOBBIES_1_221,CA_1,HOBBIES,1.5847913195168748,4,2.97,0.3,2016-05-15,LightGBM,simulated
HOBBIES_1_225,CA_1,HOBBIES,2.284298483821732,4,29.96,0.3,2016-05-15,LightGBM,simulated
HOBBIES_1_226,CA_1,HOBBIES,8.237174749199804,6,13.98,0.3,2016-05-15,LightGBM,simulated
HOBBIES_1_233,CA_1,HOBBIES,16.41775337598062,2,0.7,0.3,2016-05-15,LightGBM,simulated
HOBBIES_1_237,CA_1,HOBBIES,5.14543591628917,9,7.98,0.3,2016-05-15,LightGBM,simulated
HOBBIES_1_239,CA_1,HOBBIES,2.399007353128126,6,2.97,0.3,2016-05-15,LightGBM,simulated
HOBBIES_1_243,CA_1,HOBBIES,1.5192120738516826,3,13.88,0.3,2016-05-15,LightGBM,simulated
HOBBIES_1_245,CA_1,HOBBIES,1.6566658472858848,3,4.97,0.3,2016-05-15,LightGBM,simulated
HOBBIES_1_246,CA_1,HOBBIES,3.1271148685451657,5,10.98,0.3,2016-05-15,LightGBM,simulated
HOBBIES_1_248,CA_1,HOBBIES,9.383894567601132,11,0.94,0.3,2016-05-15,LightGBM,simulated
HOBBIES_1_251,CA_1,HOBBIES,3.6991323067655575,5,15.83,0.3,2016-05-15,LightGBM,simulated
HOBBIES_1_252,CA_1,HOBBIES,10.525536457916221,13,0.68,0.3,2016-05-15,LightGBM,simulated
HOBBIES_1_253,CA_1,HOBBIES,3.60987894991439,4,11.98,0.3,2016-05-15,LightGBM,simulated
HOBBIES_1_254,CA_1,HOBBIES,49.45402164172608,40,0.7,0.3,2016-05-15,LightGBM,simulated
HOBBIES_1_256,CA_1,HOBBIES,50.86040682347352,73,0.48,0.3,2016-05-15,LightGBM,simulated
HOBBIES_1_260,CA_1,HOBBIES,1.2770086285972007,3,12.44,0.3,2016-05-15,LightGBM,simulated
HOBBIES_1_261,CA_1,HOBBIES,48.62018747167606,91,0.48,0.3,2016-05-15,LightGBM,simulated
HOBBIES_1_262,CA_1,HOBBIES,5.060039796855906,5,8.98,0.3,2016-05-15,LightGBM,simulated
HOBBIES_1_264,CA_1,HOBBIES,3.092953010469648,5,4.47,0.3,2016-05-15,LightGBM,simulated
HOBBIES_1_267,CA_1,HOBBIES,1.1139975570020524,3,2.88,0.3,2016-05-15,LightGBM,simulated
HOBBIES_1_268,CA_1,HOBBIES,72.87292414192383,92,0.48,0.3,2016-05-15,LightGBM,simulated
HOBBIES_1_275,CA_1,HOBBIES,5.8573825419248395,17,12.88,0.3,2016-05-15,LightGBM,simulated
HOBBIES_1_277,CA_1,HOBBIES,4.301550646232028,8,1.77,0.3,2016-05-15,LightGBM,simulated
HOBBIES_1_282,CA_1,HOBBIES,7.529998809247887,10,3.98,0.3,2016-05-15,LightGBM,simulated
HOBBIES_1_287,CA_1,HOBBIES,4.237433926893672,7,5.76,0.3,2016-05-15,LightGBM,simulated
HOBBIES_1_289,CA_1,HOBBIES,1.1510309662715847,2,4.97,0.3,2016-05-15,LightGBM,simulated
HOBBIES_1_290,CA_1,HOBBIES,1.6011677443931356,5,5.77,0.3,2016-05-15,LightGBM,simulated
HOBBIES_1_294,CA_1,HOBBIES,1.3769299600404616,3,3.88,0.3,2016-05-15,LightGBM,simulated
HOBBIES_1_298,CA_1,HOBBIES,7.48373941756687,8,3.94,0.3,2016-05-15,LightGBM,simulated
HOBBIES_1_300,CA_1,HOBBIES,7.023490750941685,8,9.83,0.3,2016-05-15,LightGBM,simulated
HOBBIES_1_305,CA_1,HOBBIES,2.1433772843600374,6,2.87,0.3,2016-05-15,LightGBM,simulated
HOBBIES_1_310,CA_1,HOBBIES,3.975340814012589,5,5.72,0.3,2016-05-15,LightGBM,simulated
HOBBIES_1_311,CA_1,HOBBIES,1.7703734943026068,4,17.98,0.3,2016-05-15,LightGBM,simulated
HOBBIES_1_312,CA_1,HOBBIES,22.72795803686917,40,0.57,0.3,2016-05-15,LightGBM,simulated
HOBBIES_1_315,CA_1,HOBBIES,0.958609467456597,2,4.97,0.3,2016-05-15,LightGBM,simulated
HOBBIES_1_317,CA_1,HOBBIES,4.991926709056091,6,7.98,0.3,2016-05-15,LightGBM,simulated
HOBBIES_1_322,CA_1,HOBBIES,1.4923338791399077,3,3.97,0.3,2016-05-15,LightGBM,simulated
HOBBIES_1_326,CA_1,HOBBIES,4.997430367058509,9,1.97,0.3,2016-05-15,LightGBM,simulated
HOBBIES_1_327,CA_1,HOBBIES,4.419316562404259,8,7.88,0.3,2016-05-15,LightGBM,simulated
HOBBIES_1_331,CA_1,HOBBIES,1.9713488104731027,4,0.94,0.3,2016-05-15,LightGBM,simulated
HOBBIES_1_332,CA_1,HOBBIES,5.403970788887565,8,7.88,0.3,2016-05-15,LightGBM,simulated
HOBBIES_1_333,CA_1,HOBBIES,1.4425312388434262,3,4.97,0.3,2016-05-15,LightGBM,simulated
HOBBIES_1_335,CA_1,HOBBIES,3.025475717741303,7,11.96,0.3,2016-05-15,LightGBM,simulated
HOBBIES_1_338,CA_1,HOBBIES,7.001870780824463,7,8.98,0.3,2016-05-15,LightGBM,simulated
HOBBIES_1_340,CA_1,HOBBIES,2.6374995354649786,4,6.97,0.3,2016-05-15,LightGBM,simulated
HOBBIES_1_341,CA_1,HOBBIES,44.30504718885578,96,0.48,0.3,2016-05-15,LightGBM,simulated
HOBBIES_1_344,CA_1,HOBBIES,4.9134829784744385,9,11.78,0.3,2016-05-15,LightGBM,simulated
HOBBIES_1_345,CA_1,HOBBIES,4.861330924114777,7,7.88,0.3,2016-05-15,LightGBM,simulated
HOBBIES_1_346,CA_1,HOBBIES,3.4655566376139397,6,3.97,0.3,2016-05-15,LightGBM,simulated
HOBBIES_1_350,CA_1,HOBBIES,1.310933709515897,3,2.98,0.3,2016-05-15,LightGBM,simulated
HOBBIES_1_353,CA_1,HOBBIES,30.571578057476724,52,1.08,0.3,2016-05-15,LightGBM,simulated
HOBBIES_1_354,CA_1,HOBBIES,50.35485078551972,57,22.98,0.3,2016-05-15,LightGBM,simulated
HOBBIES_1_359,CA_1,HOBBIES,1.2542842432184564,3,1.47,0.3,2016-05-15,LightGBM,simulated
HOBBIES_1_365,CA_1,HOBBIES,1.3935693192327088,5,3.97,0.3,2016-05-15,LightGBM,simulated
HOBBIES_1_366,CA_1,HOBBIES,2.8407561728889914,7,3.97,0.3,2016-05-15,LightGBM,simulated
HOBBIES_1_368,CA_1,HOBBIES,1.9448082866416831,4,4.22,0.3,2016-05-15,LightGBM,simulated
HOBBIES_1_370,CA_1,HOBBIES,30.874321226100033,27,0.48,0.3,2016-05-15,LightGBM,simulated
HOBBIES_1_371,CA_1,HOBBIES,77.78542642467029,53,0.48,0.3,2016-05-15,LightGBM,simulated
HOBBIES_1_373,CA_1,HOBBIES,8.111450460458048,13,14.72,0.3,2016-05-15,LightGBM,simulated
HOBBIES_1_376,CA_1,HOBBIES,2.8954300836027285,6,16.86,0.3,2016-05-15,LightGBM,simulated
HOBBIES_1_378,CA_1,HOBBIES,18.131314139538677,13,3.24,0.3,2016-05-15,LightGBM,simulated
HOBBIES_1_381,CA_1,HOBBIES,23.14886403032764,32,0.7,0.3,2016-05-15,LightGBM,simulated
HOBBIES_1_382,CA_1,HOBBIES,4.692147901740534,6,1.97,0.3,2016-05-15,LightGBM,simulated
HOBBIES_1_387,CA_1,HOBBIES,54.031601714513236,104,1.08,0.3,2016-05-15,LightGBM,simulated
HOBBIES_1_392,CA_1,HOBBIES,8.787868263158977,8,12.98,0.3,2016-05-15,LightGBM,simulated
HOBBIES_1_396,CA_1,HOBBIES,0.3548342207765287,2,1.88,0.3,2016-05-15,LightGBM,simulated
HOBBIES_1_401,CA_1,HOBBIES,2.410607499578887,3,1.97,0.3,2016-05-15,LightGBM,simulated
HOBBIES_1_402,CA_1,HOBBIES,1.3438910495000038,5,9.94,0.3,2016-05-15,LightGBM,simulated
HOBBIES_1_409,CA_1,HOBBIES,6.3066867522242624,6,5.76,0.3,2016-05-15,LightGBM,simulated
HOBBIES_1_412,CA_1,HOBBIES,5.2331594455799735,6,1.98,0.3,2016-05-15,LightGBM,simulated
HOBBIES_1_415,CA_1,HOBBIES,6.376218943273524,12,6.68,0.3,2016-05-15,LightGBM,simulated
HOBBIES_1_416,CA_1,HOBBIES,10.564291472151305,19,4.97,0.3,2016-05-15,LightGBM,simulated
HOBBIES_1_418,CA_1,HOBBIES,4.780834669583179,12,3.98,0.3,2016-05-15,LightGBM,simulated
HOBBIES_1_419,CA_1,HOBBIES,1.5212510970405222,3,5.98,0.3,2016-05-15,LightGBM,simulated
HOBBIES_1_420,CA_1,HOBBIES,6.763244083364594,7,5.74,0.3,2016-05-15,LightGBM,simulated
HOBBIES_1_421,CA_1,HOBBIES,4.717642202231734,4,8.38,0.3,2016-05-15,LightGBM,simulated
HOBBIES_1_423,CA_1,HOBBIES,11.344775522460134,20,7.78,0.3,2016-05-15,LightGBM,simulated
HOBBIES_2_006,CA_1,HOBBIES,1.7280661877861714,3,3.97,0.3,2016-05-15,LightGBM,simulated
HOBBIES_2_016,CA_1,HOBBIES,0.572990251632118,2,4.97,0.3,2016-05-15,LightGBM,simulated
HOBBIES_2_017,CA_1,HOBBIES,1.9760139175375289,4,0.5,0.3,2016-05-15,LightGBM,simulated
HOBBIES_2_019,CA_1,HOBBIES,0.9249431816878231,2,3.37,0.3,2016-05-15,LightGBM,simulated
HOBBIES_2_020,CA_1,HOBBIES,0.9613565974116549,2,3.88,0.3,2016-05-15,LightGBM,simulated
HOBBIES_2_025,CA_1,HOBBIES,2.1095944358365135,5,0.5,0.3,2016-05-15,LightGBM,simulated
HOBBIES_2_027,CA_1,HOBBIES,0.9389730902401661,3,1.97,0.3,2016-05-15,LightGBM,simulated
HOBBIES_2_028,CA_1,HOBBIES,4.92301633975877,11,0.88,0.3,2016-05-15,LightGBM,simulated
HOBBIES_2_030,CA_1,HOBBIES,0.7137594708746648,2,0.97,0.3,2016-05-15,LightGBM,simulated
HOBBIES_2_031,CA_1,HOBBIES,1.7457412361031073,5,6.97,0.3,2016-05-15,LightGBM,simulated
HOBBIES_2_033,CA_1,HOBBIES,6.278162319419118,6,2.88,0.3,2016-05-15,LightGBM,simulated
HOBBIES_2_035,CA_1,HOBBIES,1.2293036804169326,3,4.47,0.3,2016-05-15,LightGBM,simulated
HOBBIES_2_037,CA_1,HOBBIES,1.8772493535539003,3,0.97,0.3,2016-05-15,LightGBM,simulated
HOBBIES_2_038,CA_1,HOBBIES,1.9067216939386593,4,0.97,0.3,2016-05-15,LightGBM,simulated
HOBBIES_2_039,CA_1,HOBBIES,1.1765774367896285,5,4.97,0.3,2016-05-15,LightGBM,simulated
HOBBIES_2_043,CA_1,HOBBIES,12.260260288913624,20,0.97,0.3,2016-05-15,LightGBM,simulated
HOBBIES_2_044,CA_1,HOBBIES,1.664111821088285,3,4.47,0.3,2016-05-15,LightGBM,simulated
HOBBIES_2_048,CA_1,HOBBIES,0.9935179262827096,2,2.88,0.3,2016-05-15,LightGBM,simulated
HOBBIES_2_049,CA_1,HOBBIES,0.6527139652966316,2,2.5,0.3,2016-05-15,LightGBM,simulated
HOBBIES_2_050,CA_1,HOBBIES,1.7445872413658805,3,1.97,0.3,2016-05-15,LightGBM,simulated
HOBBIES_2_052,CA_1,HOBBIES,1.5343327630675931,4,2.47,0.3,2016-05-15,LightGBM,simulated
HOBBIES_2_055,CA_1,HOBBIES,1.741422157794734,4,2.5,0.3,2016-05-15,LightGBM,simulated
HOBBIES_2_063,CA_1,HOBBIES,4.2738934461650055,5,0.97,0.3,2016-05-15,LightGBM,simulated
HOBBIES_2_066,CA_1,HOBBIES,0.23888276808794065,2,4.97,0.3,2016-05-15,LightGBM,simulated
HOBBIES_2_068,CA_1,HOBBIES,2.2387739484046554,2,1.97,0.3,2016-05-15,LightGBM,simulated
HOBBIES_2_070,CA_1,HOBBIES,0.9909592470695694,2,9.97,0.3,2016-05-15,LightGBM,simulated
HOBBIES_2_073,CA_1,HOBBIES,2.450103254805649,6,0.5,0.3,2016-05-15,LightGBM,simulated
HOBBIES_2_077,CA_1,HOBBIES,0.33165397716674727,2,9.97,0.3,2016-05-15,LightGBM,simulated
HOBBIES_2_081,CA_1,HOBBIES,1.6739917893097724,3,1.97,0.3,2016-05-15,LightGBM,simulated
HOBBIES_2_088,CA_1,HOBBIES,0.8938219225491132,2,2.77,0.3,2016-05-15,LightGBM,simulated
HOBBIES_2_090,CA_1,HOBBIES,0.2758956138060962,2,1.57,0.3,2016-05-15,LightGBM,simulated
HOBBIES_2_092,CA_1,HOBBIES,1.8434980741909728,3,4.97,0.3,2016-05-15,LightGBM,simulated
HOBBIES_2_093,CA_1,HOBBIES,1.959710255377593,4,1.97,0.3,2016-05-15,LightGBM,simulated
HOBBIES_2_094,CA_1,HOBBIES,1.405379273236081,2,1.97,0.3,2016-05-15,LightGBM,simulated
HOBBIES_2_099,CA_1,HOBBIES,1.2108081556533195,3,0.97,0.3,2016-05-15,LightGBM,simulated
HOBBIES_2_100,CA_1,HOBBIES,3.5564220261208046,6,0.88,0.3,2016-05-15,LightGBM,simulated
HOBBIES_2_101,CA_1,HOBBIES,1.0255633287987271,2,0.5,0.3,2016-05-15,LightGBM,simulated
HOBBIES_2_109,CA_1,HOBBIES,2.879002750473504,4,0.97,0.3,2016-05-15,LightGBM,simulated
HOBBIES_2_110,CA_1,HOBBIES,0.882366236771436,2,5.97,0.3,2016-05-15,LightGBM,simulated
HOBBIES_2_111,CA_1,HOBBIES,0.6860323271151544,2,3.97,0.3,2016-05-15,LightGBM,simulated
HOBBIES_2_115,CA_1,HOBBIES,7.521075597395276,8,2.47,0.3,2016-05-15,LightGBM,simulated
HOBBIES_2_116,CA_1,HOBBIES,2.422316985697033,6,2.97,0.3,2016-05-15,LightGBM,simulated
HOBBIES_2_121,CA_1,HOBBIES,5.355506272057752,10,0.97,0.3,2016-05-15,LightGBM,simulated
HOBBIES_2_134,CA_1,HOBBIES,1.083359063252747,2,4.97,0.3,2016-05-15,LightGBM,simulated
HOBBIES_2_139,CA_1,HOBBIES,1.1684074696258453,3,4.97,0.3,2016-05-15,LightGBM,simulated
HOBBIES_2_141,CA_1,HOBBIES,2.7018595573778095,10,0.5,0.3,2016-05-15,LightGBM,simulated
HOBBIES_2_144,CA_1,HOBBIES,1.794748176250759,4,0.5,0.3,2016-05-15,LightGBM,simulated
HOBBIES_2_145,CA_1,HOBBIES,0.35078418313434906,2,2.88,0.3,2016-05-15,LightGBM,simulated
HOBBIES_2_146,CA_1,HOBBIES,1.402427290276939,4,1.97,0.3,2016-05-15,LightGBM,simulated
HOUSEHOLD_1_004,CA_1,HOUSEHOLD,11.1524268608544,15,2.36,0.3,2016-05-15,LightGBM,simulated
HOUSEHOLD_1_013,CA_1,HOUSEHOLD,5.377035295590009,2,4.94,0.3,2016-05-15,LightGBM,simulated
HOUSEHOLD_1_018,CA_1,HOUSEHOLD,9.77609240840411,19,9.97,0.3,2016-05-15,LightGBM,simulated
HOUSEHOLD_1_032,CA_1,HOUSEHOLD,65.1672302418966,42,9.98,0.3,2016-05-15,LightGBM,simulated
HOUSEHOLD_1_039,CA_1,HOUSEHOLD,9.339237875185468,18,2.97,0.3,2016-05-15,LightGBM,simulated
HOUSEHOLD_1_044,CA_1,HOUSEHOLD,4.004002657056919,9,17.97,0.3,2016-05-15,LightGBM,simulated
HOUSEHOLD_1_049,CA_1,HOUSEHOLD,4.7249650938913845,9,5.97,0.3,2016-05-15,LightGBM,simulated
HOUSEHOLD_1_072,CA_1,HOUSEHOLD,14.361528141593157,15,7.98,0.3,2016-05-15,LightGBM,simulated
HOUSEHOLD_1_078,CA_1,HOUSEHOLD,4.551832959041092,4,2.84,0.3,2016-05-15,LightGBM,simulated
HOUSEHOLD_1_080,CA_1,HOUSEHOLD,3.705932987064573,8,10.47,0.3,2016-05-15,LightGBM,simulated
HOUSEHOLD_1_081,CA_1,HOUSEHOLD,3.1295839171112334,4,7.98,0.3,2016-05-15,LightGBM,simulated
HOUSEHOLD_1_090,CA_1,HOUSEHOLD,12.366122394051994,15,2.96,0.3,2016-05-15,LightGBM,simulated
HOUSEHOLD_1_099,CA_1,HOUSEHOLD,7.415510413898283,6,2.37,0.3,2016-05-15,LightGBM,simulated
HOUSEHOLD_1_110,CA_1,HOUSEHOLD,72.70772797800126,87,3.97,0.3,2016-05-15,LightGBM,simulated
HOUSEHOLD_1_114,CA_1,HOUSEHOLD,15.608773758780254,15,0.97,0.3,2016-05-15,LightGBM,simulated
HOUSEHOLD_1_119,CA_1,HOUSEHOLD,14.026847118857509,11,3.74,0.3,2016-05-15,LightGBM,simulated
HOUSEHOLD_1_126,CA_1,HOUSEHOLD,4.141700800911997,7,8.96,0.3,2016-05-15,LightGBM,simulated
HOUSEHOLD_1_128,CA_1,HOUSEHOLD,6.693987170280309,11,2.67,0.3,2016-05-15,LightGBM,simulated
HOUSEHOLD_1_129,CA_1,HOUSEHOLD,10.152617887766795,8,3.88,0.3,2016-05-15,LightGBM,simulated
HOUSEHOLD_1_132,CA_1,HOUSEHOLD,11.222372626087898,15,1.97,0.3,2016-05-15,LightGBM,simulated
HOUSEHOLD_1_149,CA_1,HOUSEHOLD,12.939212066790404,16,0.97,0.3,2016-05-15,LightGBM,simulated
HOUSEHOLD_1_154,CA_1,HOUSEHOLD,6.697427364736489,4,2.96,0.3,2016-05-15,LightGBM,simulated
HOUSEHOLD_1_165,CA_1,HOUSEHOLD,2.735833649297744,3,17.97,0.3,2016-05-15,LightGBM,simulated
HOUSEHOLD_1_170,CA_1,HOUSEHOLD,7.6097904247190815,6,1.98,0.3,2016-05-15,LightGBM,simulated
HOUSEHOLD_1_171,CA_1,HOUSEHOLD,6.459760634633163,12,8.97,0.3,2016-05-15,LightGBM,simulated
HOUSEHOLD_1_173,CA_1,HOUSEHOLD,28.459883953350953,46,0.97,0.3,2016-05-15,LightGBM,simulated
HOUSEHOLD_1_193,CA_1,HOUSEHOLD,10.7155690968609,14,2.42,0.3,2016-05-15,LightGBM,simulated
HOUSEHOLD_1_198,CA_1,HOUSEHOLD,21.72956971529829,33,0.97,0.3,2016-05-15,LightGBM,simulated
HOUSEHOLD_1_201,CA_1,HOUSEHOLD,4.955316554002755,4,4.84,0.3,2016-05-15,LightGBM,simulated
HOUSEHOLD_1_230,CA_1,HOUSEHOLD,1.8752019104029825,5,3.28,0.3,2016-05-15,LightGBM,simulated
HOUSEHOLD_1_232,CA_1,HOUSEHOLD,4.792880258096939,8,4.23,0.3,2016-05-15,LightGBM,simulated
HOUSEHOLD_1_236,CA_1,HOUSEHOLD,13.771587434374085,15,2.47,0.3,2016-05-15,LightGBM,simulated
HOUSEHOLD_1_242,CA_1,HOUSEHOLD,2.59506884138471,3,4.88,0.3,2016-05-15,LightGBM,simulated
HOUSEHOLD_1_249,CA_1,HOUSEHOLD,8.29549714309743,15,7.97,0.3,2016-05-15,LightGBM,simulated
HOUSEHOLD_1_253,CA_1,HOUSEHOLD,0.46111981760202175,2,3.47,0.3,2016-05-15,LightGBM,simulated
HOUSEHOLD_1_278,CA_1,HOUSEHOLD,3.6986887212708877,5,5.97,0.3,2016-05-15,LightGBM,simulated
HOUSEHOLD_1_279,CA_1,HOUSEHOLD,8.386201211150041,13,0.97,0.3,2016-05-15,LightGBM,simulated
HOUSEHOLD_1_288,CA_1,HOUSEHOLD,3.2857167544591412,5,7.93,0.3,2016-05-15,LightGBM,simulated
HOUSEHOLD_1_289,CA_1,HOUSEHOLD,4.863098235046329,11,5.22,0.3,2016-05-15,LightGBM,simulated
HOUSEHOLD_1_298,CA_1,HOUSEHOLD,6.8676795851778705,9,3.72,0.3,2016-05-15,LightGBM,simulated
HOUSEHOLD_1_302,CA_1,HOUSEHOLD,1.5760930589635795,3,7.93,0.3,2016-05-15,LightGBM,simulated
HOUSEHOLD_1_304,CA_1,HOUSEHOLD,27.01877269516508,18,2.36,0.3,2016-05-15,LightGBM,simulated
HOUSEHOLD_1_311,CA_1,HOUSEHOLD,7.044602620963063,7,3.88,0.3,2016-05-15,LightGBM,simulated
HOUSEHOLD_1_317,CA_1,HOUSEHOLD,5.573301017314295,6,1.96,0.3,2016-05-15,LightGBM,simulated
HOUSEHOLD_1_319,CA_1,HOUSEHOLD,14.010168655533178,14,1.94,0.3,2016-05-15,LightGBM,simulated
HOUSEHOLD_1_321,CA_1,HOUSEHOLD,11.09554967018171,17,2.97,0.3,2016-05-15,LightGBM,simulated
HOUSEHOLD_1_334,CA_1,HOUSEHOLD,45.22464979050888,48,0.97,0.3,2016-05-15,LightGBM,simulated
HOUSEHOLD_1_345,CA_1,HOUSEHOLD,6.507438616399328,4,4.22,0.3,2016-05-15,LightGBM,simulated
HOUSEHOLD_1_348,CA_1,HOUSEHOLD,20.029406614807165,14,1.86,0.3,2016-05-15,LightGBM,simulated
HOUSEHOLD_1_362,CA_1,HOUSEHOLD,3.870240069536894,6,7.97,0.3,2016-05-15,LightGBM,simulated
HOUSEHOLD_1_368,CA_1,HOUSEHOLD,5.104852337946264,5,7.98,0.3,2016-05-15,LightGBM,simulated
HOUSEHOLD_1_371,CA_1,HOUSEHOLD,7.082324835847371,13,4.94,0.3,2016-05-15,LightGBM,simulated
HOUSEHOLD_1_376,CA_1,HOUSEHOLD,11.884376024847258,18,5.44,0.3,2016-05-15,LightGBM,simulated
HOUSEHOLD_1_377,CA_1,HOUSEHOLD,4.040430950659377,4,8.96,0.3,2016-05-15,LightGBM,simulated
HOUSEHOLD_1_378,CA_1,HOUSEHOLD,1.449920995389506,3,21.78,0.3,2016-05-15,LightGBM,simulated
HOUSEHOLD_1_379,CA_1,HOUSEHOLD,8.704668413337815,7,0.97,0.3,2016-05-15,LightGBM,simulated
HOUSEHOLD_1_383,CA_1,HOUSEHOLD,10.245655784408491,9,3.48,0.3,2016-05-15,LightGBM,simulated
HOUSEHOLD_1_395,CA_1,HOUSEHOLD,4.56202062980593,7,4.88,0.3,2016-05-15,LightGBM,simulated
HOUSEHOLD_1_396,CA_1,HOUSEHOLD,6.5098289175555974,7,3.97,0.3,2016-05-15,LightGBM,simulated
HOUSEHOLD_1_397,CA_1,HOUSEHOLD,9.880780814810995,16,2.78,0.3,2016-05-15,LightGBM,simulated
HOUSEHOLD_1_401,CA_1,HOUSEHOLD,2.210272802030795,3,9.47,0.3,2016-05-15,LightGBM,simulated
HOUSEHOLD_1_407,CA_1,HOUSEHOLD,7.966231459633506,6,5.24,0.3,2016-05-15,LightGBM,simulated
HOUSEHOLD_1_411,CA_1,HOUSEHOLD,13.101226946781859,19,3.28,0.3,2016-05-15,LightGBM,simulated
HOUSEHOLD_1_413,CA_1,HOUSEHOLD,5.059578251419354,4,17.97,0.3,2016-05-15,LightGBM,simulated
HOUSEHOLD_1_414,CA_1,HOUSEHOLD,42.04419749950844,49,0.98,0.3,2016-05-15,LightGBM,simulated
HOUSEHOLD_1_422,CA_1,HOUSEHOLD,7.248754674565023,9,3.62,0.3,2016-05-15,LightGBM,simulated
HOUSEHOLD_1_424,CA_1,HOUSEHOLD,3.469528010731235,5,2.97,0.3,2016-05-15,LightGBM,simulated
HOUSEHOLD_1_427,CA_1,HOUSEHOLD,0.19388612192258614,2,5.96,0.3,2016-05-15,LightGBM,simulated
HOUSEHOLD_1_438,CA_1,HOUSEHOLD,4.863483699757001,5,7.33,0.3,2016-05-15,LightGBM,simulated
HOUSEHOLD_1_441,CA_1,HOUSEHOLD,36.66427639483851,37,2.77,0.3,2016-05-15,LightGBM,simulated
HOUSEHOLD_1_447,CA_1,HOUSEHOLD,42.71853317138308,33,0.97,0.3,2016-05-15,LightGBM,simulated
HOUSEHOLD_1_468,CA_1,HOUSEHOLD,7.26059831102021,7,4.98,0.3,2016-05-15,LightGBM,simulated
HOUSEHOLD_1_470,CA_1,HOUSEHOLD,2.8480056489939103,6,2.98,0.3,2016-05-15,LightGBM,simulated
HOUSEHOLD_1_475,CA_1,HOUSEHOLD,3.6357982528072066,6,2.67,0.3,2016-05-15,LightGBM,simulated
HOUSEHOLD_1_484,CA_1,HOUSEHOLD,6.0361343041091455,5,9.97,0.3,2016-05-15,LightGBM,simulated
HOUSEHOLD_1_493,CA_1,HOUSEHOLD,3.09767598679015,4,2.87,0.3,2016-05-15,LightGBM,simulated
HOUSEHOLD_1_499,CA_1,HOUSEHOLD,2.4697607303949334,2,3.88,0.3,2016-05-15,LightGBM,simulated
HOUSEHOLD_1_500,CA_1,HOUSEHOLD,3.245816863935693,8,4.44,0.3,2016-05-15,LightGBM,simulated
HOUSEHOLD_1_501,CA_1,HOUSEHOLD,2.5408683019947955,2,3.96,0.3,2016-05-15,LightGBM,simulated
HOUSEHOLD_1_505,CA_1,HOUSEHOLD,16.341657594917198,12,2.47,0.3,2016-05-15,LightGBM,simulated
HOUSEHOLD_1_506,CA_1,HOUSEHOLD,7.364945453587036,6,3.88,0.3,2016-05-15,LightGBM,simulated
HOUSEHOLD_1_512,CA_1,HOUSEHOLD,3.5885242993757345,3,1.87,0.3,2016-05-15,LightGBM,simulated
HOUSEHOLD_1_513,CA_1,HOUSEHOLD,7.917730005658704,10,9.97,0.3,2016-05-15,LightGBM,simulated
HOUSEHOLD_1_517,CA_1,HOUSEHOLD,57.431354312729454,40,0.88,0.3,2016-05-15,LightGBM,simulated
HOUSEHOLD_1_519,CA_1,HOUSEHOLD,6.120889311598333,5,4.88,0.3,2016-05-15,LightGBM,simulated
HOUSEHOLD_1_522,CA_1,HOUSEHOLD,8.036393871921778,7,1.73,0.3,2016-05-15,LightGBM,simulated
HOUSEHOLD_1_526,CA_1,HOUSEHOLD,3.784431995547398,8,4.94,0.3,2016-05-15,LightGBM,simulated
HOUSEHOLD_1_531,CA_1,HOUSEHOLD,2.6071060458660935,3,7.93,0.3,2016-05-15,LightGBM,simulated
HOUSEHOLD_1_532,CA_1,HOUSEHOLD,8.49780506074816,12,2.48,0.3,2016-05-15,LightGBM,simulated
HOUSEHOLD_1_539,CA_1,HOUSEHOLD,22.1269568517324,31,3.97,0.3,2016-05-15,LightGBM,simulated
HOUSEHOLD_1_541,CA_1,HOUSEHOLD,5.014663319994006,2,6.97,0.3,2016-05-15,LightGBM,simulated
HOUSEHOLD_2_012,CA_1,HOUSEHOLD,2.6735098962816175,2,4.78,0.3,2016-05-15,LightGBM,simulated
HOUSEHOLD_2_016,CA_1,HOUSEHOLD,5.923695206295933,15,1.62,0.3,2016-05-15,LightGBM,simulated
HOUSEHOLD_2_017,CA_1,HOUSEHOLD,2.9725371401064407,4,3.72,0.3,2016-05-15,LightGBM,simulated
HOUSEHOLD_2_019,CA_1,HOUSEHOLD,1.2402668000508017,2,9.47,0.3,2016-05-15,LightGBM,simulated
HOUSEHOLD_2_021,CA_1,HOUSEHOLD,2.727208707136492,6,4.47,0.3,2016-05-15,LightGBM,simulated
HOUSEHOLD_2_022,CA_1,HOUSEHOLD,2.2735070827555557,3,5.64,0.3,2016-05-15,LightGBM,simulated
HOUSEHOLD_2_024,CA_1,HOUSEHOLD,5.538533445834491,5,2.22,0.3,2016-05-15,LightGBM,simulated
HOUSEHOLD_2_028,CA_1,HOUSEHOLD,2.3468955246051912,4,5.94,0.3,2016-05-15,LightGBM,simulated
HOUSEHOLD_2_047,CA_1,HOUSEHOLD,5.413378543759008,6,3.67,0.3,2016-05-15,LightGBM,simulated
HOUSEHOLD_2_052,CA_1,HOUSEHOLD,3.4169759587034547,6,4.97,0.3,2016-05-15,LightGBM,simulated
HOUSEHOLD_2_062,CA_1,HOUSEHOLD,3.390735946465194,6,2.94,0.3,2016-05-15,LightGBM,simulated
HOUSEHOLD_2_078,CA_1,HOUSEHOLD,2.1990860308291076,6,5.84,0.3,2016-05-15,LightGBM,simulated
HOUSEHOLD_2_081,CA_1,HOUSEHOLD,4.409092611617295,5,2.57,0.3,2016-05-15,LightGBM,simulated
HOUSEHOLD_2_087,CA_1,HOUSEHOLD,0.20548003772273163,2,7.94,0.3,2016-05-15,LightGBM,simulated
HOUSEHOLD_2_094,CA_1,HOUSEHOLD,0.9918819141107448,3,5.94,0.3,2016-05-15,LightGBM,simulated
HOUSEHOLD_2_095,CA_1,HOUSEHOLD,3.162522711814527,4,6.47,0.3,2016-05-15,LightGBM,simulated
HOUSEHOLD_2_096,CA_1,HOUSEHOLD,5.256691031785019,10,3.47,0.3,2016-05-15,LightGBM,simulated
HOUSEHOLD_2_104,CA_1,HOUSEHOLD,0.7492731991102928,2,4.97,0.3,2016-05-15,LightGBM,simulated
HOUSEHOLD_2_109,CA_1,HOUSEHOLD,4.641414990395946,4,3.87,0.3,2016-05-15,LightGBM,simulated
HOUSEHOLD_2_116,CA_1,HOUSEHOLD,1.6560606320546443,4,5.64,0.3,2016-05-15,LightGBM,simulated
HOUSEHOLD_2_118,CA_1,HOUSEHOLD,3.532574581801093,2,3.42,0.3,2016-05-15,LightGBM,simulated
HOUSEHOLD_2_120,CA_1,HOUSEHOLD,2.5658135034477354,3,7.94,0.3,2016-05-15,LightGBM,simulated
HOUSEHOLD_2_127,CA_1,HOUSEHOLD,1.3791418043113965,2,5.73,0.3,2016-05-15,LightGBM,simulated
HOUSEHOLD_2_128,CA_1,HOUSEHOLD,0.878571612685947,2,5.94,0.3,2016-05-15,LightGBM,simulated
HOUSEHOLD_2_135,CA_1,HOUSEHOLD,5.21275868169989,7,9.98,0.3,2016-05-15,LightGBM,simulated
HOUSEHOLD_2_141,CA_1,HOUSEHOLD,1.072829225868703,4,4.98,0.3,2016-05-15,LightGBM,simulated
HOUSEHOLD_2_147,CA_1,HOUSEHOLD,0.6761149103890822,2,3.97,0.3,2016-05-15,LightGBM,simulated
HOUSEHOLD_2_148,CA_1,HOUSEHOLD,2.575717176329704,3,5.94,0.3,2016-05-15,LightGBM,simulated
HOUSEHOLD_2_153,CA_1,HOUSEHOLD,2.696015516705426,3,9.94,0.3,2016-05-15,LightGBM,simulated
HOUSEHOLD_2_156,CA_1,HOUSEHOLD,1.8996117403504806,7,7.43,0.3,2016-05-15,LightGBM,simulated
HOUSEHOLD_2_158,CA_1,HOUSEHOLD,0.5620407776285141,2,11.47,0.3,2016-05-15,LightGBM,simulated
HOUSEHOLD_2_162,CA_1,HOUSEHOLD,4.001456033922064,5,3.97,0.3,2016-05-15,LightGBM,simulated
HOUSEHOLD_2_176,CA_1,HOUSEHOLD,34.23567213434391,39,4.97,0.3,2016-05-15,LightGBM,simulated
HOUSEHOLD_2_180,CA_1,HOUSEHOLD,2.7618476716343503,2,2.84,0.3,2016-05-15,LightGBM,simulated
HOUSEHOLD_2_184,CA_1,HOUSEHOLD,5.1058327613358285,5,1.97,0.3,2016-05-15,LightGBM,simulated
HOUSEHOLD_2_187,CA_1,HOUSEHOLD,4.440022489543576,15,3.33,0.3,2016-05-15,LightGBM,simulated
HOUSEHOLD_2_197,CA_1,HOUSEHOLD,5.715164082957215,8,3.97,0.3,2016-05-15,LightGBM,simulated
HOUSEHOLD_2_199,CA_1,HOUSEHOLD,5.659655751692858,8,3.93,0.3,2016-05-15,LightGBM,simulated
HOUSEHOLD_2_203,CA_1,HOUSEHOLD,11.853437549059825,20,2.97,0.3,2016-05-15,LightGBM,simulated
HOUSEHOLD_2_208,CA_1,HOUSEHOLD,1.695772421058624,4,12.97,0.3,2016-05-15,LightGBM,simulated
HOUSEHOLD_2_211,CA_1,HOUSEHOLD,1.1087765384712505,3,19.98,0.3,2016-05-15,LightGBM,simulated
HOUSEHOLD_2_214,CA_1,HOUSEHOLD,4.172963955890063,6,6.94,0.3,2016-05-15,LightGBM,simulated
HOUSEHOLD_2_219,CA_1,HOUSEHOLD,3.465443307103834,7,3.48,0.3,2016-05-15,LightGBM,simulated
HOUSEHOLD_2_226,CA_1,HOUSEHOLD,4.0608266856338275,5,6.97,0.3,2016-05-15,LightGBM,simulated
HOUSEHOLD_2_229,CA_1,HOUSEHOLD,3.3278032354865372,4,4.78,0.3,2016-05-15,LightGBM,simulated
HOUSEHOLD_2_237,CA_1,HOUSEHOLD,2.1220677436055895,4,5.94,0.3,2016-05-15,LightGBM,simulated
HOUSEHOLD_2_243,CA_1,HOUSEHOLD,1.0966042211655316,3,2.97,0.3,2016-05-15,LightGBM,simulated
HOUSEHOLD_2_246,CA_1,HOUSEHOLD,2.6363545800107033,5,7.87,0.3,2016-05-15,LightGBM,simulated
HOUSEHOLD_2_249,CA_1,HOUSEHOLD,1.4462829218173523,2,8.64,0.3,2016-05-15,LightGBM,simulated
HOUSEHOLD_2_253,CA_1,HOUSEHOLD,0.6768112882589941,2,5.97,0.3,2016-05-15,LightGBM,simulated
HOUSEHOLD_2_256,CA_1,HOUSEHOLD,2.429481319607646,4,5.94,0.3,2016-05-15,LightGBM,simulated
HOUSEHOLD_2_258,CA_1,HOUSEHOLD,2.2105995302482055,9,3.97,0.3,2016-05-15,LightGBM,simulated
HOUSEHOLD_2_272,CA_1,HOUSEHOLD,3.5884633431869157,6,5.47,0.3,2016-05-15,LightGBM,simulated
HOUSEHOLD_2_273,CA_1,HOUSEHOLD,3.3446788648230257,4,5.24,0.3,2016-05-15,LightGBM,simulated
HOUSEHOLD_2_278,CA_1,HOUSEHOLD,0.5805152382515708,2,10.98,0.3,2016-05-15,LightGBM,simulated
HOUSEHOLD_2_281,CA_1,HOUSEHOLD,2.3533530255819413,4,5.27,0.3,2016-05-15,LightGBM,simulated
HOUSEHOLD_2_285,CA_1,HOUSEHOLD,1.9593018872373462,3,4.67,0.3,2016-05-15,LightGBM,simulated
HOUSEHOLD_2_297,CA_1,HOUSEHOLD,2.2636191470370757,5,6.54,0.3,2016-05-15,LightGBM,simulated
HOUSEHOLD_2_299,CA_1,HOUSEHOLD,10.153964400713305,8,1.23,0.3,2016-05-15,LightGBM,simulated
HOUSEHOLD_2_300,CA_1,HOUSEHOLD,1.3640842499236503,4,7.97,0.3,2016-05-15,LightGBM,simulated
HOUSEHOLD_2_305,CA_1,HOUSEHOLD,3.380225229160478,3,5.47,0.3,2016-05-15,LightGBM,simulated
HOUSEHOLD_2_308,CA_1,HOUSEHOLD,3.8152656238423073,6,3.94,0.3,2016-05-15,LightGBM,simulated
HOUSEHOLD_2_309,CA_1,HOUSEHOLD,0.32325970728318454,2,2.46,0.3,2016-05-15,LightGBM,simulated
HOUSEHOLD_2_310,CA_1,HOUSEHOLD,3.6106942377037186,5,1.42,0.3,2016-05-15,LightGBM,simulated
HOUSEHOLD_2_312,CA_1,HOUSEHOLD,8.186273268048504,9,3.97,0.3,2016-05-15,LightGBM,simulated
HOUSEHOLD_2_313,CA_1,HOUSEHOLD,12.096744273731375,15,1.97,0.3,2016-05-15,LightGBM,simulated
HOUSEHOLD_2_333,CA_1,HOUSEHOLD,2.799420967619981,5,4.98,0.3,2016-05-15,LightGBM,simulated
HOUSEHOLD_2_335,CA_1,HOUSEHOLD,8.553877859219684,12,6.24,0.3,2016-05-15,LightGBM,simulated
HOUSEHOLD_2_344,CA_1,HOUSEHOLD,7.334935319468248,6,5.74,0.3,2016-05-15,LightGBM,simulated
HOUSEHOLD_2_346,CA_1,HOUSEHOLD,5.874178486736682,4,3.33,0.3,2016-05-15,LightGBM,simulated
HOUSEHOLD_2_353,CA_1,HOUSEHOLD,5.060909048699157,3,4.78,0.3,2016-05-15,LightGBM,simulated
HOUSEHOLD_2_354,CA_1,HOUSEHOLD,3.219921916293253,6,0.97,0.3,2016-05-15,LightGBM,simulated
HOUSEHOLD_2_361,CA_1,HOUSEHOLD,1.602528585341885,3,6.94,0.3,2016-05-15,LightGBM,simulated
HOUSEHOLD_2_363,CA_1,HOUSEHOLD,0.9869703319948792,2,5.98,0.3,2016-05-15,LightGBM,simulated
HOUSEHOLD_2_365,CA_1,HOUSEHOLD,2.111198879111934,6,4.87,0.3,2016-05-15,LightGBM,simulated
HOUSEHOLD_2_374,CA_1,HOUSEHOLD,4.926628526777321,11,2.98,0.3,2016-05-15,LightGBM,simulated
HOUSEHOLD_2_378,CA_1,HOUSEHOLD,3.0900591205241574,5,6.98,0.3,2016-05-15,LightGBM,simulated
HOUSEHOLD_2_383,CA_1,HOUSEHOLD,1.9138181124248554,3,3.88,0.3,2016-05-15,LightGBM,simulated
HOUSEHOLD_2_385,CA_1,HOUSEHOLD,2.8862537270920288,4,7.47,0.3,2016-05-15,LightGBM,simulated
HOUSEHOLD_2_393,CA_1,HOUSEHOLD,0.8690123241761902,3,5.88,0.3,2016-05-15,LightGBM,simulated
HOUSEHOLD_2_394,CA_1,HOUSEHOLD,2.927801745293724,10,6.27,0.3,2016-05-15,LightGBM,simulated
HOUSEHOLD_2_399,CA_1,HOUSEHOLD,2.8992995409091367,5,2.67,0.3,2016-05-15,LightGBM,simulated
HOUSEHOLD_2_400,CA_1,HOUSEHOLD,3.3567460251333876,10,3.88,0.3,2016-05-15,LightGBM,simulated
HOUSEHOLD_2_409,CA_1,HOUSEHOLD,8.017956445759829,9,3.93,0.3,2016-05-15,LightGBM,simulated
HOUSEHOLD_2_414,CA_1,HOUSEHOLD,1.7620382641895047,3,5.74,0.3,2016-05-15,LightGBM,simulated
HOUSEHOLD_2_415,CA_1,HOUSEHOLD,1.1069736477367507,3,2.46,0.3,2016-05-15,LightGBM,simulated
HOUSEHOLD_2_417,CA_1,HOUSEHOLD,1.38760731059903,3,3.97,0.3,2016-05-15,LightGBM,simulated
HOUSEHOLD_2_418,CA_1,HOUSEHOLD,2.669719024781163,7,2.78,0.3,2016-05-15,LightGBM,simulated
HOUSEHOLD_2_423,CA_1,HOUSEHOLD,3.488591791041729,5,3.87,0.3,2016-05-15,LightGBM,simulated
HOUSEHOLD_2_426,CA_1,HOUSEHOLD,4.667499041681841,6,4.37,0.3,2016-05-15,LightGBM,simulated
HOUSEHOLD_2_427,CA_1,HOUSEHOLD,2.374810809847473,4,3.48,0.3,2016-05-15,LightGBM,simulated
HOUSEHOLD_2_435,CA_1,HOUSEHOLD,2.0051071636226543,2,5.97,0.3,2016-05-15,LightGBM,simulated
HOUSEHOLD_2_438,CA_1,HOUSEHOLD,6.204131765413289,5,8.87,0.3,2016-05-15,LightGBM,simulated
HOUSEHOLD_2_439,CA_1,HOUSEHOLD,3.826344198685761,5,5.84,0.3,2016-05-15,LightGBM,simulated
HOUSEHOLD_2_444,CA_1,HOUSEHOLD,3.610000346462097,7,5.97,0.3,2016-05-15,LightGBM,simulated
HOUSEHOLD_2_452,CA_1,HOUSEHOLD,2.8014973574597146,4,5.94,0.3,2016-05-15,LightGBM,simulated
HOUSEHOLD_2_465,CA_1,HOUSEHOLD,8.758735651039954,7,7.54,0.3,2016-05-15,LightGBM,simulated
HOUSEHOLD_2_470,CA_1,HOUSEHOLD,10.436191620596501,9,0.88,0.3,2016-05-15,LightGBM,simulated
HOUSEHOLD_2_476,CA_1,HOUSEHOLD,2.61029032998722,3,3.97,0.3,2016-05-15,LightGBM,simulated
HOUSEHOLD_2_478,CA_1,HOUSEHOLD,1.4407855119722783,5,4.94,0.3,2016-05-15,LightGBM,simulated
HOUSEHOLD_2_480,CA_1,HOUSEHOLD,2.3512148221054123,5,5.24,0.3,2016-05-15,LightGBM,simulated
HOUSEHOLD_2_481,CA_1,HOUSEHOLD,0.6337917958110987,2,7.97,0.3,2016-05-15,LightGBM,simulated
HOUSEHOLD_2_483,CA_1,HOUSEHOLD,13.805528147102958,17,4.97,0.3,2016-05-15,LightGBM,simulated
HOUSEHOLD_2_487,CA_1,HOUSEHOLD,1.4788269925239947,3,9.98,0.3,2016-05-15,LightGBM,simulated
HOUSEHOLD_2_491,CA_1,HOUSEHOLD,2.242491617331276,3,6.96,0.3,2016-05-15,LightGBM,simulated
HOUSEHOLD_2_499,CA_1,HOUSEHOLD,13.375928439649133,20,1.97,0.3,2016-05-15,LightGBM,simulated
HOUSEHOLD_2_500,CA_1,HOUSEHOLD,3.818768326711195,8,5.84,0.3,2016-05-15,LightGBM,simulated
HOUSEHOLD_2_501,CA_1,HOUSEHOLD,4.438341749936594,8,7.97,0.3,2016-05-15,LightGBM,simulated
HOUSEHOLD_2_513,CA_1,HOUSEHOLD,2.792541064278213,4,2.78,0.3,2016-05-15,LightGBM,simulated
FOODS_1_011,CA_2,FOODS,17.108666292144818,23,2.68,0.3,2016-05-15,LightGBM,simulated
FOODS_1_033,CA_2,FOODS,2.9740611545452476,7,5.64,0.3,2016-05-15,LightGBM,simulated
FOODS_1_044,CA_2,FOODS,5.870406417486901,10,2.98,0.3,2016-05-15,LightGBM,simulated
FOODS_1_050,CA_2,FOODS,6.4716267725624945,14,5.98,0.3,2016-05-15,LightGBM,simulated
FOODS_1_052,CA_2,FOODS,8.363238101107228,8,0.98,0.3,2016-05-15,LightGBM,simulated
FOODS_1_058,CA_2,FOODS,22.398271495498935,33,1.96,0.3,2016-05-15,LightGBM,simulated
FOODS_1_082,CA_2,FOODS,48.49484605949379,59,0.98,0.3,2016-05-15,LightGBM,simulated
FOODS_1_083,CA_2,FOODS,31.20034009544744,22,2.0,0.3,2016-05-15,LightGBM,simulated
FOODS_1_089,CA_2,FOODS,7.32591296014604,13,3.48,0.3,2016-05-15,LightGBM,simulated
FOODS_1_102,CA_2,FOODS,6.898669331712267,7,1.78,0.3,2016-05-15,LightGBM,simulated
FOODS_1_109,CA_2,FOODS,5.79915648313187,4,2.24,0.3,2016-05-15,LightGBM,simulated
FOODS_1_111,CA_2,FOODS,5.040825223032356,9,5.98,0.3,2016-05-15,LightGBM,simulated
FOODS_1_113,CA_2,FOODS,20.40468624891478,64,0.98,0.3,2016-05-15,LightGBM,simulated
FOODS_1_120,CA_2,FOODS,10.246406909673015,24,1.96,0.3,2016-05-15,LightGBM,simulated
FOODS_1_127,CA_2,FOODS,10.074639787143857,12,2.12,0.3,2016-05-15,LightGBM,simulated
FOODS_1_128,CA_2,FOODS,4.2700713734401665,8,4.27,0.3,2016-05-15,LightGBM,simulated
FOODS_1_129,CA_2,FOODS,12.924792997071838,11,5.74,0.3,2016-05-15,LightGBM,simulated
FOODS_1_131,CA_2,FOODS,1.892890262171784,3,2.98,0.3,2016-05-15,LightGBM,simulated
FOODS_1_152,CA_2,FOODS,6.7252412911083255,8,8.58,0.3,2016-05-15,LightGBM,simulated
FOODS_1_158,CA_2,FOODS,4.79551662898807,6,4.68,0.3,2016-05-15,LightGBM,simulated
FOODS_1_163,CA_2,FOODS,23.129890580196435,42,0.98,0.3,2016-05-15,LightGBM,simulated
FOODS_1_173,CA_2,FOODS,53.154874587940746,65,2.0,0.3,2016-05-15,LightGBM,simulated
FOODS_1_174,CA_2,FOODS,10.019510662274413,26,5.28,0.3,2016-05-15,LightGBM,simulated
FOODS_1_180,CA_2,FOODS,13.97524110282191,12,9.97,0.3,2016-05-15,LightGBM,simulated
FOODS_1_190,CA_2,FOODS,12.29562144721898,14,0.98,0.3,2016-05-15,LightGBM,simulated
FOODS_1_193,CA_2,FOODS,8.42506957161472,9,4.89,0.3,2016-05-15,LightGBM,simulated
FOODS_1_203,CA_2,FOODS,11.135352664885005,10,2.24,0.3,2016-05-15,LightGBM,simulated
FOODS_1_215,CA_2,FOODS,42.82334669184027,46,1.84,0.3,2016-05-15,LightGBM,simulated
FOODS_1_216,CA_2,FOODS,15.10768040465191,19,5.28,0.3,2016-05-15,LightGBM,simulated
FOODS_2_001,CA_2,FOODS,8.982801811151656,16,2.0,0.3,2016-05-15,LightGBM,simulated
FOODS_2_013,CA_2,FOODS,24.087839445852996,28,2.0,0.3,2016-05-15,LightGBM,simulated
FOODS_2_015,CA_2,FOODS,5.983349499489894,11,2.5,0.3,2016-05-15,LightGBM,simulated
FOODS_2_019,CA_2,FOODS,24.520729445274103,18,3.42,0.3,2016-05-15,LightGBM,simulated
FOODS_2_021,CA_2,FOODS,14.20284120190935,16,0.94,0.3,2016-05-15,LightGBM,simulated
FOODS_2_033,CA_2,FOODS,24.490207451249294,15,2.38,0.3,2016-05-15,LightGBM,simulated
FOODS_2_035,CA_2,FOODS,16.97856843121482,11,5.0,0.3,2016-05-15,LightGBM,simulated
FOODS_2_036,CA_2,FOODS,12.194970467321,14,3.74,0.3,2016-05-15,LightGBM,simulated
FOODS_2_052,CA_2,FOODS,11.97415607842492,15,13.97,0.3,2016-05-15,LightGBM,simulated
FOODS_2_073,CA_2,FOODS,0.9682637809227054,2,5.98,0.3,2016-05-15,LightGBM,simulated
FOODS_2_080,CA_2,FOODS,17.366576409513296,31,2.18,0.3,2016-05-15,LightGBM,simulated
FOODS_2_083,CA_2,FOODS,8.694219192642118,13,6.72,0.3,2016-05-15,LightGBM,simulated
FOODS_2_105,CA_2,FOODS,1.5638150168385485,2,3.44,0.3,2016-05-15,LightGBM,simulated
FOODS_2_110,CA_2,FOODS,14.384786777466859,14,2.38,0.3,2016-05-15,LightGBM,simulated
FOODS_2_118,CA_2,FOODS,3.1875485177110576,6,3.28,0.3,2016-05-15,LightGBM,simulated
FOODS_2_126,CA_2,FOODS,2.101326749853199,2,4.88,0.3,2016-05-15,LightGBM,simulated
FOODS_2_139,CA_2,FOODS,8.642865075898742,14,2.98,0.3,2016-05-15,LightGBM,simulated
FOODS_2_159,CA_2,FOODS,4.924959142106776,6,3.97,0.3,2016-05-15,LightGBM,simulated
FOODS_2_167,CA_2,FOODS,6.333783929514304,13,2.5,0.3,2016-05-15,LightGBM,simulated
FOODS_2_170,CA_2,FOODS,9.512899617141844,15,3.28,0.3,2016-05-15,LightGBM,simulated
FOODS_2_176,CA_2,FOODS,8.031672539574798,9,2.98,0.3,2016-05-15,LightGBM,simulated
FOODS_2_194,CA_2,FOODS,4.4837970516926156,2,6.72,0.3,2016-05-15,LightGBM,simulated
FOODS_2_199,CA_2,FOODS,30.824288283568993,47,1.0,0.3,2016-05-15,LightGBM,simulated
FOODS_2_203,CA_2,FOODS,10.20419315060517,15,3.62,0.3,2016-05-15,LightGBM,simulated
FOODS_2_210,CA_2,FOODS,3.498155370544968,3,3.74,0.3,2016-05-15,LightGBM,simulated
FOODS_2_216,CA_2,FOODS,8.24348623693704,11,5.98,0.3,2016-05-15,LightGBM,simulated
FOODS_2_219,CA_2,FOODS,11.923730346427307,17,2.5,0.3,2016-05-15,LightGBM,simulated
FOODS_2_236,CA_2,FOODS,5.131205961682388,10,2.98,0.3,2016-05-15,LightGBM,simulated
FOODS_2_240,CA_2,FOODS,8.076082594601356,11,2.18,0.3,2016-05-15,LightGBM,simulated
FOODS_2_252,CA_2,FOODS,1.9494726752962184,3,3.78,0.3,2016-05-15,LightGBM,simulated
FOODS_2_255,CA_2,FOODS,7.066835606920331,10,2.68,0.3,2016-05-15,LightGBM,simulated
FOODS_2_256,CA_2,FOODS,1.5238773579460436,2,6.36,0.3,2016-05-15,LightGBM,simulated
FOODS_2_262,CA_2,FOODS,9.73537110267442,14,2.0,0.3,2016-05-15,LightGBM,simulated
FOODS_2_264,CA_2,FOODS,4.865103016057464,8,3.97,0.3,2016-05-15,LightGBM,simulated
FOODS_2_269,CA_2,FOODS,1.9410677686377755,3,2.5,0.3,2016-05-15,LightGBM,simulated
FOODS_2_272,CA_2,FOODS,9.224678340788401,15,2.0,0.3,2016-05-15,LightGBM,simulated
FOODS_2_277,CA_2,FOODS,5.027754132253505,8,1.28,0.3,2016-05-15,LightGBM,simulated
FOODS_2_294,CA_2,FOODS,30.80612990519914,56,1.0,0.3,2016-05-15,LightGBM,simulated
FOODS_2_301,CA_2,FOODS,7.18752612690511,9,3.18,0.3,2016-05-15,LightGBM,simulated
FOODS_2_303,CA_2,FOODS,6.1004844350012055,10,2.18,0.3,2016-05-15,LightGBM,simulated
FOODS_2_320,CA_2,FOODS,8.526029509489577,7,1.86,0.3,2016-05-15,LightGBM,simulated
FOODS_2_323,CA_2,FOODS,5.1639259315373485,4,3.97,0.3,2016-05-15,LightGBM,simulated
FOODS_2_328,CA_2,FOODS,5.570164026722854,6,4.42,0.3,2016-05-15,LightGBM,simulated
FOODS_2_330,CA_2,FOODS,1.7102464053045037,3,4.33,0.3,2016-05-15,LightGBM,simulated
FOODS_2_347,CA_2,FOODS,59.74953472275102,57,2.24,0.3,2016-05-15,LightGBM,simulated
FOODS_2_350,CA_2,FOODS,3.6015042371818153,6,4.98,0.3,2016-05-15,LightGBM,simulated
FOODS_2_352,CA_2,FOODS,11.738406069649523,8,9.98,0.3,2016-05-15,LightGBM,simulated
FOODS_2_355,CA_2,FOODS,4.5516525917957535,10,2.5,0.3,2016-05-15,LightGBM,simulated
FOODS_2_357,CA_2,FOODS,12.030599692246971,11,2.0,0.3,2016-05-15,LightGBM,simulated
FOODS_2_358,CA_2,FOODS,6.8476303401186,10,2.5,0.3,2016-05-15,LightGBM,simulated
FOODS_2_362,CA_2,FOODS,0.9381866855613208,2,6.98,0.3,2016-05-15,LightGBM,simulated
FOODS_2_363,CA_2,FOODS,9.571140951596831,9,2.5,0.3,2016-05-15,LightGBM,simulated
FOODS_2_371,CA_2,FOODS,40.49669653475932,31,2.0,0.3,2016-05-15,LightGBM,simulated
FOODS_2_382,CA_2,FOODS,10.527438246696493,8,3.88,0.3,2016-05-15,LightGBM,simulated
FOODS_2_387,CA_2,FOODS,4.570598622484156,8,12.97,0.3,2016-05-15,LightGBM,simulated
FOODS_2_388,CA_2,FOODS,11.419891461926714,12,2.98,0.3,2016-05-15,LightGBM,simulated
FOODS_2_390,CA_2,FOODS,2.024906078551087,5,7.16,0.3,2016-05-15,LightGBM,simulated
FOODS_2_392,CA_2,FOODS,2.0116450017967806,2,4.98,0.3,2016-05-15,LightGBM,simulated
FOODS_2_399,CA_2,FOODS,16.521533960278738,27,2.0,0.3,2016-05-15,LightGBM,simulated
FOODS_3_006,CA_2,FOODS,1.4407668831056535,3,7.88,0.3,2016-05-15,LightGBM,simulated
FOODS_3_011,CA_2,FOODS,14.939842494206149,13,1.98,0.3,2016-05-15,LightGBM,simulated
FOODS_3_016,CA_2,FOODS,9.30174872523484,11,2.98,0.3,2016-05-15,LightGBM,simulated
FOODS_3_021,CA_2,FOODS,4.703237174289458,10,2.48,0.3,2016-05-15,LightGBM,simulated
FOODS_3_028,CA_2,FOODS,4.705674502279441,5,3.88,0.3,2016-05-15,LightGBM,simulated
FOODS_3_030,CA_2,FOODS,39.588875626934865,33,1.48,0.3,2016-05-15,LightGBM,simulated
FOODS_3_039,CA_2,FOODS,34.32331007301368,44,3.98,0.3,2016-05-15,LightGBM,simulated
FOODS_3_044,CA_2,FOODS,6.33122358836816,10,2.88,0.3,2016-05-15,LightGBM,simulated
FOODS_3_071,CA_2,FOODS,26.07681665473285,50,1.34,0.3,2016-05-15,LightGBM,simulated
FOODS_3_078,CA_2,FOODS,5.528864762903522,9,2.97,0.3,2016-05-15,LightGBM,simulated
FOODS_3_092,CA_2,FOODS,5.128363480869361,2,3.33,0.3,2016-05-15,LightGBM,simulated
FOODS_3_093,CA_2,FOODS,13.795857586910708,12,1.98,0.3,2016-05-15,LightGBM,simulated
FOODS_3_094,CA_2,FOODS,8.321472695833894,6,2.98,0.3,2016-05-15,LightGBM,simulated
FOODS_3_095,CA_2,FOODS,6.869911632674519,9,4.98,0.3,2016-05-15,LightGBM,simulated
FOODS_3_097,CA_2,FOODS,19.544272717872506,14,2.24,0.3,2016-05-15,LightGBM,simulated
FOODS_3_130,CA_2,FOODS,11.029782863417092,21,2.68,0.3,2016-05-15,LightGBM,simulated
FOODS_3_138,CA_2,FOODS,8.052445563753693,10,1.98,0.3,2016-05-15,LightGBM,simulated
FOODS_3_145,CA_2,FOODS,4.186678465454401,7,2.98,0.3,2016-05-15,LightGBM,simulated
FOODS_3_154,CA_2,FOODS,3.7758766626376463,10,2.98,0.3,2016-05-15,LightGBM,simulated
FOODS_3_157,CA_2,FOODS,5.03267093458078,5,3.32,0.3,2016-05-15,LightGBM,simulated
FOODS_3_158,CA_2,FOODS,2.8407677590280924,7,5.98,0.3,2016-05-15,LightGBM,simulated
FOODS_3_161,CA_2,FOODS,3.679544257926037,5,1.98,0.3,2016-05-15,LightGBM,simulated
FOODS_3_165,CA_2,FOODS,1.0274677716101164,3,3.82,0.3,2016-05-15,LightGBM,simulated
FOODS_3_172,CA_2,FOODS,12.365157657066181,16,1.78,0.3,2016-05-15,LightGBM,simulated
FOODS_3_194,CA_2,FOODS,13.35916858392984,18,2.98,0.3,2016-05-15,LightGBM,simulated
FOODS_3_199,CA_2,FOODS,10.219022678479078,19,2.56,0.3,2016-05-15,LightGBM,simulated
FOODS_3_201,CA_2,FOODS,14.381846715375795,12,2.56,0.3,2016-05-15,LightGBM,simulated
FOODS_3_216,CA_2,FOODS,2.4352520273311584,3,2.56,0.3,2016-05-15,LightGBM,simulated
FOODS_3_220,CA_2,FOODS,2.980852799892527,8,2.98,0.3,2016-05-15,LightGBM,simulated
FOODS_3_238,CA_2,FOODS,10.083943220054831,8,3.27,0.3,2016-05-15,LightGBM,simulated
FOODS_3_255,CA_2,FOODS,2.995133016140049,2,3.98,0.3,2016-05-15,LightGBM,simulated
FOODS_3_256,CA_2,FOODS,1.6167777514961312,2,2.58,0.3,2016-05-15,LightGBM,simulated
FOODS_3_259,CA_2,FOODS,12.338556012798437,12,1.78,0.3,2016-05-15,LightGBM,simulated
FOODS_3_270,CA_2,FOODS,5.668815745985777,5,2.98,0.3,2016-05-15,LightGBM,simulated
FOODS_3_273,CA_2,FOODS,16.352380856093696,14,2.24,0.3,2016-05-15,LightGBM,simulated
FOODS_3_278,CA_2,FOODS,6.768781326366248,3,1.0,0.3,2016-05-15,LightGBM,simulated
FOODS_3_282,CA_2,FOODS,85.4767463115648,40,2.56,0.3,2016-05-15,LightGBM,simulated
FOODS_3_284,CA_2,FOODS,3.6256972925627022,3,1.98,0.3,2016-05-15,LightGBM,simulated
FOODS_3_286,CA_2,FOODS,5.118036186507787,4,3.98,0.3,2016-05-15,LightGBM,simulated
FOODS_3_288,CA_2,FOODS,185.01425715822543,115,1.5,0.3,2016-05-15,LightGBM,simulated
FOODS_3_296,CA_2,FOODS,14.89781274733574,23,2.0,0.3,2016-05-15,LightGBM,simulated
FOODS_3_299,CA_2,FOODS,27.03343924017006,22,1.5,0.3,2016-05-15,LightGBM,simulated
FOODS_3_307,CA_2,FOODS,36.76035111116645,33,3.98,0.3,2016-05-15,LightGBM,simulated
FOODS_3_310,CA_2,FOODS,9.825439519717579,10,1.0,0.3,2016-05-15,LightGBM,simulated
FOODS_3_314,CA_2,FOODS,3.4125077286448438,3,2.48,0.3,2016-05-15,LightGBM,simulated
FOODS_3_317,CA_2,FOODS,44.518516166270125,45,0.94,0.3,2016-05-15,LightGBM,simulated
FOODS_3_337,CA_2,FOODS,2.7128116046401805,3,3.98,0.3,2016-05-15,LightGBM,simulated
FOODS_3_340,CA_2,FOODS,8.718823891606297,12,3.32,0.3,2016-05-15,LightGBM,simulated
FOODS_3_346,CA_2,FOODS,11.40453504268612,8,1.98,0.3,2016-05-15,LightGBM,simulated
FOODS_3_351,CA_2,FOODS,59.25286283403125,49,0.94,0.3,2016-05-15,LightGBM,simulated
FOODS_3_355,CA_2,FOODS,30.939332500694423,22,0.94,0.3,2016-05-15,LightGBM,simulated
FOODS_3_357,CA_2,FOODS,6.09526734786023,7,3.64,0.3,2016-05-15,LightGBM,simulated
FOODS_3_364,CA_2,FOODS,4.629718862854781,8,2.78,0.3,2016-05-15,LightGBM,simulated
FOODS_3_366,CA_2,FOODS,5.260497809151195,4,1.74,0.3,2016-05-15,LightGBM,simulated
FOODS_3_371,CA_2,FOODS,3.6073991993683285,7,2.5,0.3,2016-05-15,LightGBM,simulated
FOODS_3_372,CA_2,FOODS,3.856308061144539,2,3.28,0.3,2016-05-15,LightGBM,simulated
FOODS_3_374,CA_2,FOODS,4.131654256963131,8,2.56,0.3,2016-05-15,LightGBM,simulated
FOODS_3_377,CA_2,FOODS,24.667908814310625,23,1.68,0.3,2016-05-15,LightGBM,simulated
FOODS_3_389,CA_2,FOODS,69.7936799948337,54,1.68,0.3,2016-05-15,LightGBM,simulated
FOODS_3_401,CA_2,FOODS,5.019020625311834,7,1.98,0.3,2016-05-15,LightGBM,simulated
FOODS_3_406,CA_2,FOODS,46.57472959185232,67,0.8,0.3,2016-05-15,LightGBM,simulated
FOODS_3_407,CA_2,FOODS,21.280159215991198,27,2.98,0.3,2016-05-15,LightGBM,simulated
FOODS_3_428,CA_2,FOODS,4.683881883995962,5,1.98,0.3,2016-05-15,LightGBM,simulated
FOODS_3_432,CA_2,FOODS,7.906398719191731,11,3.98,0.3,2016-05-15,LightGBM,simulated
FOODS_3_436,CA_2,FOODS,12.147806539337399,18,2.5,0.3,2016-05-15,LightGBM,simulated
FOODS_3_441,CA_2,FOODS,0.05326177708898286,2,6.98,0.3,2016-05-15,LightGBM,simulated
FOODS_3_442,CA_2,FOODS,3.458542800538097,10,2.48,0.3,2016-05-15,LightGBM,simulated
FOODS_3_443,CA_2,FOODS,1.3842032019259047,3,2.5,0.3,2016-05-15,LightGBM,simulated
FOODS_3_444,CA_2,FOODS,61.84877354964747,58,6.98,0.3,2016-05-15,LightGBM,simulated
FOODS_3_455,CA_2,FOODS,37.990692281191,69,2.48,0.3,2016-05-15,LightGBM,simulated
FOODS_3_457,CA_2,FOODS,3.038189272415829,3,2.5,0.3,2016-05-15,LightGBM,simulated
FOODS_3_466,CA_2,FOODS,1.850750518816026,2,2.98,0.3,2016-05-15,LightGBM,simulated
FOODS_3_475,CA_2,FOODS,8.604175488975073,9,1.0,0.3,2016-05-15,LightGBM,simulated
FOODS_3_478,CA_2,FOODS,5.323914922436316,5,1.74,0.3,2016-05-15,LightGBM,simulated
FOODS_3_481,CA_2,FOODS,11.743268824799436,9,3.88,0.3,2016-05-15,LightGBM,simulated
FOODS_3_483,CA_2,FOODS,13.019968759991734,15,2.98,0.3,2016-05-15,LightGBM,simulated
FOODS_3_487,CA_2,FOODS,15.27457640930899,19,1.68,0.3,2016-05-15,LightGBM,simulated
FOODS_3_492,CA_2,FOODS,8.694654695540557,5,2.98,0.3,2016-05-15,LightGBM,simulated
FOODS_3_502,CA_2,FOODS,11.190349404501696,6,2.56,0.3,2016-05-15,LightGBM,simulated
FOODS_3_507,CA_2,FOODS,3.2309555810243906,5,1.98,0.3,2016-05-15,LightGBM,simulated
FOODS_3_517,CA_2,FOODS,4.5472560374396425,3,2.94,0.3,2016-05-15,LightGBM,simulated
FOODS_3_526,CA_2,FOODS,45.104359730737634,39,1.98,0.3,2016-05-15,LightGBM,simulated
FOODS_3_530,CA_2,FOODS,1.5290964032053802,2,1.68,0.3,2016-05-15,LightGBM,simulated
FOODS_3_535,CA_2,FOODS,8.712693275002941,11,5.98,0.3,2016-05-15,LightGBM,simulated
FOODS_3_552,CA_2,FOODS,11.416822911724703,15,1.98,0.3,2016-05-15,LightGBM,simulated
FOODS_3_556,CA_2,FOODS,2.1062759930061694,7,2.56,0.3,2016-05-15,LightGBM,simulated
FOODS_3_568,CA_2,FOODS,18.81519902338674,18,1.0,0.3,2016-05-15,LightGBM,simulated
FOODS_3_575,CA_2,FOODS,4.8304785576013165,13,6.72,0.3,2016-05-15,LightGBM,simulated
FOODS_3_584,CA_2,FOODS,5.690529093521646,11,1.0,0.3,2016-05-15,LightGBM,simulated
FOODS_3_585,CA_2,FOODS,8.334675370731981,5,3.98,0.3,2016-05-15,LightGBM,simulated
FOODS_3_606,CA_2,FOODS,19.12765767480633,38,2.88,0.3,2016-05-15,LightGBM,simulated
FOODS_3_627,CA_2,FOODS,4.175239443182359,2,2.88,0.3,2016-05-15,LightGBM,simulated
FOODS_3_633,CA_2,FOODS,0.4315155773381532,2,2.88,0.3,2016-05-15,LightGBM,simulated
FOODS_3_646,CA_2,FOODS,9.971681906659603,18,2.68,0.3,2016-05-15,LightGBM,simulated
FOODS_3_657,CA_2,FOODS,6.6427277286094375,7,3.98,0.3,2016-05-15,LightGBM,simulated
FOODS_3_663,CA_2,FOODS,6.528105808909,9,1.74,0.3,2016-05-15,LightGBM,simulated
FOODS_3_679,CA_2,FOODS,8.481223484837686,11,3.88,0.3,2016-05-15,LightGBM,simulated
FOODS_3_695,CA_2,FOODS,42.1338546453344,35,3.98,0.3,2016-05-15,LightGBM,simulated
FOODS_3_719,CA_2,FOODS,9.727313900960368,16,2.5,0.3,2016-05-15,LightGBM,simulated
FOODS_3_731,CA_2,FOODS,12.188200456330081,11,2.98,0.3,2016-05-15,LightGBM,simulated
FOODS_3_745,CA_2,FOODS,0.6541015576843004,2,1.94,0.3,2016-05-15,LightGBM,simulated
FOODS_3_762,CA_2,FOODS,1.5263333897848448,5,3.27,0.3,2016-05-15,LightGBM,simulated
FOODS_3_765,CA_2,FOODS,4.901203985352079,6,3.0,0.3,2016-05-15,LightGBM,simulated
FOODS_3_773,CA_2,FOODS,6.634675642219206,7,4.98,0.3,2016-05-15,LightGBM,simulated
FOODS_3_783,CA_2,FOODS,27.131392726348995,28,5.44,0.3,2016-05-15,LightGBM,simulated
FOODS_3_790,CA_2,FOODS,8.58854541640365,13,2.48,0.3,2016-05-15,LightGBM,simulated
FOODS_3_806,CA_2,FOODS,6.601195324365661,6,2.56,0.3,2016-05-15,LightGBM,simulated
FOODS_3_812,CA_2,FOODS,13.999173376065267,12,2.94,0.3,2016-05-15,LightGBM,simulated
FOODS_3_813,CA_2,FOODS,12.798990139431474,10,4.54,0.3,2016-05-15,LightGBM,simulated
FOODS_3_819,CA_2,FOODS,11.475630687439036,10,1.98,0.3,2016-05-15,LightGBM,simulated
FOODS_3_820,CA_2,FOODS,13.514764562476007,22,1.98,0.3,2016-05-15,LightGBM,simulated
FOODS_3_827,CA_2,FOODS,24.089031987739112,41,1.0,0.3,2016-05-15,LightGBM,simulated
HOBBIES_1_001,CA_2,HOBBIES,5.293166554103567,12,8.38,0.3,2016-05-15,LightGBM,simulated
HOBBIES_1_007,CA_2,HOBBIES,2.0050412944767446,3,7.88,0.3,2016-05-15,LightGBM,simulated
HOBBIES_1_008,CA_2,HOBBIES,32.26700900783474,35,0.48,0.3,2016-05-15,LightGBM,simulated
HOBBIES_1_022,CA_2,HOBBIES,2.1240342358243165,5,7.18,0.3,2016-05-15,LightGBM,simulated
HOBBIES_1_025,CA_2,HOBBIES,4.692884064916465,4,3.98,0.3,2016-05-15,LightGBM,simulated
HOBBIES_1_028,CA_2,HOBBIES,2.3774775467495637,3,7.98,0.3,2016-05-15,LightGBM,simulated
HOBBIES_1_033,CA_2,HOBBIES,3.0936789561967415,10,16.86,0.3,2016-05-15,LightGBM,simulated
HOBBIES_1_036,CA_2,HOBBIES,2.363502012872627,3,1.12,0.3,2016-05-15,LightGBM,simulated
HOBBIES_1_039,CA_2,HOBBIES,0.8961459534263974,2,5.88,0.3,2016-05-15,LightGBM,simulated
HOBBIES_1_042,CA_2,HOBBIES,1.9653012793833906,6,7.83,0.3,2016-05-15,LightGBM,simulated
HOBBIES_1_043,CA_2,HOBBIES,16.0317606535097,4,0.7,0.3,2016-05-15,LightGBM,simulated
HOBBIES_1_044,CA_2,HOBBIES,1.3603792074872105,2,1.48,0.3,2016-05-15,LightGBM,simulated
HOBBIES_1_045,CA_2,HOBBIES,1.1728194189625154,2,10.58,0.3,2016-05-15,LightGBM,simulated
HOBBIES_1_051,CA_2,HOBBIES,1.9793924994194403,2,5.98,0.3,2016-05-15,LightGBM,simulated
HOBBIES_1_053,CA_2,HOBBIES,1.522818325319586,3,3.97,0.3,2016-05-15,LightGBM,simulated
HOBBIES_1_061,CA_2,HOBBIES,1.2987608767011094,2,2.83,0.3,2016-05-15,LightGBM,simulated
HOBBIES_1_062,CA_2,HOBBIES,1.1100872153916945,2,0.97,0.3,2016-05-15,LightGBM,simulated
HOBBIES_1_063,CA_2,HOBBIES,1.9798915450938734,4,5.47,0.3,2016-05-15,LightGBM,simulated
HOBBIES_1_064,CA_2,HOBBIES,9.549372119702255,9,12.44,0.3,2016-05-15,LightGBM,simulated
HOBBIES_1_072,CA_2,HOBBIES,2.9234139906666248,5,1.97,0.3,2016-05-15,LightGBM,simulated
HOBBIES_1_076,CA_2,HOBBIES,9.121780258558035,4,3.43,0.3,2016-05-15,LightGBM,simulated
HOBBIES_1_079,CA_2,HOBBIES,3.705164242363771,5,7.88,0.3,2016-05-15,LightGBM,simulated
HOBBIES_1_080,CA_2,HOBBIES,19.328587304781188,16,0.57,0.3,2016-05-15,LightGBM,simulated
HOBBIES_1_081,CA_2,HOBBIES,6.230664215737301,10,14.72,0.3,2016-05-15,LightGBM,simulated
HOBBIES_1_082,CA_2,HOBBIES,1.081371053542048,2,3.78,0.3,2016-05-15,LightGBM,simulated
HOBBIES_1_084,CA_2,HOBBIES,4.463840363314459,3,3.94,0.3,2016-05-15,LightGBM,simulated
HOBBIES_1_086,CA_2,HOBBIES,7.071746990894749,10,8.38,0.3,2016-05-15,LightGBM,simulated
HOBBIES_1_087,CA_2,HOBBIES,1.2922274959080111,3,12.88,0.3,2016-05-15,LightGBM,simulated
HOBBIES_1_092,CA_2,HOBBIES,1.3437702377719882,5,2.38,0.3,2016-05-15,LightGBM,simulated
HOBBIES_1_094,CA_2,HOBBIES,2.781992691509715,6,12.97,0.3,2016-05-15,LightGBM,simulated
HOBBIES_1_095,CA_2,HOBBIES,0.8391503869210643,2,7.68,0.3,2016-05-15,LightGBM,simulated
HOBBIES_1_097,CA_2,HOBBIES,1.915504717555772,4,4.24,0.3,2016-05-15,LightGBM,simulated
HOBBIES_1_099,CA_2,HOBBIES,8.737033613940831,7,13.98,0.3,2016-05-15,LightGBM,simulated
HOBBIES_1_104,CA_2,HOBBIES,3.89227472995139,7,23.98,0.3,2016-05-15,LightGBM,simulated
HOBBIES_1_105,CA_2,HOBBIES,3.7431115040092,8,6.68,0.3,2016-05-15,LightGBM,simulated
HOBBIES_1_108,CA_2,HOBBIES,5.242780334948975,8,12.98,0.3,2016-05-15,LightGBM,simulated
HOBBIES_1_112,CA_2,HOBBIES,1.826652871493007,6,2.72,0.3,2016-05-15,LightGBM,simulated
HOBBIES_1_114,CA_2,HOBBIES,1.1792899465804434,2,5.97,0.3,2016-05-15,LightGBM,simulated
HOBBIES_1_120,CA_2,HOBBIES,3.5924258728209755,7,10.98,0.3,2016-05-15,LightGBM,simulated
HOBBIES_1_121,CA_2,HOBBIES,3.045724457711699,3,1.12,0.3,2016-05-15,LightGBM,simulated
HOBBIES_1_127,CA_2,HOBBIES,4.161507972588193,4,1.22,0.3,2016-05-15,LightGBM,simulated
HOBBIES_1_128,CA_2,HOBBIES,1.246445030594601,3,8.77,0.3,2016-05-15,LightGBM,simulated
HOBBIES_1_130,CA_2,HOBBIES,9.877785825990937,12,2.73,0.3,2016-05-15,LightGBM,simulated
HOBBIES_1_133,CA_2,HOBBIES,1.0334414078748129,3,12.44,0.3,2016-05-15,LightGBM,simulated
HOBBIES_1_135,CA_2,HOBBIES,1.4498555739380028,3,20.38,0.3,2016-05-15,LightGBM,simulated
HOBBIES_1_136,CA_2,HOBBIES,1.5386168947231513,5,4.88,0.3,2016-05-15,LightGBM,simulated
HOBBIES_1_139,CA_2,HOBBIES,7.229331936881289,8,2.74,0.3,2016-05-15,LightGBM,simulated
HOBBIES_1_144,CA_2,HOBBIES,2.071387658228017,2,11.28,0.3,2016-05-15,LightGBM,simulated
HOBBIES_1_145,CA_2,HOBBIES,2.3793641226852844,5,1.28,0.3,2016-05-15,LightGBM,simulated
HOBBIES_1_150,CA_2,HOBBIES,5.388197553472112,14,1.77,0.3,2016-05-15,LightGBM,simulated
HOBBIES_1_152,CA_2,HOBBIES,3.2375529582371128,3,4.86,0.3,2016-05-15,LightGBM,simulated
HOBBIES_1_154,CA_2,HOBBIES,7.149983640662902,8,2.88,0.3,2016-05-15,LightGBM,simulated
HOBBIES_1_155,CA_2,HOBBIES,8.233941949260585,12,18.98,0.3,2016-05-15,LightGBM,simulated
HOBBIES_1_158,CA_2,HOBBIES,7.503555880848389,9,22.98,0.3,2016-05-15,LightGBM,simulated
HOBBIES_1_160,CA_2,HOBBIES,2.2067930908079427,3,19.96,0.3,2016-05-15,LightGBM,simulated
HOBBIES_1_161,CA_2,HOBBIES,5.835893492245914,8,0.7,0.3,2016-05-15,LightGBM,simulated
HOBBIES_1_165,CA_2,HOBBIES,1.4828460477846206,3,4.97,0.3,2016-05-15,LightGBM,simulated
HOBBIES_1_167,CA_2,HOBBIES,6.8600447124522255,12,0.68,0.3,2016-05-15,LightGBM,simulated
HOBBIES_1_171,CA_2,HOBBIES,2.7677087763730626,5,2.88,0.3,2016-05-15,LightGBM,simulated
HOBBIES_1_175,CA_2,HOBBIES,1.163916201604064,4,1.97,0.3,2016-05-15,LightGBM,simulated
HOBBIES_1_176,CA_2,HOBBIES,0.9814662230451744,2,5.94,0.3,2016-05-15,LightGBM,simulated
HOBBIES_1_185,CA_2,HOBBIES,3.890879721371808,6,3.24,0.3,2016-05-15,LightGBM,simulated
HOBBIES_1_187,CA_2,HOBBIES,3.419412911324604,7,7.0,0.3,2016-05-15,LightGBM,simulated
HOBBIES_1_191,CA_2,HOBBIES,1.879819551495121,4,8.97,0.3,2016-05-15,LightGBM,simulated
HOBBIES_1_194,CA_2,HOBBIES,9.800705302786529,9,2.88,0.3,2016-05-15,LightGBM,simulated
HOBBIES_1_197,CA_2,HOBBIES,2.528148957855389,5,12.84,0.3,2016-05-15,LightGBM,simulated
HOBBIES_1_198,CA_2,HOBBIES,9.404895390759986,17,8.38,0.3,2016-05-15,LightGBM,simulated
HOBBIES_1_203,CA_2,HOBBIES,3.1746202472584564,5,12.98,0.3,2016-05-15,LightGBM,simulated
HOBBIES_1_206,CA_2,HOBBIES,7.709574271479714,7,2.72,0.3,2016-05-15,LightGBM,simulated
HOBBIES_1_207,CA_2,HOBBIES,1.7710355799619628,3,2.78,0.3,2016-05-15,LightGBM,simulated
HOBBIES_1_209,CA_2,HOBBIES,25.749431156925105,29,0.7,0.3,2016-05-15,LightGBM,simulated
HOBBIES_1_213,CA_2,HOBBIES,7.042890158677592,6,8.38,0.3,2016-05-15,LightGBM,simulated
HOBBIES_1_217,CA_2,HOBBIES,0.5995830211281741,2,3.47,0.3,2016-05-15,LightGBM,simulated
HOBBIES_1_218,CA_2,HOBBIES,1.425997559141337,3,10.58,0.3,2016-05-15,LightGBM,simulated
HOBBIES_1_221,CA_2,HOBBIES,1.1685581649445405,2,2.97,0.3,2016-05-15,LightGBM,simulated
HOBBIES_1_225,CA_2,HOBBIES,2.39651417616483,3,29.96,0.3,2016-05-15,LightGBM,simulated
HOBBIES_1_226,CA_2,HOBBIES,5.303182033769329,5,13.98,0.3,2016-05-15,LightGBM,simulated
HOBBIES_1_233,CA_2,HOBBIES,21.02077674679001,21,0.7,0.3,2016-05-15,LightGBM,simulated
HOBBIES_1_237,CA_2,HOBBIES,2.8719492032131737,3,7.98,0.3,2016-05-15,LightGBM,simulated
HOBBIES_1_239,CA_2,HOBBIES,2.318670682040859,4,2.97,0.3,2016-05-15,LightGBM,simulated
HOBBIES_1_243,CA_2,HOBBIES,2.2156479483834164,3,13.88,0.3,2016-05-15,LightGBM,simulated
HOBBIES_1_245,CA_2,HOBBIES,2.332166149541082,8,4.97,0.3,2016-05-15,LightGBM,simulated
HOBBIES_1_246,CA_2,HOBBIES,3.6044919750879223,9,10.98,0.3,2016-05-15,LightGBM,simulated
HOBBIES_1_248,CA_2,HOBBIES,10.556106318185456,14,0.94,0.3,2016-05-15,LightGBM,simulated
HOBBIES_1_251,CA_2,HOBBIES,3.2701424767113094,5,15.83,0.3,2016-05-15,LightGBM,simulated
HOBBIES_1_252,CA_2,HOBBIES,5.529966584306086,6,0.68,0.3,2016-05-15,LightGBM,simulated
HOBBIES_1_253,CA_2,HOBBIES,3.3419075183108147,6,11.98,0.3,2016-05-15,LightGBM,simulated
HOBBIES_1_254,CA_2,HOBBIES,59.240280025954945,55,0.7,0.3,2016-05-15,LightGBM,simulated
HOBBIES_1_256,CA_2,HOBBIES,30.850392348307167,23,0.48,0.3,2016-05-15,LightGBM,simulated
HOBBIES_1_260,CA_2,HOBBIES,2.417347390815775,6,12.44,0.3,2016-05-15,LightGBM,simulated
HOBBIES_1_261,CA_2,HOBBIES,35.5971374502668,32,0.48,0.3,2016-05-15,LightGBM,simulated
HOBBIES_1_262,CA_2,HOBBIES,3.8858878422862113,8,8.98,0.3,2016-05-15,LightGBM,simulated
HOBBIES_1_264,CA_2,HOBBIES,3.2573544467238045,5,4.47,0.3,2016-05-15,LightGBM,simulated
HOBBIES_1_267,CA_2,HOBBIES,0.3095638169851971,2,2.88,0.3,2016-05-15,LightGBM,simulated
HOBBIES_1_268,CA_2,HOBBIES,43.39023402164271,73,0.48,0.3,2016-05-15,LightGBM,simulated
HOBBIES_1_275,CA_2,HOBBIES,1.1591147506026032,3,12.88,0.3,2016-05-15,LightGBM,simulated
HOBBIES_1_277,CA_2,HOBBIES,5.898291460469723,7,1.77,0.3,2016-05-15,LightGBM,simulated
HOBBIES_1_282,CA_2,HOBBIES,6.063468827256452,6,3.98,0.3,2016-05-15,LightGBM,simulated
HOBBIES_1_287,CA_2,HOBBIES,3.7497552997177714,5,5.76,0.3,2016-05-15,LightGBM,simulated
HOBBIES_1_289,CA_2,HOBBIES,1.0364073979280677,2,4.97,0.3,2016-05-15,LightGBM,simulated
HOBBIES_1_290,CA_2,HOBBIES,1.3451957114177073,4,5.77,0.3,2016-05-15,LightGBM,simulated
HOBBIES_1_294,CA_2,HOBBIES,1.216752768240684,3,3.88,0.3,2016-05-15,LightGBM,simulated
HOBBIES_1_298,CA_2,HOBBIES,4.77304599191364,5,3.94,0.3,2016-05-15,LightGBM,simulated
HOBBIES_1_300,CA_2,HOBBIES,6.77388325935216,10,9.83,0.3,2016-05-15,LightGBM,simulated
HOBBIES_1_305,CA_2,HOBBIES,1.1911142681570206,2,2.87,0.3,2016-05-15,LightGBM,simulated
HOBBIES_1_310,CA_2,HOBBIES,1.8827820354691212,2,5.72,0.3,2016-05-15,LightGBM,simulated
HOBBIES_1_311,CA_2,HOBBIES,2.3133530906648057,5,17.98,0.3,2016-05-15,LightGBM,simulated
HOBBIES_1_312,CA_2,HOBBIES,29.91894310194314,17,0.57,0.3,2016-05-15,LightGBM,simulated
HOBBIES_1_315,CA_2,HOBBIES,1.1146587296494805,4,4.97,0.3,2016-05-15,LightGBM,simulated
HOBBIES_1_317,CA_2,HOBBIES,3.796557821937911,4,7.98,0.3,2016-05-15,LightGBM,simulated
HOBBIES_1_322,CA_2,HOBBIES,2.1417956547298793,3,3.97,0.3,2016-05-15,LightGBM,simulated
HOBBIES_1_326,CA_2,HOBBIES,3.4644436073398484,10,1.97,0.3,2016-05-15,LightGBM,simulated
HOBBIES_1_327,CA_2,HOBBIES,2.250534498593241,3,7.88,0.3,2016-05-15,LightGBM,simulated
HOBBIES_1_331,CA_2,HOBBIES,2.9864947334967344,9,0.94,0.3,2016-05-15,LightGBM,simulated
HOBBIES_1_332,CA_2,HOBBIES,4.878428394037378,5,7.88,0.3,2016-05-15,LightGBM,simulated
HOBBIES_1_333,CA_2,HOBBIES,4.358339025461253,9,4.97,0.3,2016-05-15,LightGBM,simulated
HOBBIES_1_335,CA_2,HOBBIES,0.9516683704912252,3,11.96,0.3,2016-05-15,LightGBM,simulated
HOBBIES_1_338,CA_2,HOBBIES,5.974345443911561,5,8.98,0.3,2016-05-15,LightGBM,simulated
HOBBIES_1_340,CA_2,HOBBIES,1.9396759714152674,4,6.97,0.3,2016-05-15,LightGBM,simulated
HOBBIES_1_341,CA_2,HOBBIES,32.881298733646325,29,0.48,0.3,2016-05-15,LightGBM,simulated
HOBBIES_1_344,CA_2,HOBBIES,3.3921395392076907,3,11.78,0.3,2016-05-15,LightGBM,simulated
HOBBIES_1_345,CA_2,HOBBIES,5.991260389799834,13,7.88,0.3,2016-05-15,LightGBM,simulated
HOBBIES_1_346,CA_2,HOBBIES,2.7726629837101533,10,3.97,0.3,2016-05-15,LightGBM,simulated
HOBBIES_1_350,CA_2,HOBBIES,2.4830027714242817,5,2.98,0.3,2016-05-15,LightGBM,simulated
HOBBIES_1_353,CA_2,HOBBIES,22.801707253727034,23,1.08,0.3,2016-05-15,LightGBM,simulated
HOBBIES_1_354,CA_2,HOBBIES,24.65942007745605,24,22.98,0.3,2016-05-15,LightGBM,simulated
HOBBIES_1_359,CA_2,HOBBIES,2.0087971787952794,3,1.47,0.3,2016-05-15,LightGBM,simulated
HOBBIES_1_365,CA_2,HOBBIES,1.7241599954571478,3,3.97,0.3,2016-05-15,LightGBM,simulated
HOBBIES_1_366,CA_2,HOBBIES,1.4779712279544803,2,3.97,0.3,2016-05-15,LightGBM,simulated
HOBBIES_1_368,CA_2,HOBBIES,2.495611891516779,3,4.22,0.3,2016-05-15,LightGBM,simulated
HOBBIES_1_370,CA_2,HOBBIES,39.819865145020955,42,0.48,0.3,2016-05-15,LightGBM,simulated
HOBBIES_1_371,CA_2,HOBBIES,33.89614818476042,24,0.48,0.3,2016-05-15,LightGBM,simulated
HOBBIES_1_373,CA_2,HOBBIES,5.362106264109648,7,14.72,0.3,2016-05-15,LightGBM,simulated
HOBBIES_1_376,CA_2,HOBBIES,2.006001642246508,3,16.86,0.3,2016-05-15,LightGBM,simulated
HOBBIES_1_378,CA_2,HOBBIES,4.385287620909189,11,3.24,0.3,2016-05-15,LightGBM,simulated
HOBBIES_1_381,CA_2,HOBBIES,22.53675732448834,25,0.7,0.3,2016-05-15,LightGBM,simulated
HOBBIES_1_382,CA_2,HOBBIES,5.035241716870876,15,1.97,0.3,2016-05-15,LightGBM,simulated
HOBBIES_1_387,CA_2,HOBBIES,39.846067544861924,35,1.08,0.3,2016-05-15,LightGBM,simulated
HOBBIES_1_392,CA_2,HOBBIES,5.456901684758206,13,12.98,0.3,2016-05-15,LightGBM,simulated
HOBBIES_1_396,CA_2,HOBBIES,0.3548342207765287,2,1.88,0.3,2016-05-15,LightGBM,simulated
HOBBIES_1_401,CA_2,HOBBIES,2.387060207238059,4,1.97,0.3,2016-05-15,LightGBM,simulated
HOBBIES_1_402,CA_2,HOBBIES,1.5515164757831108,5,9.94,0.3,2016-05-15,LightGBM,simulated
HOBBIES_1_409,CA_2,HOBBIES,3.5921151528468056,3,5.76,0.3,2016-05-15,LightGBM,simulated
HOBBIES_1_412,CA_2,HOBBIES,5.73200466094059,6,1.98,0.3,2016-05-15,LightGBM,simulated
HOBBIES_1_415,CA_2,HOBBIES,4.18952473330142,6,6.68,0.3,2016-05-15,LightGBM,simulated
HOBBIES_1_416,CA_2,HOBBIES,4.718174863185114,6,4.97,0.3,2016-05-15,LightGBM,simulated
HOBBIES_1_418,CA_2,HOBBIES,2.9418695675844395,4,3.98,0.3,2016-05-15,LightGBM,simulated
HOBBIES_1_419,CA_2,HOBBIES,1.2855074199468106,5,5.98,0.3,2016-05-15,LightGBM,simulated
HOBBIES_1_420,CA_2,HOBBIES,4.240716283315566,5,5.74,0.3,2016-05-15,LightGBM,simulated
HOBBIES_1_421,CA_2,HOBBIES,6.389851275434907,5,8.38,0.3,2016-05-15,LightGBM,simulated
HOBBIES_1_423,CA_2,HOBBIES,5.479083236035495,6,7.78,0.3,2016-05-15,LightGBM,simulated
HOBBIES_2_006,CA_2,HOBBIES,1.0092260403100881,2,3.97,0.3,2016-05-15,LightGBM,simulated
HOBBIES_2_016,CA_2,HOBBIES,0.6592719719066656,2,4.97,0.3,2016-05-15,LightGBM,simulated
HOBBIES_2_017,CA_2,HOBBIES,1.7199335074744717,3,0.5,0.3,2016-05-15,LightGBM,simulated
HOBBIES_2_019,CA_2,HOBBIES,0.259303187459575,2,3.37,0.3,2016-05-15,LightGBM,simulated
HOBBIES_2_020,CA_2,HOBBIES,1.344049843304713,3,3.88,0.3,2016-05-15,LightGBM,simulated
HOBBIES_2_025,CA_2,HOBBIES,1.1811815133330235,2,0.5,0.3,2016-05-15,LightGBM,simulated
HOBBIES_2_027,CA_2,HOBBIES,1.5501232679807158,4,1.97,0.3,2016-05-15,LightGBM,simulated
HOBBIES_2_028,CA_2,HOBBIES,3.5610491504974426,8,0.88,0.3,2016-05-15,LightGBM,simulated
HOBBIES_2_030,CA_2,HOBBIES,0.21124147830876583,2,0.97,0.3,2016-05-15,LightGBM,simulated
HOBBIES_2_031,CA_2,HOBBIES,2.496042838768622,7,6.97,0.3,2016-05-15,LightGBM,simulated
HOBBIES_2_033,CA_2,HOBBIES,8.425540529801449,7,2.88,0.3,2016-05-15,LightGBM,simulated
HOBBIES_2_035,CA_2,HOBBIES,1.984398652856437,5,4.47,0.3,2016-05-15,LightGBM,simulated
HOBBIES_2_037,CA_2,HOBBIES,0.6907374221125517,2,0.97,0.3,2016-05-15,LightGBM,simulated
HOBBIES_2_038,CA_2,HOBBIES,3.1200720837589917,6,0.97,0.3,2016-05-15,LightGBM,simulated
HOBBIES_2_039,CA_2,HOBBIES,0.8785723831634624,2,4.97,0.3,2016-05-15,LightGBM,simulated
HOBBIES_2_043,CA_2,HOBBIES,7.1064080928569275,6,0.97,0.3,2016-05-15,LightGBM,simulated
HOBBIES_2_044,CA_2,HOBBIES,1.050543873145099,2,4.47,0.3,2016-05-15,LightGBM,simulated
HOBBIES_2_048,CA_2,HOBBIES,1.1884667088853003,2,2.88,0.3,2016-05-15,LightGBM,simulated
HOBBIES_2_049,CA_2,HOBBIES,1.195415467806374,3,2.5,0.3,2016-05-15,LightGBM,simulated
HOBBIES_2_050,CA_2,HOBBIES,1.7561088955541526,5,1.97,0.3,2016-05-15,LightGBM,simulated
HOBBIES_2_052,CA_2,HOBBIES,1.5465843150852365,3,2.47,0.3,2016-05-15,LightGBM,simulated
HOBBIES_2_055,CA_2,HOBBIES,1.295049478948601,3,2.5,0.3,2016-05-15,LightGBM,simulated
HOBBIES_2_063,CA_2,HOBBIES,0.4596815978125373,2,0.97,0.3,2016-05-15,LightGBM,simulated
HOBBIES_2_066,CA_2,HOBBIES,0.8916330209426396,3,4.97,0.3,2016-05-15,LightGBM,simulated
HOBBIES_2_068,CA_2,HOBBIES,2.0537833905068066,4,1.97,0.3,2016-05-15,LightGBM,simulated
HOBBIES_2_070,CA_2,HOBBIES,1.0700974056889485,2,9.97,0.3,2016-05-15,LightGBM,simulated
HOBBIES_2_073,CA_2,HOBBIES,1.9217567143054837,6,0.5,0.3,2016-05-15,LightGBM,simulated
HOBBIES_2_077,CA_2,HOBBIES,1.1692365111448355,2,9.97,0.3,2016-05-15,LightGBM,simulated
HOBBIES_2_081,CA_2,HOBBIES,2.5397980652586667,5,1.97,0.3,2016-05-15,LightGBM,simulated
HOBBIES_2_088,CA_2,HOBBIES,2.725706811231731,5,2.77,0.3,2016-05-15,LightGBM,simulated
HOBBIES_2_090,CA_2,HOBBIES,1.951357866739118,6,1.77,0.3,2016-05-15,LightGBM,simulated
HOBBIES_2_092,CA_2,HOBBIES,2.3378484458424844,8,4.97,0.3,2016-05-15,LightGBM,simulated
HOBBIES_2_093,CA_2,HOBBIES,2.4980402742100067,6,1.97,0.3,2016-05-15,LightGBM,simulated
HOBBIES_2_094,CA_2,HOBBIES,2.5652604772599874,4,1.97,0.3,2016-05-15,LightGBM,simulated
HOBBIES_2_099,CA_2,HOBBIES,0.33511531705692166,2,0.97,0.3,2016-05-15,LightGBM,simulated
HOBBIES_2_100,CA_2,HOBBIES,3.1187230523329603,3,0.88,0.3,2016-05-15,LightGBM,simulated
HOBBIES_2_101,CA_2,HOBBIES,1.0255633287987271,2,0.5,0.3,2016-05-15,LightGBM,simulated
HOBBIES_2_109,CA_2,HOBBIES,2.562705321998155,5,0.97,0.3,2016-05-15,LightGBM,simulated
HOBBIES_2_110,CA_2,HOBBIES,1.7222635236823332,8,5.97,0.3,2016-05-15,LightGBM,simulated
HOBBIES_2_111,CA_2,HOBBIES,0.9752906740967897,2,3.97,0.3,2016-05-15,LightGBM,simulated
HOBBIES_2_115,CA_2,HOBBIES,4.809581486626515,11,2.47,0.3,2016-05-15,LightGBM,simulated
HOBBIES_2_116,CA_2,HOBBIES,1.8836056854760264,3,2.97,0.3,2016-05-15,LightGBM,simulated
HOBBIES_2_121,CA_2,HOBBIES,14.591025756562324,15,0.97,0.3,2016-05-15,LightGBM,simulated
HOBBIES_2_134,CA_2,HOBBIES,0.8660442056051655,2,4.97,0.3,2016-05-15,LightGBM,simulated
HOBBIES_2_139,CA_2,HOBBIES,1.9527420788747003,3,4.97,0.3,2016-05-15,LightGBM,simulated
HOBBIES_2_141,CA_2,HOBBIES,1.6314964588032184,2,0.5,0.3,2016-05-15,LightGBM,simulated
HOBBIES_2_144,CA_2,HOBBIES,1.7351433770830602,4,0.5,0.3,2016-05-15,LightGBM,simulated
HOBBIES_2_145,CA_2,HOBBIES,1.0817926059207903,2,2.88,0.3,2016-05-15,LightGBM,simulated
HOBBIES_2_146,CA_2,HOBBIES,1.9260218888224367,4,1.97,0.3,2016-05-15,LightGBM,simulated
HOUSEHOLD_1_004,CA_2,HOUSEHOLD,21.495335081804097,14,2.36,0.3,2016-05-15,LightGBM,simulated
HOUSEHOLD_1_013,CA_2,HOUSEHOLD,6.746340178564632,8,4.94,0.3,2016-05-15,LightGBM,simulated
HOUSEHOLD_1_018,CA_2,HOUSEHOLD,7.932231619836921,8,9.97,0.3,2016-05-15,LightGBM,simulated
HOUSEHOLD_1_032,CA_2,HOUSEHOLD,56.35140363437424,44,9.98,0.3,2016-05-15,LightGBM,simulated
HOUSEHOLD_1_039,CA_2,HOUSEHOLD,9.118694920079504,7,2.97,0.3,2016-05-15,LightGBM,simulated
HOUSEHOLD_1_044,CA_2,HOUSEHOLD,3.405670095838093,4,17.97,0.3,2016-05-15,LightGBM,simulated
HOUSEHOLD_1_049,CA_2,HOUSEHOLD,4.97838281942119,9,5.97,0.3,2016-05-15,LightGBM,simulated
HOUSEHOLD_1_072,CA_2,HOUSEHOLD,17.794635598452853,17,7.98,0.3,2016-05-15,LightGBM,simulated
HOUSEHOLD_1_078,CA_2,HOUSEHOLD,9.109045485595145,14,2.84,0.3,2016-05-15,LightGBM,simulated
HOUSEHOLD_1_080,CA_2,HOUSEHOLD,4.926721721663014,5,10.47,0.3,2016-05-15,LightGBM,simulated
HOUSEHOLD_1_081,CA_2,HOUSEHOLD,3.766540888716355,4,7.98,0.3,2016-05-15,LightGBM,simulated
HOUSEHOLD_1_090,CA_2,HOUSEHOLD,13.187660116247821,21,2.96,0.3,2016-05-15,LightGBM,simulated
HOUSEHOLD_1_099,CA_2,HOUSEHOLD,14.22880760080557,12,2.37,0.3,2016-05-15,LightGBM,simulated
HOUSEHOLD_1_110,CA_2,HOUSEHOLD,65.25143323116801,109,3.97,0.3,2016-05-15,LightGBM,simulated
HOUSEHOLD_1_114,CA_2,HOUSEHOLD,25.843145817672845,25,0.97,0.3,2016-05-15,LightGBM,simulated
HOUSEHOLD_1_119,CA_2,HOUSEHOLD,10.67877130315556,6,3.74,0.3,2016-05-15,LightGBM,simulated
HOUSEHOLD_1_126,CA_2,HOUSEHOLD,3.3229009431785843,7,8.96,0.3,2016-05-15,LightGBM,simulated
HOUSEHOLD_1_128,CA_2,HOUSEHOLD,15.476560835233416,18,2.67,0.3,2016-05-15,LightGBM,simulated
HOUSEHOLD_1_129,CA_2,HOUSEHOLD,13.757305915055273,8,3.88,0.3,2016-05-15,LightGBM,simulated
HOUSEHOLD_1_132,CA_2,HOUSEHOLD,21.16517342640375,27,1.97,0.3,2016-05-15,LightGBM,simulated
HOUSEHOLD_1_149,CA_2,HOUSEHOLD,15.479650568475085,26,0.97,0.3,2016-05-15,LightGBM,simulated
HOUSEHOLD_1_154,CA_2,HOUSEHOLD,7.068444167592229,9,2.96,0.3,2016-05-15,LightGBM,simulated
HOUSEHOLD_1_165,CA_2,HOUSEHOLD,4.241168381530022,5,17.97,0.3,2016-05-15,LightGBM,simulated
HOUSEHOLD_1_170,CA_2,HOUSEHOLD,6.745406413678416,5,1.98,0.3,2016-05-15,LightGBM,simulated
HOUSEHOLD_1_171,CA_2,HOUSEHOLD,8.864949197355383,14,8.97,0.3,2016-05-15,LightGBM,simulated
HOUSEHOLD_1_173,CA_2,HOUSEHOLD,26.406556993113746,23,0.97,0.3,2016-05-15,LightGBM,simulated
HOUSEHOLD_1_193,CA_2,HOUSEHOLD,17.853963720675512,31,2.42,0.3,2016-05-15,LightGBM,simulated
HOUSEHOLD_1_198,CA_2,HOUSEHOLD,36.4413424910776,33,0.97,0.3,2016-05-15,LightGBM,simulated
HOUSEHOLD_1_201,CA_2,HOUSEHOLD,7.194784885599106,9,4.84,0.3,2016-05-15,LightGBM,simulated
HOUSEHOLD_1_230,CA_2,HOUSEHOLD,2.5369243158131325,3,3.28,0.3,2016-05-15,LightGBM,simulated
HOUSEHOLD_1_232,CA_2,HOUSEHOLD,4.643057865493406,9,4.23,0.3,2016-05-15,LightGBM,simulated
HOUSEHOLD_1_236,CA_2,HOUSEHOLD,39.225779999280725,58,2.47,0.3,2016-05-15,LightGBM,simulated
HOUSEHOLD_1_242,CA_2,HOUSEHOLD,2.2787714129093595,3,4.88,0.3,2016-05-15,LightGBM,simulated
HOUSEHOLD_1_249,CA_2,HOUSEHOLD,19.145404520198205,27,7.97,0.3,2016-05-15,LightGBM,simulated
HOUSEHOLD_1_253,CA_2,HOUSEHOLD,0.46111981760202175,2,3.47,0.3,2016-05-15,LightGBM,simulated
HOUSEHOLD_1_278,CA_2,HOUSEHOLD,6.8209113883017345,13,5.97,0.3,2016-05-15,LightGBM,simulated
HOUSEHOLD_1_279,CA_2,HOUSEHOLD,6.076751628802599,9,0.97,0.3,2016-05-15,LightGBM,simulated
HOUSEHOLD_1_288,CA_2,HOUSEHOLD,1.7933661351339418,4,7.93,0.3,2016-05-15,LightGBM,simulated
HOUSEHOLD_1_289,CA_2,HOUSEHOLD,11.976625709278972,13,5.22,0.3,2016-05-15,LightGBM,simulated
HOUSEHOLD_1_298,CA_2,HOUSEHOLD,17.774097382389527,17,3.72,0.3,2016-05-15,LightGBM,simulated
HOUSEHOLD_1_302,CA_2,HOUSEHOLD,1.4937096593037,2,8.0,0.3,2016-05-15,LightGBM,simulated
HOUSEHOLD_1_304,CA_2,HOUSEHOLD,19.007332275542858,18,2.36,0.3,2016-05-15,LightGBM,simulated
HOUSEHOLD_1_311,CA_2,HOUSEHOLD,12.160733147605086,22,3.88,0.3,2016-05-15,LightGBM,simulated
HOUSEHOLD_1_317,CA_2,HOUSEHOLD,4.5928132746977095,3,1.96,0.3,2016-05-15,LightGBM,simulated
HOUSEHOLD_1_319,CA_2,HOUSEHOLD,14.516342475931523,12,1.94,0.3,2016-05-15,LightGBM,simulated
HOUSEHOLD_1_321,CA_2,HOUSEHOLD,10.343533933684936,10,2.97,0.3,2016-05-15,LightGBM,simulated
HOUSEHOLD_1_334,CA_2,HOUSEHOLD,51.01443319653864,37,0.97,0.3,2016-05-15,LightGBM,simulated
HOUSEHOLD_1_345,CA_2,HOUSEHOLD,13.254986954718644,26,4.22,0.3,2016-05-15,LightGBM,simulated
HOUSEHOLD_1_348,CA_2,HOUSEHOLD,22.063062575907594,41,1.86,0.3,2016-05-15,LightGBM,simulated
HOUSEHOLD_1_362,CA_2,HOUSEHOLD,4.173798196258471,4,7.97,0.3,2016-05-15,LightGBM,simulated
HOUSEHOLD_1_368,CA_2,HOUSEHOLD,5.5641082147237775,8,7.98,0.3,2016-05-15,LightGBM,simulated
HOUSEHOLD_1_371,CA_2,HOUSEHOLD,7.800188863778661,8,4.94,0.3,2016-05-15,LightGBM,simulated
HOUSEHOLD_1_376,CA_2,HOUSEHOLD,10.483194922716354,13,5.44,0.3,2016-05-15,LightGBM,simulated
HOUSEHOLD_1_377,CA_2,HOUSEHOLD,2.7131956624953055,4,8.96,0.3,2016-05-15,LightGBM,simulated
HOUSEHOLD_1_378,CA_2,HOUSEHOLD,2.9854238968298477,4,21.78,0.3,2016-05-15,LightGBM,simulated
HOUSEHOLD_1_379,CA_2,HOUSEHOLD,13.97862701894575,22,0.97,0.3,2016-05-15,LightGBM,simulated
HOUSEHOLD_1_383,CA_2,HOUSEHOLD,9.366872686649668,12,3.48,0.3,2016-05-15,LightGBM,simulated
HOUSEHOLD_1_395,CA_2,HOUSEHOLD,2.7123305871719428,3,4.88,0.3,2016-05-15,LightGBM,simulated
HOUSEHOLD_1_396,CA_2,HOUSEHOLD,5.326080686219483,5,3.97,0.3,2016-05-15,LightGBM,simulated
HOUSEHOLD_1_397,CA_2,HOUSEHOLD,7.385218191121805,13,2.78,0.3,2016-05-15,LightGBM,simulated
HOUSEHOLD_1_401,CA_2,HOUSEHOLD,2.045851299968936,5,9.47,0.3,2016-05-15,LightGBM,simulated
HOUSEHOLD_1_407,CA_2,HOUSEHOLD,13.149278844354882,22,5.24,0.3,2016-05-15,LightGBM,simulated
HOUSEHOLD_1_411,CA_2,HOUSEHOLD,21.469865535013287,18,3.28,0.3,2016-05-15,LightGBM,simulated
HOUSEHOLD_1_413,CA_2,HOUSEHOLD,18.745464845254006,27,17.97,0.3,2016-05-15,LightGBM,simulated
HOUSEHOLD_1_414,CA_2,HOUSEHOLD,22.475827233556696,23,0.98,0.3,2016-05-15,LightGBM,simulated
HOUSEHOLD_1_422,CA_2,HOUSEHOLD,5.891882561175716,12,3.62,0.3,2016-05-15,LightGBM,simulated
HOUSEHOLD_1_424,CA_2,HOUSEHOLD,2.4449625587426844,5,2.97,0.3,2016-05-15,LightGBM,simulated
HOUSEHOLD_1_427,CA_2,HOUSEHOLD,0.18598594290941683,2,4.96,0.3,2016-05-15,LightGBM,simulated
HOUSEHOLD_1_438,CA_2,HOUSEHOLD,16.24461241618831,10,7.33,0.3,2016-05-15,LightGBM,simulated
HOUSEHOLD_1_441,CA_2,HOUSEHOLD,18.932805814246517,16,2.77,0.3,2016-05-15,LightGBM,simulated
HOUSEHOLD_1_447,CA_2,HOUSEHOLD,24.821599218883645,35,0.97,0.3,2016-05-15,LightGBM,simulated
HOUSEHOLD_1_468,CA_2,HOUSEHOLD,5.525939572468075,6,4.98,0.3,2016-05-15,LightGBM,simulated
HOUSEHOLD_1_470,CA_2,HOUSEHOLD,2.54516139789434,7,2.98,0.3,2016-05-15,LightGBM,simulated
HOUSEHOLD_1_475,CA_2,HOUSEHOLD,5.483147033414609,9,2.67,0.3,2016-05-15,LightGBM,simulated
HOUSEHOLD_1_484,CA_2,HOUSEHOLD,4.181091930260748,6,9.97,0.3,2016-05-15,LightGBM,simulated
HOUSEHOLD_1_493,CA_2,HOUSEHOLD,3.0417421337098296,6,2.87,0.3,2016-05-15,LightGBM,simulated
HOUSEHOLD_1_499,CA_2,HOUSEHOLD,4.1641677456402215,5,3.88,0.3,2016-05-15,LightGBM,simulated
HOUSEHOLD_1_500,CA_2,HOUSEHOLD,3.0355035727814896,4,4.44,0.3,2016-05-15,LightGBM,simulated
HOUSEHOLD_1_501,CA_2,HOUSEHOLD,3.3459610924650214,7,3.96,0.3,2016-05-15,LightGBM,simulated
HOUSEHOLD_1_505,CA_2,HOUSEHOLD,21.879349713427235,19,2.47,0.3,2016-05-15,LightGBM,simulated
HOUSEHOLD_1_506,CA_2,HOUSEHOLD,23.12527904220829,20,3.88,0.3,2016-05-15,LightGBM,simulated
HOUSEHOLD_1_512,CA_2,HOUSEHOLD,3.2770751833924368,2,1.87,0.3,2016-05-15,LightGBM,simulated
HOUSEHOLD_1_513,CA_2,HOUSEHOLD,7.552418489167747,15,9.97,0.3,2016-05-15,LightGBM,simulated
HOUSEHOLD_1_517,CA_2,HOUSEHOLD,52.366335462540654,72,0.88,0.3,2016-05-15,LightGBM,simulated
HOUSEHOLD_1_519,CA_2,HOUSEHOLD,4.278706874815003,11,4.88,0.3,2016-05-15,LightGBM,simulated
HOUSEHOLD_1_522,CA_2,HOUSEHOLD,8.445356690103122,6,1.73,0.3,2016-05-15,LightGBM,simulated
HOUSEHOLD_1_526,CA_2,HOUSEHOLD,3.7195808666556194,7,4.94,0.3,2016-05-15,LightGBM,simulated
HOUSEHOLD_1_531,CA_2,HOUSEHOLD,3.2692227961716385,8,7.93,0.3,2016-05-15,LightGBM,simulated
HOUSEHOLD_1_532,CA_2,HOUSEHOLD,10.088412532565824,8,2.48,0.3,2016-05-15,LightGBM,simulated
HOUSEHOLD_1_539,CA_2,HOUSEHOLD,17.677946869968135,20,3.97,0.3,2016-05-15,LightGBM,simulated
HOUSEHOLD_1_541,CA_2,HOUSEHOLD,5.875902443110794,3,5.97,0.3,2016-05-15,LightGBM,simulated
HOUSEHOLD_2_012,CA_2,HOUSEHOLD,5.944927741261465,11,4.78,0.3,2016-05-15,LightGBM,simulated
HOUSEHOLD_2_016,CA_2,HOUSEHOLD,6.115456011335942,10,1.62,0.3,2016-05-15,LightGBM,simulated
HOUSEHOLD_2_017,CA_2,HOUSEHOLD,1.849222613300636,4,3.72,0.3,2016-05-15,LightGBM,simulated
HOUSEHOLD_2_019,CA_2,HOUSEHOLD,2.373736731331535,6,9.47,0.3,2016-05-15,LightGBM,simulated
HOUSEHOLD_2_021,CA_2,HOUSEHOLD,2.748771174098612,5,4.47,0.3,2016-05-15,LightGBM,simulated
HOUSEHOLD_2_022,CA_2,HOUSEHOLD,5.1633160587454565,6,5.64,0.3,2016-05-15,LightGBM,simulated
HOUSEHOLD_2_024,CA_2,HOUSEHOLD,6.608486584859776,10,2.22,0.3,2016-05-15,LightGBM,simulated
HOUSEHOLD_2_028,CA_2,HOUSEHOLD,1.3289733036499385,2,5.94,0.3,2016-05-15,LightGBM,simulated
HOUSEHOLD_2_047,CA_2,HOUSEHOLD,0.5735420303526699,2,3.67,0.3,2016-05-15,LightGBM,simulated
HOUSEHOLD_2_052,CA_2,HOUSEHOLD,5.065950408821497,5,4.97,0.3,2016-05-15,LightGBM,simulated
HOUSEHOLD_2_062,CA_2,HOUSEHOLD,2.9710738900718527,5,2.94,0.3,2016-05-15,LightGBM,simulated
HOUSEHOLD_2_078,CA_2,HOUSEHOLD,3.4426711247172164,7,5.84,0.3,2016-05-15,LightGBM,simulated
HOUSEHOLD_2_081,CA_2,HOUSEHOLD,7.187807837500055,13,2.57,0.3,2016-05-15,LightGBM,simulated
HOUSEHOLD_2_087,CA_2,HOUSEHOLD,0.6420746199455868,2,7.94,0.3,2016-05-15,LightGBM,simulated
HOUSEHOLD_2_094,CA_2,HOUSEHOLD,0.9143447616625798,2,5.94,0.3,2016-05-15,LightGBM,simulated
HOUSEHOLD_2_095,CA_2,HOUSEHOLD,3.469231830176361,5,6.47,0.3,2016-05-15,LightGBM,simulated
HOUSEHOLD_2_096,CA_2,HOUSEHOLD,6.107003276719741,7,3.47,0.3,2016-05-15,LightGBM,simulated
HOUSEHOLD_2_104,CA_2,HOUSEHOLD,2.3664523426018915,6,4.97,0.3,2016-05-15,LightGBM,simulated
HOUSEHOLD_2_109,CA_2,HOUSEHOLD,10.48602819045258,13,3.87,0.3,2016-05-15,LightGBM,simulated
HOUSEHOLD_2_116,CA_2,HOUSEHOLD,2.7750602853316932,5,5.64,0.3,2016-05-15,LightGBM,simulated
HOUSEHOLD_2_118,CA_2,HOUSEHOLD,3.6065374204692437,3,3.42,0.3,2016-05-15,LightGBM,simulated
HOUSEHOLD_2_120,CA_2,HOUSEHOLD,4.115377526815351,6,7.94,0.3,2016-05-15,LightGBM,simulated
HOUSEHOLD_2_127,CA_2,HOUSEHOLD,2.2816182032545296,6,5.73,0.3,2016-05-15,LightGBM,simulated
HOUSEHOLD_2_128,CA_2,HOUSEHOLD,2.0798171468767843,9,5.94,0.3,2016-05-15,LightGBM,simulated
HOUSEHOLD_2_135,CA_2,HOUSEHOLD,5.440835085525514,4,9.98,0.3,2016-05-15,LightGBM,simulated
HOUSEHOLD_2_141,CA_2,HOUSEHOLD,1.1245443593210402,3,4.98,0.3,2016-05-15,LightGBM,simulated
HOUSEHOLD_2_147,CA_2,HOUSEHOLD,0.8544483370322112,3,3.97,0.3,2016-05-15,LightGBM,simulated
HOUSEHOLD_2_148,CA_2,HOUSEHOLD,2.2448684792523474,5,5.94,0.3,2016-05-15,LightGBM,simulated
HOUSEHOLD_2_153,CA_2,HOUSEHOLD,10.963668429537396,19,9.94,0.3,2016-05-15,LightGBM,simulated
HOUSEHOLD_2_156,CA_2,HOUSEHOLD,1.1352937924909297,2,7.43,0.3,2016-05-15,LightGBM,simulated
HOUSEHOLD_2_158,CA_2,HOUSEHOLD,1.7599147179500916,4,11.47,0.3,2016-05-15,LightGBM,simulated
HOUSEHOLD_2_162,CA_2,HOUSEHOLD,2.9242542578743853,6,3.97,0.3,2016-05-15,LightGBM,simulated
HOUSEHOLD_2_176,CA_2,HOUSEHOLD,33.70515077154407,31,4.97,0.3,2016-05-15,LightGBM,simulated
HOUSEHOLD_2_180,CA_2,HOUSEHOLD,5.25107886167692,13,2.84,0.3,2016-05-15,LightGBM,simulated
HOUSEHOLD_2_184,CA_2,HOUSEHOLD,9.488133961344262,15,1.97,0.3,2016-05-15,LightGBM,simulated
HOUSEHOLD_2_187,CA_2,HOUSEHOLD,2.9530302540841986,8,3.33,0.3,2016-05-15,LightGBM,simulated
HOUSEHOLD_2_197,CA_2,HOUSEHOLD,8.265646431807223,10,3.97,0.3,2016-05-15,LightGBM,simulated
HOUSEHOLD_2_199,CA_2,HOUSEHOLD,10.014353154070239,19,3.93,0.3,2016-05-15,LightGBM,simulated
HOUSEHOLD_2_203,CA_2,HOUSEHOLD,2.884745853675065,6,2.97,0.3,2016-05-15,LightGBM,simulated
HOUSEHOLD_2_208,CA_2,HOUSEHOLD,4.631751484571988,11,12.97,0.3,2016-05-15,LightGBM,simulated
HOUSEHOLD_2_211,CA_2,HOUSEHOLD,1.767689553029396,3,19.98,0.3,2016-05-15,LightGBM,simulated
HOUSEHOLD_2_214,CA_2,HOUSEHOLD,1.598607750753857,3,6.94,0.3,2016-05-15,LightGBM,simulated
HOUSEHOLD_2_219,CA_2,HOUSEHOLD,5.373070442304889,4,3.48,0.3,2016-05-15,LightGBM,simulated
HOUSEHOLD_2_226,CA_2,HOUSEHOLD,3.59642022144615,5,6.97,0.3,2016-05-15,LightGBM,simulated
HOUSEHOLD_2_229,CA_2,HOUSEHOLD,6.6981507688233615,13,4.78,0.3,2016-05-15,LightGBM,simulated
HOUSEHOLD_2_237,CA_2,HOUSEHOLD,1.683131541700165,4,5.94,0.3,2016-05-15,LightGBM,simulated
HOUSEHOLD_2_243,CA_2,HOUSEHOLD,1.8309626767259157,3,2.97,0.3,2016-05-15,LightGBM,simulated
HOUSEHOLD_2_246,CA_2,HOUSEHOLD,2.8199166418925157,4,7.87,0.3,2016-05-15,LightGBM,simulated
HOUSEHOLD_2_249,CA_2,HOUSEHOLD,2.441349302367125,7,8.64,0.3,2016-05-15,LightGBM,simulated
HOUSEHOLD_2_253,CA_2,HOUSEHOLD,1.0737526570201759,3,5.97,0.3,2016-05-15,LightGBM,simulated
HOUSEHOLD_2_256,CA_2,HOUSEHOLD,2.424888524799572,2,5.94,0.3,2016-05-15,LightGBM,simulated
HOUSEHOLD_2_258,CA_2,HOUSEHOLD,1.310655402319269,6,3.97,0.3,2016-05-15,LightGBM,simulated
HOUSEHOLD_2_272,CA_2,HOUSEHOLD,5.18707569526449,11,5.47,0.3,2016-05-15,LightGBM,simulated
HOUSEHOLD_2_273,CA_2,HOUSEHOLD,8.063633918457244,7,5.24,0.3,2016-05-15,LightGBM,simulated
HOUSEHOLD_2_278,CA_2,HOUSEHOLD,0.5013770796321912,2,10.98,0.3,2016-05-15,LightGBM,simulated
HOUSEHOLD_2_281,CA_2,HOUSEHOLD,2.776930401980164,6,5.27,0.3,2016-05-15,LightGBM,simulated
HOUSEHOLD_2_285,CA_2,HOUSEHOLD,2.967064703508289,7,4.67,0.3,2016-05-15,LightGBM,simulated
HOUSEHOLD_2_297,CA_2,HOUSEHOLD,5.348205510927155,10,6.54,0.3,2016-05-15,LightGBM,simulated
HOUSEHOLD_2_299,CA_2,HOUSEHOLD,0.8680472921623383,2,1.23,0.3,2016-05-15,LightGBM,simulated
HOUSEHOLD_2_300,CA_2,HOUSEHOLD,1.4360277392577032,3,7.97,0.3,2016-05-15,LightGBM,simulated
HOUSEHOLD_2_305,CA_2,HOUSEHOLD,3.929385811724855,9,5.47,0.3,2016-05-15,LightGBM,simulated
HOUSEHOLD_2_308,CA_2,HOUSEHOLD,2.2946190306749257,4,3.94,0.3,2016-05-15,LightGBM,simulated
HOUSEHOLD_2_309,CA_2,HOUSEHOLD,1.074115472511918,3,2.46,0.3,2016-05-15,LightGBM,simulated
HOUSEHOLD_2_310,CA_2,HOUSEHOLD,4.006305742019952,5,1.42,0.3,2016-05-15,LightGBM,simulated
HOUSEHOLD_2_312,CA_2,HOUSEHOLD,14.700000391852873,12,3.97,0.3,2016-05-15,LightGBM,simulated
HOUSEHOLD_2_313,CA_2,HOUSEHOLD,10.468868617115582,5,1.97,0.3,2016-05-15,LightGBM,simulated
HOUSEHOLD_2_333,CA_2,HOUSEHOLD,1.7883856072505404,3,4.98,0.3,2016-05-15,LightGBM,simulated
HOUSEHOLD_2_335,CA_2,HOUSEHOLD,27.519558042556163,29,6.24,0.3,2016-05-15,LightGBM,simulated
HOUSEHOLD_2_344,CA_2,HOUSEHOLD,10.294365672007542,16,5.74,0.3,2016-05-15,LightGBM,simulated
HOUSEHOLD_2_346,CA_2,HOUSEHOLD,9.930667467783273,7,3.33,0.3,2016-05-15,LightGBM,simulated
HOUSEHOLD_2_353,CA_2,HOUSEHOLD,7.440506172142902,11,4.78,0.3,2016-05-15,LightGBM,simulated
HOUSEHOLD_2_354,CA_2,HOUSEHOLD,4.5285033517943925,14,0.97,0.3,2016-05-15,LightGBM,simulated
HOUSEHOLD_2_361,CA_2,HOUSEHOLD,3.1087530653108026,5,6.94,0.3,2016-05-15,LightGBM,simulated
HOUSEHOLD_2_363,CA_2,HOUSEHOLD,1.3037199861080286,2,5.98,0.3,2016-05-15,LightGBM,simulated
HOUSEHOLD_2_365,CA_2,HOUSEHOLD,2.0336934860981444,6,4.87,0.3,2016-05-15,LightGBM,simulated
HOUSEHOLD_2_374,CA_2,HOUSEHOLD,8.807440187384548,18,2.98,0.3,2016-05-15,LightGBM,simulated
HOUSEHOLD_2_378,CA_2,HOUSEHOLD,2.599319519979962,7,6.98,0.3,2016-05-15,LightGBM,simulated
HOUSEHOLD_2_383,CA_2,HOUSEHOLD,2.8556839453839102,9,3.88,0.3,2016-05-15,LightGBM,simulated
HOUSEHOLD_2_385,CA_2,HOUSEHOLD,1.0095025297194746,2,7.47,0.3,2016-05-15,LightGBM,simulated
HOUSEHOLD_2_393,CA_2,HOUSEHOLD,1.1450094544748353,5,5.88,0.3,2016-05-15,LightGBM,simulated
HOUSEHOLD_2_394,CA_2,HOUSEHOLD,3.58524339321386,9,6.27,0.3,2016-05-15,LightGBM,simulated
HOUSEHOLD_2_399,CA_2,HOUSEHOLD,7.4835413814074,13,2.67,0.3,2016-05-15,LightGBM,simulated
HOUSEHOLD_2_400,CA_2,HOUSEHOLD,1.600531352044701,2,3.88,0.3,2016-05-15,LightGBM,simulated
HOUSEHOLD_2_409,CA_2,HOUSEHOLD,7.856718652929713,11,3.93,0.3,2016-05-15,LightGBM,simulated
HOUSEHOLD_2_414,CA_2,HOUSEHOLD,10.878180066967627,20,5.74,0.3,2016-05-15,LightGBM,simulated
HOUSEHOLD_2_415,CA_2,HOUSEHOLD,1.4253760491451293,4,2.46,0.3,2016-05-15,LightGBM,simulated
HOUSEHOLD_2_417,CA_2,HOUSEHOLD,2.5725837184002547,4,3.97,0.3,2016-05-15,LightGBM,simulated
HOUSEHOLD_2_418,CA_2,HOUSEHOLD,3.065725277466569,6,2.78,0.3,2016-05-15,LightGBM,simulated
HOUSEHOLD_2_423,CA_2,HOUSEHOLD,12.645725851925969,16,3.87,0.3,2016-05-15,LightGBM,simulated
HOUSEHOLD_2_426,CA_2,HOUSEHOLD,3.7372069222121125,10,4.37,0.3,2016-05-15,LightGBM,simulated
HOUSEHOLD_2_427,CA_2,HOUSEHOLD,9.080297638389823,8,3.48,0.3,2016-05-15,LightGBM,simulated
HOUSEHOLD_2_435,CA_2,HOUSEHOLD,2.9302169636729642,3,5.97,0.3,2016-05-15,LightGBM,simulated
HOUSEHOLD_2_438,CA_2,HOUSEHOLD,6.973131946188271,9,8.87,0.3,2016-05-15,LightGBM,simulated
HOUSEHOLD_2_439,CA_2,HOUSEHOLD,15.73141475521789,13,5.84,0.3,2016-05-15,LightGBM,simulated
HOUSEHOLD_2_444,CA_2,HOUSEHOLD,2.0617129858330174,3,5.97,0.3,2016-05-15,LightGBM,simulated
HOUSEHOLD_2_452,CA_2,HOUSEHOLD,5.966057558407692,13,5.94,0.3,2016-05-15,LightGBM,simulated
HOUSEHOLD_2_465,CA_2,HOUSEHOLD,7.105233964704132,11,7.54,0.3,2016-05-15,LightGBM,simulated
HOUSEHOLD_2_470,CA_2,HOUSEHOLD,10.32574792646829,10,0.88,0.3,2016-05-15,LightGBM,simulated
HOUSEHOLD_2_476,CA_2,HOUSEHOLD,2.061577374748866,2,3.97,0.3,2016-05-15,LightGBM,simulated
HOUSEHOLD_2_478,CA_2,HOUSEHOLD,1.0562376652349377,3,4.94,0.3,2016-05-15,LightGBM,simulated
HOUSEHOLD_2_480,CA_2,HOUSEHOLD,7.006945923083893,12,5.24,0.3,2016-05-15,LightGBM,simulated
HOUSEHOLD_2_481,CA_2,HOUSEHOLD,1.634711412482118,8,7.97,0.3,2016-05-15,LightGBM,simulated
HOUSEHOLD_2_483,CA_2,HOUSEHOLD,12.625042821200744,29,4.97,0.3,2016-05-15,LightGBM,simulated
HOUSEHOLD_2_487,CA_2,HOUSEHOLD,1.4549009658010401,5,9.98,0.3,2016-05-15,LightGBM,simulated
HOUSEHOLD_2_491,CA_2,HOUSEHOLD,1.425439873489278,2,6.96,0.3,2016-05-15,LightGBM,simulated
HOUSEHOLD_2_499,CA_2,HOUSEHOLD,27.94657758488807,24,1.97,0.3,2016-05-15,LightGBM,simulated
HOUSEHOLD_2_500,CA_2,HOUSEHOLD,3.5161935004785705,7,5.84,0.3,2016-05-15,LightGBM,simulated
HOUSEHOLD_2_501,CA_2,HOUSEHOLD,3.353392051390414,5,7.97,0.3,2016-05-15,LightGBM,simulated
HOUSEHOLD_2_513,CA_2,HOUSEHOLD,2.729608353299557,4,2.78,0.3,2016-05-15,LightGBM,simulated
FOODS_1_011,TX_1,FOODS,4.035686443132836,3,2.68,0.3,2016-05-15,LightGBM,simulated
FOODS_1_033,TX_1,FOODS,1.8161255082336711,3,6.27,0.3,2016-05-15,LightGBM,simulated
FOODS_1_044,TX_1,FOODS,4.529352205480468,9,2.98,0.3,2016-05-15,LightGBM,simulated
FOODS_1_050,TX_1,FOODS,2.6496181645408483,3,5.98,0.3,2016-05-15,LightGBM,simulated
FOODS_1_052,TX_1,FOODS,3.834872541953383,5,0.98,0.3,2016-05-15,LightGBM,simulated
FOODS_1_058,TX_1,FOODS,20.27765733294764,12,1.96,0.3,2016-05-15,LightGBM,simulated
FOODS_1_082,TX_1,FOODS,0.0,2,0.94,0.3,2016-05-15,LightGBM,simulated
FOODS_1_083,TX_1,FOODS,1.8237907681001289,2,2.0,0.3,2016-05-15,LightGBM,simulated
FOODS_1_089,TX_1,FOODS,0.5408674938253113,2,3.48,0.3,2016-05-15,LightGBM,simulated
FOODS_1_102,TX_1,FOODS,3.285268983046144,6,1.78,0.3,2016-05-15,LightGBM,simulated
FOODS_1_109,TX_1,FOODS,3.683501948958504,3,2.24,0.3,2016-05-15,LightGBM,simulated
FOODS_1_111,TX_1,FOODS,1.6997647647855731,5,5.98,0.3,2016-05-15,LightGBM,simulated
FOODS_1_113,TX_1,FOODS,10.22967919915143,13,0.94,0.3,2016-05-15,LightGBM,simulated
FOODS_1_120,TX_1,FOODS,7.07123619837659,14,1.5,0.3,2016-05-15,LightGBM,simulated
FOODS_1_127,TX_1,FOODS,5.653868966113955,8,2.12,0.3,2016-05-15,LightGBM,simulated
FOODS_1_128,TX_1,FOODS,1.0789356517175013,2,4.27,0.3,2016-05-15,LightGBM,simulated
FOODS_1_129,TX_1,FOODS,47.63422706173146,38,6.38,0.3,2016-05-15,LightGBM,simulated
FOODS_1_131,TX_1,FOODS,3.1143922399267105,6,2.78,0.3,2016-05-15,LightGBM,simulated
FOODS_1_152,TX_1,FOODS,5.691695755413649,10,8.58,0.3,2016-05-15,LightGBM,simulated
FOODS_1_158,TX_1,FOODS,2.2680039484388703,4,4.68,0.3,2016-05-15,LightGBM,simulated
FOODS_1_163,TX_1,FOODS,4.448003734335298,4,0.94,0.3,2016-05-15,LightGBM,simulated
FOODS_1_173,TX_1,FOODS,12.72728819244748,2,2.0,0.3,2016-05-15,LightGBM,simulated
FOODS_1_174,TX_1,FOODS,3.312474810686031,10,5.28,0.3,2016-05-15,LightGBM,simulated
FOODS_1_180,TX_1,FOODS,4.6523517442416775,2,9.97,0.3,2016-05-15,LightGBM,simulated
FOODS_1_190,TX_1,FOODS,10.331996961094578,4,0.94,0.3,2016-05-15,LightGBM,simulated
FOODS_1_193,TX_1,FOODS,9.354952812638107,16,5.37,0.3,2016-05-15,LightGBM,simulated
FOODS_1_203,TX_1,FOODS,1.9753416555032772,6,2.24,0.3,2016-05-15,LightGBM,simulated
FOODS_1_215,TX_1,FOODS,3.212841691281669,2,1.84,0.3,2016-05-15,LightGBM,simulated
FOODS_1_216,TX_1,FOODS,2.9966463349208308,3,5.28,0.3,2016-05-15,LightGBM,simulated
FOODS_2_001,TX_1,FOODS,9.502239989832168,9,1.78,0.3,2016-05-15,LightGBM,simulated
FOODS_2_013,TX_1,FOODS,26.686030043868396,18,1.78,0.3,2016-05-15,LightGBM,simulated
FOODS_2_015,TX_1,FOODS,2.429035479877725,4,2.36,0.3,2016-05-15,LightGBM,simulated
FOODS_2_019,TX_1,FOODS,14.087268188238907,13,2.98,0.3,2016-05-15,LightGBM,simulated
FOODS_2_021,TX_1,FOODS,15.779530122563028,16,0.94,0.3,2016-05-15,LightGBM,simulated
FOODS_2_033,TX_1,FOODS,10.092274844758007,10,2.38,0.3,2016-05-15,LightGBM,simulated
FOODS_2_035,TX_1,FOODS,12.518100630804023,10,5.0,0.3,2016-05-15,LightGBM,simulated
FOODS_2_036,TX_1,FOODS,16.46058809283995,18,3.5,0.3,2016-05-15,LightGBM,simulated
FOODS_2_052,TX_1,FOODS,5.325229252976582,7,13.97,0.3,2016-05-15,LightGBM,simulated
FOODS_2_073,TX_1,FOODS,0.260290535221624,2,5.74,0.3,2016-05-15,LightGBM,simulated
FOODS_2_080,TX_1,FOODS,23.955801183721245,22,2.18,0.3,2016-05-15,LightGBM,simulated
FOODS_2_083,TX_1,FOODS,4.043437034647305,9,6.72,0.3,2016-05-15,LightGBM,simulated
FOODS_2_105,TX_1,FOODS,2.170409240501935,4,3.44,0.3,2016-05-15,LightGBM,simulated
FOODS_2_110,TX_1,FOODS,4.074935113237723,6,2.28,0.3,2016-05-15,LightGBM,simulated
FOODS_2_118,TX_1,FOODS,8.812904715255241,7,2.83,0.3,2016-05-15,LightGBM,simulated
FOODS_2_126,TX_1,FOODS,1.3504092593269261,2,4.88,0.3,2016-05-15,LightGBM,simulated
FOODS_2_139,TX_1,FOODS,6.924384896229024,5,2.98,0.3,2016-05-15,LightGBM,simulated
FOODS_2_159,TX_1,FOODS,1.5331303772433966,5,3.97,0.3,2016-05-15,LightGBM,simulated
FOODS_2_167,TX_1,FOODS,4.270256865095842,3,2.5,0.3,2016-05-15,LightGBM,simulated
FOODS_2_170,TX_1,FOODS,8.60963504118258,13,2.83,0.3,2016-05-15,LightGBM,simulated
FOODS_2_176,TX_1,FOODS,1.807644451132085,6,2.98,0.3,2016-05-15,LightGBM,simulated
FOODS_2_194,TX_1,FOODS,15.069916978987157,13,6.72,0.3,2016-05-15,LightGBM,simulated
FOODS_2_199,TX_1,FOODS,15.964273242750142,11,0.84,0.3,2016-05-15,LightGBM,simulated
FOODS_2_203,TX_1,FOODS,1.1582816339656892,3,3.62,0.3,2016-05-15,LightGBM,simulated
FOODS_2_210,TX_1,FOODS,2.341118339819267,5,3.74,0.3,2016-05-15,LightGBM,simulated
FOODS_2_216,TX_1,FOODS,3.5324060137989046,6,5.96,0.3,2016-05-15,LightGBM,simulated
FOODS_2_219,TX_1,FOODS,2.3919211639757028,6,2.5,0.3,2016-05-15,LightGBM,simulated
FOODS_2_236,TX_1,FOODS,13.455430842608022,21,2.98,0.3,2016-05-15,LightGBM,simulated
FOODS_2_240,TX_1,FOODS,11.018010065258967,23,2.18,0.3,2016-05-15,LightGBM,simulated
FOODS_2_252,TX_1,FOODS,1.0498584642249709,3,3.78,0.3,2016-05-15,LightGBM,simulated
FOODS_2_255,TX_1,FOODS,7.831738925336132,12,2.0,0.3,2016-05-15,LightGBM,simulated
FOODS_2_256,TX_1,FOODS,1.9828005024898363,3,6.36,0.3,2016-05-15,LightGBM,simulated
FOODS_2_262,TX_1,FOODS,2.5901062569468722,3,2.0,0.3,2016-05-15,LightGBM,simulated
FOODS_2_264,TX_1,FOODS,2.699996898602709,4,3.97,0.3,2016-05-15,LightGBM,simulated
FOODS_2_269,TX_1,FOODS,3.614571022809714,9,2.5,0.3,2016-05-15,LightGBM,simulated
FOODS_2_272,TX_1,FOODS,3.2046930898311756,4,1.87,0.3,2016-05-15,LightGBM,simulated
FOODS_2_277,TX_1,FOODS,2.7432379966384812,5,1.28,0.3,2016-05-15,LightGBM,simulated
FOODS_2_294,TX_1,FOODS,13.236708071469538,7,1.0,0.3,2016-05-15,LightGBM,simulated
FOODS_2_301,TX_1,FOODS,3.0605823846684674,5,2.98,0.3,2016-05-15,LightGBM,simulated
FOODS_2_303,TX_1,FOODS,2.471983374857397,5,2.18,0.3,2016-05-15,LightGBM,simulated
FOODS_2_320,TX_1,FOODS,7.842729346660934,5,1.86,0.3,2016-05-15,LightGBM,simulated
FOODS_2_323,TX_1,FOODS,3.6440420537970373,12,3.97,0.3,2016-05-15,LightGBM,simulated
FOODS_2_328,TX_1,FOODS,3.6808962940519527,4,4.42,0.3,2016-05-15,LightGBM,simulated
FOODS_2_330,TX_1,FOODS,1.5934949500559592,3,3.76,0.3,2016-05-15,LightGBM,simulated
FOODS_2_347,TX_1,FOODS,45.57897615096886,57,1.78,0.3,2016-05-15,LightGBM,simulated
FOODS_2_350,TX_1,FOODS,2.4302769093432826,4,4.74,0.3,2016-05-15,LightGBM,simulated
FOODS_2_352,TX_1,FOODS,24.99505721073117,27,9.98,0.3,2016-05-15,LightGBM,simulated
FOODS_2_355,TX_1,FOODS,4.565059613638554,8,2.36,0.3,2016-05-15,LightGBM,simulated
FOODS_2_357,TX_1,FOODS,8.509898658714668,4,1.78,0.3,2016-05-15,LightGBM,simulated
FOODS_2_358,TX_1,FOODS,1.5110728669128892,5,2.5,0.3,2016-05-15,LightGBM,simulated
FOODS_2_362,TX_1,FOODS,1.1396173575232529,3,6.98,0.3,2016-05-15,LightGBM,simulated
FOODS_2_363,TX_1,FOODS,1.9715091901895758,3,2.5,0.3,2016-05-15,LightGBM,simulated
FOODS_2_371,TX_1,FOODS,20.01523374366113,20,1.78,0.3,2016-05-15,LightGBM,simulated
FOODS_2_382,TX_1,FOODS,8.435500663318452,10,3.88,0.3,2016-05-15,LightGBM,simulated
FOODS_2_387,TX_1,FOODS,3.2209113154294315,8,12.97,0.3,2016-05-15,LightGBM,simulated
FOODS_2_388,TX_1,FOODS,10.96267930476165,11,2.98,0.3,2016-05-15,LightGBM,simulated
FOODS_2_390,TX_1,FOODS,1.8036513254963948,5,7.16,0.3,2016-05-15,LightGBM,simulated
FOODS_2_392,TX_1,FOODS,2.8380789193436216,5,4.98,0.3,2016-05-15,LightGBM,simulated
FOODS_2_399,TX_1,FOODS,6.103819011957649,7,2.0,0.3,2016-05-15,LightGBM,simulated
FOODS_3_006,TX_1,FOODS,5.347579160195029,7,7.88,0.3,2016-05-15,LightGBM,simulated
FOODS_3_011,TX_1,FOODS,2.803598353704518,3,1.88,0.3,2016-05-15,LightGBM,simulated
FOODS_3_016,TX_1,FOODS,2.905069254520676,6,2.98,0.3,2016-05-15,LightGBM,simulated
FOODS_3_021,TX_1,FOODS,6.145268777258068,8,1.99,0.3,2016-05-15,LightGBM,simulated
FOODS_3_028,TX_1,FOODS,5.283244014114837,10,3.88,0.3,2016-05-15,LightGBM,simulated
FOODS_3_030,TX_1,FOODS,55.50352213713998,53,1.25,0.3,2016-05-15,LightGBM,simulated
FOODS_3_039,TX_1,FOODS,13.144700818134902,10,3.98,0.3,2016-05-15,LightGBM,simulated
FOODS_3_044,TX_1,FOODS,1.3334234998521837,2,2.88,0.3,2016-05-15,LightGBM,simulated
FOODS_3_071,TX_1,FOODS,16.43561804882962,15,1.34,0.3,2016-05-15,LightGBM,simulated
FOODS_3_078,TX_1,FOODS,0.7666847603643671,2,2.97,0.3,2016-05-15,LightGBM,simulated
FOODS_3_092,TX_1,FOODS,2.106453406673922,2,3.98,0.3,2016-05-15,LightGBM,simulated
FOODS_3_093,TX_1,FOODS,33.31488128198207,32,1.88,0.3,2016-05-15,LightGBM,simulated
FOODS_3_094,TX_1,FOODS,10.692658263997588,7,2.98,0.3,2016-05-15,LightGBM,simulated
FOODS_3_095,TX_1,FOODS,4.186562477716221,7,4.98,0.3,2016-05-15,LightGBM,simulated
FOODS_3_097,TX_1,FOODS,9.023177614729404,12,2.24,0.3,2016-05-15,LightGBM,simulated
FOODS_3_130,TX_1,FOODS,2.929077323626427,4,2.68,0.3,2016-05-15,LightGBM,simulated
FOODS_3_138,TX_1,FOODS,10.919119250000218,14,1.98,0.3,2016-05-15,LightGBM,simulated
FOODS_3_145,TX_1,FOODS,1.1478184907346636,3,2.98,0.3,2016-05-15,LightGBM,simulated
FOODS_3_154,TX_1,FOODS,10.407578658515297,20,2.98,0.3,2016-05-15,LightGBM,simulated
FOODS_3_157,TX_1,FOODS,3.7980855473923962,6,3.32,0.3,2016-05-15,LightGBM,simulated
FOODS_3_158,TX_1,FOODS,1.4269640229969125,3,5.98,0.3,2016-05-15,LightGBM,simulated
FOODS_3_161,TX_1,FOODS,1.8422675275182683,3,1.98,0.3,2016-05-15,LightGBM,simulated
FOODS_3_165,TX_1,FOODS,0.8932746407930395,2,3.27,0.3,2016-05-15,LightGBM,simulated
FOODS_3_172,TX_1,FOODS,21.489538111034445,43,1.78,0.3,2016-05-15,LightGBM,simulated
FOODS_3_194,TX_1,FOODS,2.668593523978946,4,2.98,0.3,2016-05-15,LightGBM,simulated
FOODS_3_199,TX_1,FOODS,4.767004328643596,6,2.56,0.3,2016-05-15,LightGBM,simulated
FOODS_3_201,TX_1,FOODS,13.479315119975755,6,2.56,0.3,2016-05-15,LightGBM,simulated
FOODS_3_216,TX_1,FOODS,1.1002783254820359,3,2.56,0.3,2016-05-15,LightGBM,simulated
FOODS_3_220,TX_1,FOODS,0.7446895856049729,2,2.98,0.3,2016-05-15,LightGBM,simulated
FOODS_3_238,TX_1,FOODS,12.455982943658913,11,3.27,0.3,2016-05-15,LightGBM,simulated
FOODS_3_255,TX_1,FOODS,1.4886580032871903,6,3.98,0.3,2016-05-15,LightGBM,simulated
FOODS_3_256,TX_1,FOODS,0.24948509160905416,2,2.56,0.3,2016-05-15,LightGBM,simulated
FOODS_3_259,TX_1,FOODS,12.05762879653908,16,1.78,0.3,2016-05-15,LightGBM,simulated
FOODS_3_270,TX_1,FOODS,1.6337977572087485,3,2.98,0.3,2016-05-15,LightGBM,simulated
FOODS_3_273,TX_1,FOODS,3.0550076760483575,5,2.24,0.3,2016-05-15,LightGBM,simulated
FOODS_3_278,TX_1,FOODS,5.3290347657264485,8,1.0,0.3,2016-05-15,LightGBM,simulated
FOODS_3_282,TX_1,FOODS,124.18815583194551,106,2.56,0.3,2016-05-15,LightGBM,simulated
FOODS_3_284,TX_1,FOODS,3.1100479167801147,6,1.98,0.3,2016-05-15,LightGBM,simulated
FOODS_3_286,TX_1,FOODS,3.3095134242035407,5,3.98,0.3,2016-05-15,LightGBM,simulated
FOODS_3_288,TX_1,FOODS,68.51642283025677,91,1.5,0.3,2016-05-15,LightGBM,simulated
FOODS_3_296,TX_1,FOODS,6.74741778860724,8,2.0,0.3,2016-05-15,LightGBM,simulated
FOODS_3_299,TX_1,FOODS,17.712817041666835,11,1.5,0.3,2016-05-15,LightGBM,simulated
FOODS_3_307,TX_1,FOODS,17.420841167380974,16,3.98,0.3,2016-05-15,LightGBM,simulated
FOODS_3_310,TX_1,FOODS,6.681103467943417,7,1.0,0.3,2016-05-15,LightGBM,simulated
FOODS_3_314,TX_1,FOODS,1.9042405248397534,3,2.18,0.3,2016-05-15,LightGBM,simulated
FOODS_3_317,TX_1,FOODS,5.001641150447216,11,0.94,0.3,2016-05-15,LightGBM,simulated
FOODS_3_337,TX_1,FOODS,1.0559431073460028,2,3.98,0.3,2016-05-15,LightGBM,simulated
FOODS_3_340,TX_1,FOODS,3.5590910955299186,5,3.32,0.3,2016-05-15,LightGBM,simulated
FOODS_3_346,TX_1,FOODS,11.662472860681115,10,1.98,0.3,2016-05-15,LightGBM,simulated
FOODS_3_351,TX_1,FOODS,21.35614886671427,25,0.94,0.3,2016-05-15,LightGBM,simulated
FOODS_3_355,TX_1,FOODS,12.044503758180978,13,0.94,0.3,2016-05-15,LightGBM,simulated
FOODS_3_357,TX_1,FOODS,1.5917820289051894,4,3.64,0.3,2016-05-15,LightGBM,simulated
FOODS_3_364,TX_1,FOODS,1.086155534294832,2,2.78,0.3,2016-05-15,LightGBM,simulated
FOODS_3_366,TX_1,FOODS,1.6928470142016714,2,1.74,0.3,2016-05-15,LightGBM,simulated
FOODS_3_371,TX_1,FOODS,5.077501728803603,8,2.5,0.3,2016-05-15,LightGBM,simulated
FOODS_3_372,TX_1,FOODS,28.73947848691815,38,3.28,0.3,2016-05-15,LightGBM,simulated
FOODS_3_374,TX_1,FOODS,1.9389017290855306,5,2.56,0.3,2016-05-15,LightGBM,simulated
FOODS_3_377,TX_1,FOODS,104.81893781630268,106,1.68,0.3,2016-05-15,LightGBM,simulated
FOODS_3_389,TX_1,FOODS,110.719889261501,108,1.68,0.3,2016-05-15,LightGBM,simulated
FOODS_3_401,TX_1,FOODS,2.252388638090027,3,1.98,0.3,2016-05-15,LightGBM,simulated
FOODS_3_406,TX_1,FOODS,31.49618399824857,30,0.8,0.3,2016-05-15,LightGBM,simulated
FOODS_3_407,TX_1,FOODS,15.411639145358338,15,2.98,0.3,2016-05-15,LightGBM,simulated
FOODS_3_428,TX_1,FOODS,1.304809324947454,3,1.98,0.3,2016-05-15,LightGBM,simulated
FOODS_3_432,TX_1,FOODS,12.715309688886327,23,3.98,0.3,2016-05-15,LightGBM,simulated
FOODS_3_436,TX_1,FOODS,3.8415941638693636,10,0.99,0.3,2016-05-15,LightGBM,simulated
FOODS_3_441,TX_1,FOODS,1.1482847631969817,2,6.98,0.3,2016-05-15,LightGBM,simulated
FOODS_3_442,TX_1,FOODS,0.7206957656034361,2,2.48,0.3,2016-05-15,LightGBM,simulated
FOODS_3_443,TX_1,FOODS,1.9243775278799577,3,0.99,0.3,2016-05-15,LightGBM,simulated
FOODS_3_444,TX_1,FOODS,100.65283634543191,169,6.98,0.3,2016-05-15,LightGBM,simulated
FOODS_3_455,TX_1,FOODS,97.50694490417195,108,2.48,0.3,2016-05-15,LightGBM,simulated
FOODS_3_457,TX_1,FOODS,2.221878294981186,3,0.99,0.3,2016-05-15,LightGBM,simulated
FOODS_3_466,TX_1,FOODS,0.6672071952942106,2,3.78,0.3,2016-05-15,LightGBM,simulated
FOODS_3_475,TX_1,FOODS,5.603880546280883,3,1.0,0.3,2016-05-15,LightGBM,simulated
FOODS_3_478,TX_1,FOODS,5.198235582240959,12,1.74,0.3,2016-05-15,LightGBM,simulated
FOODS_3_481,TX_1,FOODS,2.1465007185809206,3,3.88,0.3,2016-05-15,LightGBM,simulated
FOODS_3_483,TX_1,FOODS,5.760643411951319,6,2.98,0.3,2016-05-15,LightGBM,simulated
FOODS_3_487,TX_1,FOODS,15.16563432264752,20,1.68,0.3,2016-05-15,LightGBM,simulated
FOODS_3_492,TX_1,FOODS,5.498741891132986,6,2.98,0.3,2016-05-15,LightGBM,simulated
FOODS_3_502,TX_1,FOODS,10.542130182512045,10,2.56,0.3,2016-05-15,LightGBM,simulated
FOODS_3_507,TX_1,FOODS,0.895499823295302,2,1.98,0.3,2016-05-15,LightGBM,simulated
FOODS_3_517,TX_1,FOODS,1.9658527199657818,3,2.94,0.3,2016-05-15,LightGBM,simulated
FOODS_3_526,TX_1,FOODS,37.915390283970986,52,1.98,0.3,2016-05-15,LightGBM,simulated
FOODS_3_530,TX_1,FOODS,35.234927124206415,29,1.68,0.3,2016-05-15,LightGBM,simulated
FOODS_3_535,TX_1,FOODS,4.007524962910404,9,5.98,0.3,2016-05-15,LightGBM,simulated
FOODS_3_552,TX_1,FOODS,9.846455231005685,10,1.98,0.3,2016-05-15,LightGBM,simulated
FOODS_3_556,TX_1,FOODS,0.8629601532816363,2,2.56,0.3,2016-05-15,LightGBM,simulated
FOODS_3_568,TX_1,FOODS,1.9144590402930723,5,1.0,0.3,2016-05-15,LightGBM,simulated
FOODS_3_575,TX_1,FOODS,0.9437385887044393,2,6.72,0.3,2016-05-15,LightGBM,simulated
FOODS_3_584,TX_1,FOODS,1.2207446036236986,2,1.0,0.3,2016-05-15,LightGBM,simulated
FOODS_3_585,TX_1,FOODS,8.616790842368916,25,3.98,0.3,2016-05-15,LightGBM,simulated
FOODS_3_606,TX_1,FOODS,8.122058630065762,11,2.88,0.3,2016-05-15,LightGBM,simulated
FOODS_3_627,TX_1,FOODS,1.5913745708933749,3,2.88,0.3,2016-05-15,LightGBM,simulated
FOODS_3_633,TX_1,FOODS,0.3826758703313333,2,2.88,0.3,2016-05-15,LightGBM,simulated
FOODS_3_646,TX_1,FOODS,13.985066492460195,14,2.68,0.3,2016-05-15,LightGBM,simulated
FOODS_3_657,TX_1,FOODS,2.7179332321249605,3,3.98,0.3,2016-05-15,LightGBM,simulated
FOODS_3_663,TX_1,FOODS,1.867637227950976,3,1.74,0.3,2016-05-15,LightGBM,simulated
FOODS_3_679,TX_1,FOODS,11.976655677944091,17,3.88,0.3,2016-05-15,LightGBM,simulated
FOODS_3_695,TX_1,FOODS,47.1936772853668,38,3.98,0.3,2016-05-15,LightGBM,simulated
FOODS_3_719,TX_1,FOODS,7.079829328558608,16,2.5,0.3,2016-05-15,LightGBM,simulated
FOODS_3_731,TX_1,FOODS,11.131876859512278,11,2.98,0.3,2016-05-15,LightGBM,simulated
FOODS_3_745,TX_1,FOODS,0.18936670537015055,2,2.18,0.3,2016-05-15,LightGBM,simulated
FOODS_3_762,TX_1,FOODS,2.3152815512647016,5,3.27,0.3,2016-05-15,LightGBM,simulated
FOODS_3_765,TX_1,FOODS,2.7709251713345155,8,3.0,0.3,2016-05-15,LightGBM,simulated
FOODS_3_773,TX_1,FOODS,4.121790373178717,9,4.98,0.3,2016-05-15,LightGBM,simulated
FOODS_3_783,TX_1,FOODS,12.659430193943411,7,5.44,0.3,2016-05-15,LightGBM,simulated
FOODS_3_790,TX_1,FOODS,0.9584740608869123,2,2.18,0.3,2016-05-15,LightGBM,simulated
FOODS_3_806,TX_1,FOODS,2.60018398306713,3,2.56,0.3,2016-05-15,LightGBM,simulated
FOODS_3_812,TX_1,FOODS,6.537531431063492,2,2.94,0.3,2016-05-15,LightGBM,simulated
FOODS_3_813,TX_1,FOODS,4.789733970532533,7,4.54,0.3,2016-05-15,LightGBM,simulated
FOODS_3_819,TX_1,FOODS,2.614517276322754,5,1.98,0.3,2016-05-15,LightGBM,simulated
FOODS_3_820,TX_1,FOODS,9.536949978940816,9,1.98,0.3,2016-05-15,LightGBM,simulated
FOODS_3_827,TX_1,FOODS,5.083410565648921,5,1.0,0.3,2016-05-15,LightGBM,simulated
HOBBIES_1_001,TX_1,HOBBIES,2.352771516329493,5,8.26,0.3,2016-05-15,LightGBM,simulated
HOBBIES_1_007,TX_1,HOBBIES,1.8258956956688657,4,7.88,0.3,2016-05-15,LightGBM,simulated
HOBBIES_1_008,TX_1,HOBBIES,16.023744553562494,23,0.48,0.3,2016-05-15,LightGBM,simulated
HOBBIES_1_022,TX_1,HOBBIES,2.5146744260254406,6,7.18,0.3,2016-05-15,LightGBM,simulated
HOBBIES_1_025,TX_1,HOBBIES,2.957673381687192,6,3.98,0.3,2016-05-15,LightGBM,simulated
HOBBIES_1_028,TX_1,HOBBIES,2.864386978824235,5,7.98,0.3,2016-05-15,LightGBM,simulated
HOBBIES_1_033,TX_1,HOBBIES,1.5122426162241145,3,16.86,0.3,2016-05-15,LightGBM,simulated
HOBBIES_1_036,TX_1,HOBBIES,2.4752226499272867,4,1.12,0.3,2016-05-15,LightGBM,simulated
HOBBIES_1_039,TX_1,HOBBIES,0.5633011067503946,2,5.88,0.3,2016-05-15,LightGBM,simulated
HOBBIES_1_042,TX_1,HOBBIES,3.466727075066362,7,7.83,0.3,2016-05-15,LightGBM,simulated
HOBBIES_1_043,TX_1,HOBBIES,20.77156724183753,26,0.7,0.3,2016-05-15,LightGBM,simulated
HOBBIES_1_044,TX_1,HOBBIES,0.7666847603643671,2,1.48,0.3,2016-05-15,LightGBM,simulated
HOBBIES_1_045,TX_1,HOBBIES,0.7256856163546338,3,10.58,0.3,2016-05-15,LightGBM,simulated
HOBBIES_1_051,TX_1,HOBBIES,1.570916766083277,5,5.98,0.3,2016-05-15,LightGBM,simulated
HOBBIES_1_053,TX_1,HOBBIES,3.130577275066918,3,3.97,0.3,2016-05-15,LightGBM,simulated
HOBBIES_1_061,TX_1,HOBBIES,2.5917113408216124,3,2.83,0.3,2016-05-15,LightGBM,simulated
HOBBIES_1_062,TX_1,HOBBIES,0.16745651829661062,2,0.97,0.3,2016-05-15,LightGBM,simulated
HOBBIES_1_063,TX_1,HOBBIES,1.9461638543533968,3,5.47,0.3,2016-05-15,LightGBM,simulated
HOBBIES_1_064,TX_1,HOBBIES,10.760782617928053,20,12.44,0.3,2016-05-15,LightGBM,simulated
HOBBIES_1_072,TX_1,HOBBIES,2.05722745138526,2,1.97,0.3,2016-05-15,LightGBM,simulated
HOBBIES_1_076,TX_1,HOBBIES,9.246545446469302,13,3.43,0.3,2016-05-15,LightGBM,simulated
HOBBIES_1_079,TX_1,HOBBIES,3.4649772473680804,6,7.88,0.3,2016-05-15,LightGBM,simulated
HOBBIES_1_080,TX_1,HOBBIES,3.510921170789707,2,0.57,0.3,2016-05-15,LightGBM,simulated
HOBBIES_1_081,TX_1,HOBBIES,1.4392431458566166,2,14.72,0.3,2016-05-15,LightGBM,simulated
HOBBIES_1_082,TX_1,HOBBIES,1.1416360407272395,3,3.78,0.3,2016-05-15,LightGBM,simulated
HOBBIES_1_084,TX_1,HOBBIES,3.721861481156781,8,3.94,0.3,2016-05-15,LightGBM,simulated
HOBBIES_1_086,TX_1,HOBBIES,5.2514947759006265,4,8.26,0.3,2016-05-15,LightGBM,simulated
HOBBIES_1_087,TX_1,HOBBIES,4.346839583461038,5,11.93,0.3,2016-05-15,LightGBM,simulated
HOBBIES_1_092,TX_1,HOBBIES,2.689554475736399,7,2.38,0.3,2016-05-15,LightGBM,simulated
HOBBIES_1_094,TX_1,HOBBIES,2.205910816976561,4,12.97,0.3,2016-05-15,LightGBM,simulated
HOBBIES_1_095,TX_1,HOBBIES,0.8659984726629325,2,7.68,0.3,2016-05-15,LightGBM,simulated
HOBBIES_1_097,TX_1,HOBBIES,1.1880766722337224,2,4.24,0.3,2016-05-15,LightGBM,simulated
HOBBIES_1_099,TX_1,HOBBIES,8.599576012038698,7,13.98,0.3,2016-05-15,LightGBM,simulated
HOBBIES_1_104,TX_1,HOBBIES,0.3779269066935768,2,23.98,0.3,2016-05-15,LightGBM,simulated
HOBBIES_1_105,TX_1,HOBBIES,2.171473756430412,4,6.68,0.3,2016-05-15,LightGBM,simulated
HOBBIES_1_108,TX_1,HOBBIES,3.244276345500981,6,12.98,0.3,2016-05-15,LightGBM,simulated
HOBBIES_1_112,TX_1,HOBBIES,0.4370777634750744,2,2.72,0.3,2016-05-15,LightGBM,simulated
HOBBIES_1_114,TX_1,HOBBIES,0.7925631424700745,2,5.97,0.3,2016-05-15,LightGBM,simulated
HOBBIES_1_120,TX_1,HOBBIES,1.2253238837484532,3,9.84,0.3,2016-05-15,LightGBM,simulated
HOBBIES_1_121,TX_1,HOBBIES,1.8872887980170174,2,1.12,0.3,2016-05-15,LightGBM,simulated
HOBBIES_1_127,TX_1,HOBBIES,2.1619073287087884,3,1.22,0.3,2016-05-15,LightGBM,simulated
HOBBIES_1_128,TX_1,HOBBIES,0.7842171860971117,2,7.98,0.3,2016-05-15,LightGBM,simulated
HOBBIES_1_130,TX_1,HOBBIES,1.2772188625021093,3,2.73,0.3,2016-05-15,LightGBM,simulated
HOBBIES_1_133,TX_1,HOBBIES,1.6367995345984188,3,12.44,0.3,2016-05-15,LightGBM,simulated
HOBBIES_1_135,TX_1,HOBBIES,2.711088022269094,5,18.46,0.3,2016-05-15,LightGBM,simulated
HOBBIES_1_136,TX_1,HOBBIES,0.45911192494445996,2,4.88,0.3,2016-05-15,LightGBM,simulated
HOBBIES_1_139,TX_1,HOBBIES,3.298284192405206,5,2.74,0.3,2016-05-15,LightGBM,simulated
HOBBIES_1_144,TX_1,HOBBIES,1.5950282121829154,3,11.28,0.3,2016-05-15,LightGBM,simulated
HOBBIES_1_145,TX_1,HOBBIES,0.09718647499870782,2,1.28,0.3,2016-05-15,LightGBM,simulated
HOBBIES_1_150,TX_1,HOBBIES,4.046961499368637,2,1.63,0.3,2016-05-15,LightGBM,simulated
HOBBIES_1_152,TX_1,HOBBIES,1.4918443808744974,3,4.86,0.3,2016-05-15,LightGBM,simulated
HOBBIES_1_154,TX_1,HOBBIES,9.016873704192381,13,2.5,0.3,2016-05-15,LightGBM,simulated
HOBBIES_1_155,TX_1,HOBBIES,4.787323623819958,9,18.98,0.3,2016-05-15,LightGBM,simulated
HOBBIES_1_158,TX_1,HOBBIES,25.119538302178388,37,22.98,0.3,2016-05-15,LightGBM,simulated
HOBBIES_1_160,TX_1,HOBBIES,2.6969285996671757,4,18.46,0.3,2016-05-15,LightGBM,simulated
HOBBIES_1_161,TX_1,HOBBIES,2.029000616944524,2,0.7,0.3,2016-05-15,LightGBM,simulated
HOBBIES_1_165,TX_1,HOBBIES,0.8492701390515657,2,4.97,0.3,2016-05-15,LightGBM,simulated
HOBBIES_1_167,TX_1,HOBBIES,7.343042259703957,10,0.68,0.3,2016-05-15,LightGBM,simulated
HOBBIES_1_171,TX_1,HOBBIES,3.615807595611331,6,2.5,0.3,2016-05-15,LightGBM,simulated
HOBBIES_1_175,TX_1,HOBBIES,1.0469625887277025,4,1.97,0.3,2016-05-15,LightGBM,simulated
HOBBIES_1_176,TX_1,HOBBIES,1.8967362496386746,3,5.94,0.3,2016-05-15,LightGBM,simulated
HOBBIES_1_185,TX_1,HOBBIES,1.3597108159867783,3,3.24,0.3,2016-05-15,LightGBM,simulated
HOBBIES_1_187,TX_1,HOBBIES,2.4521453537322895,5,6.76,0.3,2016-05-15,LightGBM,simulated
HOBBIES_1_191,TX_1,HOBBIES,1.3910690892587547,4,8.97,0.3,2016-05-15,LightGBM,simulated
HOBBIES_1_194,TX_1,HOBBIES,6.90515983453488,9,2.5,0.3,2016-05-15,LightGBM,simulated
HOBBIES_1_197,TX_1,HOBBIES,0.8099644943909171,2,12.84,0.3,2016-05-15,LightGBM,simulated
HOBBIES_1_198,TX_1,HOBBIES,3.603416864532164,7,8.38,0.3,2016-05-15,LightGBM,simulated
HOBBIES_1_203,TX_1,HOBBIES,1.5246663210852571,3,12.98,0.3,2016-05-15,LightGBM,simulated
HOBBIES_1_206,TX_1,HOBBIES,3.4460389184176035,8,2.72,0.3,2016-05-15,LightGBM,simulated
HOBBIES_1_207,TX_1,HOBBIES,1.03855331081768,3,2.78,0.3,2016-05-15,LightGBM,simulated
HOBBIES_1_209,TX_1,HOBBIES,22.292882524053944,31,0.7,0.3,2016-05-15,LightGBM,simulated
HOBBIES_1_213,TX_1,HOBBIES,1.5977592597340307,3,8.26,0.3,2016-05-15,LightGBM,simulated
HOBBIES_1_217,TX_1,HOBBIES,0.6897459795578679,3,3.47,0.3,2016-05-15,LightGBM,simulated
HOBBIES_1_218,TX_1,HOBBIES,0.9525639587586164,2,10.58,0.3,2016-05-15,LightGBM,simulated
HOBBIES_1_221,TX_1,HOBBIES,1.877050445177258,5,2.97,0.3,2016-05-15,LightGBM,simulated
HOBBIES_1_225,TX_1,HOBBIES,3.821334732057894,7,26.98,0.3,2016-05-15,LightGBM,simulated
HOBBIES_1_226,TX_1,HOBBIES,7.456092350782904,8,13.98,0.3,2016-05-15,LightGBM,simulated
HOBBIES_1_233,TX_1,HOBBIES,15.797008003559622,24,0.7,0.3,2016-05-15,LightGBM,simulated
HOBBIES_1_237,TX_1,HOBBIES,2.036480811840064,4,7.98,0.3,2016-05-15,LightGBM,simulated
HOBBIES_1_239,TX_1,HOBBIES,1.1478184907346636,3,2.97,0.3,2016-05-15,LightGBM,simulated
HOBBIES_1_243,TX_1,HOBBIES,1.5246663210852571,4,13.88,0.3,2016-05-15,LightGBM,simulated
HOBBIES_1_245,TX_1,HOBBIES,0.21657082567100666,2,4.97,0.3,2016-05-15,LightGBM,simulated
HOBBIES_1_246,TX_1,HOBBIES,1.10822578189799,2,10.98,0.3,2016-05-15,LightGBM,simulated
HOBBIES_1_248,TX_1,HOBBIES,9.32996963067557,9,0.94,0.3,2016-05-15,LightGBM,simulated
HOBBIES_1_251,TX_1,HOBBIES,3.022520113030216,8,14.64,0.3,2016-05-15,LightGBM,simulated
HOBBIES_1_252,TX_1,HOBBIES,3.990568852992419,5,0.68,0.3,2016-05-15,LightGBM,simulated
HOBBIES_1_253,TX_1,HOBBIES,1.6547863543545744,5,11.98,0.3,2016-05-15,LightGBM,simulated
HOBBIES_1_254,TX_1,HOBBIES,31.897734735869193,42,0.7,0.3,2016-05-15,LightGBM,simulated
HOBBIES_1_256,TX_1,HOBBIES,24.570308931697596,27,0.48,0.3,2016-05-15,LightGBM,simulated
HOBBIES_1_260,TX_1,HOBBIES,1.980137513023863,4,12.44,0.3,2016-05-15,LightGBM,simulated
HOBBIES_1_261,TX_1,HOBBIES,18.230158888946498,6,0.48,0.3,2016-05-15,LightGBM,simulated
HOBBIES_1_262,TX_1,HOBBIES,3.4829161642617823,6,8.98,0.3,2016-05-15,LightGBM,simulated
HOBBIES_1_264,TX_1,HOBBIES,1.347646935221033,3,4.47,0.3,2016-05-15,LightGBM,simulated
HOBBIES_1_267,TX_1,HOBBIES,0.22228061791177497,2,2.88,0.3,2016-05-15,LightGBM,simulated
HOBBIES_1_268,TX_1,HOBBIES,28.334042156623774,33,0.48,0.3,2016-05-15,LightGBM,simulated
HOBBIES_1_275,TX_1,HOBBIES,7.756013294022234,12,11.93,0.3,2016-05-15,LightGBM,simulated
HOBBIES_1_277,TX_1,HOBBIES,6.109354770534694,17,1.63,0.3,2016-05-15,LightGBM,simulated
HOBBIES_1_282,TX_1,HOBBIES,3.723142221193932,5,3.98,0.3,2016-05-15,LightGBM,simulated
HOBBIES_1_287,TX_1,HOBBIES,2.2872877194920918,4,5.76,0.3,2016-05-15,LightGBM,simulated
HOBBIES_1_289,TX_1,HOBBIES,0.23882249799434516,2,4.97,0.3,2016-05-15,LightGBM,simulated
HOBBIES_1_290,TX_1,HOBBIES,0.8752255453539715,2,5.77,0.3,2016-05-15,LightGBM,simulated
HOBBIES_1_294,TX_1,HOBBIES,2.4302404295184385,8,3.88,0.3,2016-05-15,LightGBM,simulated
HOBBIES_1_298,TX_1,HOBBIES,3.877721907182071,7,3.94,0.3,2016-05-15,LightGBM,simulated
HOBBIES_1_300,TX_1,HOBBIES,2.94708619374903,4,9.83,0.3,2016-05-15,LightGBM,simulated
HOBBIES_1_305,TX_1,HOBBIES,1.839380886834545,3,2.87,0.3,2016-05-15,LightGBM,simulated
HOBBIES_1_310,TX_1,HOBBIES,1.0758062658637861,3,5.72,0.3,2016-05-15,LightGBM,simulated
HOBBIES_1_311,TX_1,HOBBIES,1.2801082663643524,3,17.98,0.3,2016-05-15,LightGBM,simulated
HOBBIES_1_312,TX_1,HOBBIES,11.160655812229535,13,0.57,0.3,2016-05-15,LightGBM,simulated
HOBBIES_1_315,TX_1,HOBBIES,0.6719663879919839,2,4.97,0.3,2016-05-15,LightGBM,simulated
HOBBIES_1_317,TX_1,HOBBIES,3.068423338482648,3,7.98,0.3,2016-05-15,LightGBM,simulated
HOBBIES_1_322,TX_1,HOBBIES,1.0503784487383132,3,3.97,0.3,2016-05-15,LightGBM,simulated
HOBBIES_1_326,TX_1,HOBBIES,1.0559431073460028,2,1.97,0.3,2016-05-15,LightGBM,simulated
HOBBIES_1_327,TX_1,HOBBIES,2.733326003128786,4,7.88,0.3,2016-05-15,LightGBM,simulated
HOBBIES_1_331,TX_1,HOBBIES,1.1741830682194427,2,0.94,0.3,2016-05-15,LightGBM,simulated
HOBBIES_1_332,TX_1,HOBBIES,1.9013082588781305,3,7.88,0.3,2016-05-15,LightGBM,simulated
HOBBIES_1_333,TX_1,HOBBIES,0.7666847603643671,2,4.97,0.3,2016-05-15,LightGBM,simulated
HOBBIES_1_335,TX_1,HOBBIES,3.1553160108943548,6,11.96,0.3,2016-05-15,LightGBM,simulated
HOBBIES_1_338,TX_1,HOBBIES,4.869858295859721,9,8.98,0.3,2016-05-15,LightGBM,simulated
HOBBIES_1_340,TX_1,HOBBIES,1.6389889416597587,3,6.97,0.3,2016-05-15,LightGBM,simulated
HOBBIES_1_341,TX_1,HOBBIES,19.860050692401884,9,0.48,0.3,2016-05-15,LightGBM,simulated
HOBBIES_1_344,TX_1,HOBBIES,1.7357979129910186,4,11.78,0.3,2016-05-15,LightGBM,simulated
HOBBIES_1_345,TX_1,HOBBIES,4.5697538815931695,8,7.44,0.3,2016-05-15,LightGBM,simulated
HOBBIES_1_346,TX_1,HOBBIES,2.458705544237967,9,3.97,0.3,2016-05-15,LightGBM,simulated
HOBBIES_1_350,TX_1,HOBBIES,4.195473697551021,7,2.96,0.3,2016-05-15,LightGBM,simulated
HOBBIES_1_353,TX_1,HOBBIES,4.480756250385678,2,1.08,0.3,2016-05-15,LightGBM,simulated
HOBBIES_1_354,TX_1,HOBBIES,23.955746618714564,22,22.98,0.3,2016-05-15,LightGBM,simulated
HOBBIES_1_359,TX_1,HOBBIES,1.909656695729902,5,1.47,0.3,2016-05-15,LightGBM,simulated
HOBBIES_1_365,TX_1,HOBBIES,0.15214972364400534,2,3.97,0.3,2016-05-15,LightGBM,simulated
HOBBIES_1_366,TX_1,HOBBIES,0.7086448936781823,2,3.97,0.3,2016-05-15,LightGBM,simulated
HOBBIES_1_368,TX_1,HOBBIES,1.2165991811227947,3,4.22,0.3,2016-05-15,LightGBM,simulated
HOBBIES_1_370,TX_1,HOBBIES,17.555204825481013,11,0.48,0.3,2016-05-15,LightGBM,simulated
HOBBIES_1_371,TX_1,HOBBIES,9.07274649497128,3,0.48,0.3,2016-05-15,LightGBM,simulated
HOBBIES_1_373,TX_1,HOBBIES,5.1956749608650785,6,14.72,0.3,2016-05-15,LightGBM,simulated
HOBBIES_1_376,TX_1,HOBBIES,1.130562822778294,2,16.86,0.3,2016-05-15,LightGBM,simulated
HOBBIES_1_378,TX_1,HOBBIES,1.9177598870833719,3,3.24,0.3,2016-05-15,LightGBM,simulated
HOBBIES_1_381,TX_1,HOBBIES,11.551673010812955,11,0.7,0.3,2016-05-15,LightGBM,simulated
HOBBIES_1_382,TX_1,HOBBIES,1.2746170129151404,3,1.97,0.3,2016-05-15,LightGBM,simulated
HOBBIES_1_387,TX_1,HOBBIES,3.5960811903395995,4,1.08,0.3,2016-05-15,LightGBM,simulated
HOBBIES_1_392,TX_1,HOBBIES,1.6685999807518554,3,12.98,0.3,2016-05-15,LightGBM,simulated
HOBBIES_1_396,TX_1,HOBBIES,1.4342856536942798,4,1.88,0.3,2016-05-15,LightGBM,simulated
HOBBIES_1_401,TX_1,HOBBIES,0.7267292657313861,2,1.97,0.3,2016-05-15,LightGBM,simulated
HOBBIES_1_402,TX_1,HOBBIES,2.817233240067125,6,9.94,0.3,2016-05-15,LightGBM,simulated
HOBBIES_1_409,TX_1,HOBBIES,1.6428880225403326,2,5.76,0.3,2016-05-15,LightGBM,simulated
HOBBIES_1_412,TX_1,HOBBIES,5.363358812027779,5,1.98,0.3,2016-05-15,LightGBM,simulated
HOBBIES_1_415,TX_1,HOBBIES,5.146088364270907,7,6.68,0.3,2016-05-15,LightGBM,simulated
HOBBIES_1_416,TX_1,HOBBIES,8.347072562268318,11,4.47,0.3,2016-05-15,LightGBM,simulated
HOBBIES_1_418,TX_1,HOBBIES,2.112917180974056,3,3.98,0.3,2016-05-15,LightGBM,simulated
HOBBIES_1_419,TX_1,HOBBIES,0.9069846078577942,3,5.98,0.3,2016-05-15,LightGBM,simulated
HOBBIES_1_420,TX_1,HOBBIES,3.7155552252408377,7,5.74,0.3,2016-05-15,LightGBM,simulated
HOBBIES_1_421,TX_1,HOBBIES,2.853354165675403,4,8.26,0.3,2016-05-15,LightGBM,simulated
HOBBIES_1_423,TX_1,HOBBIES,2.7832973503961247,4,7.78,0.3,2016-05-15,LightGBM,simulated
HOBBIES_2_006,TX_1,HOBBIES,0.21113109106975103,2,3.97,0.3,2016-05-15,LightGBM,simulated
HOBBIES_2_016,TX_1,HOBBIES,0.14160419827480772,2,4.97,0.3,2016-05-15,LightGBM,simulated
HOBBIES_2_017,TX_1,HOBBIES,0.6593994422611372,2,0.5,0.3,2016-05-15,LightGBM,simulated
HOBBIES_2_019,TX_1,HOBBIES,0.6753967347053603,2,3.37,0.3,2016-05-15,LightGBM,simulated
HOBBIES_2_020,TX_1,HOBBIES,0.9772447518760418,3,3.88,0.3,2016-05-15,LightGBM,simulated
HOBBIES_2_025,TX_1,HOBBIES,0.1809358970638242,2,0.5,0.3,2016-05-15,LightGBM,simulated
HOBBIES_2_027,TX_1,HOBBIES,1.87105965875624,5,1.97,0.3,2016-05-15,LightGBM,simulated
HOBBIES_2_028,TX_1,HOBBIES,1.0460229333532889,2,0.88,0.3,2016-05-15,LightGBM,simulated
HOBBIES_2_030,TX_1,HOBBIES,1.2002669304321614,5,0.97,0.3,2016-05-15,LightGBM,simulated
HOBBIES_2_031,TX_1,HOBBIES,0.8781839361414655,3,6.97,0.3,2016-05-15,LightGBM,simulated
HOBBIES_2_033,TX_1,HOBBIES,4.434339133346613,6,2.88,0.3,2016-05-15,LightGBM,simulated
HOBBIES_2_035,TX_1,HOBBIES,0.9422131731167126,3,4.47,0.3,2016-05-15,LightGBM,simulated
HOBBIES_2_037,TX_1,HOBBIES,2.2370407840258952,3,0.97,0.3,2016-05-15,LightGBM,simulated
HOBBIES_2_038,TX_1,HOBBIES,0.27854190311999844,2,0.97,0.3,2016-05-15,LightGBM,simulated
HOBBIES_2_039,TX_1,HOBBIES,1.0558299171939043,3,4.97,0.3,2016-05-15,LightGBM,simulated
HOBBIES_2_043,TX_1,HOBBIES,6.337774383780285,5,0.97,0.3,2016-05-15,LightGBM,simulated
HOBBIES_2_044,TX_1,HOBBIES,0.7528643700875355,2,4.47,0.3,2016-05-15,LightGBM,simulated
HOBBIES_2_048,TX_1,HOBBIES,1.6312889299921634,5,2.88,0.3,2016-05-15,LightGBM,simulated
HOBBIES_2_049,TX_1,HOBBIES,1.621980523905421,4,2.5,0.3,2016-05-15,LightGBM,simulated
HOBBIES_2_050,TX_1,HOBBIES,1.1569637202654606,2,1.97,0.3,2016-05-15,LightGBM,simulated
HOBBIES_2_052,TX_1,HOBBIES,0.8169361634632,3,2.47,0.3,2016-05-15,LightGBM,simulated
HOBBIES_2_055,TX_1,HOBBIES,1.6194782116660902,4,2.5,0.3,2016-05-15,LightGBM,simulated
HOBBIES_2_063,TX_1,HOBBIES,1.3195535218755026,5,0.97,0.3,2016-05-15,LightGBM,simulated
HOBBIES_2_066,TX_1,HOBBIES,0.42366281893432034,2,4.97,0.3,2016-05-15,LightGBM,simulated
HOBBIES_2_068,TX_1,HOBBIES,2.3617821097241665,4,1.97,0.3,2016-05-15,LightGBM,simulated
HOBBIES_2_070,TX_1,HOBBIES,0.3823729295441493,2,9.97,0.3,2016-05-15,LightGBM,simulated
HOBBIES_2_073,TX_1,HOBBIES,1.0224055490919022,3,0.5,0.3,2016-05-15,LightGBM,simulated
HOBBIES_2_077,TX_1,HOBBIES,0.5389410545380481,2,9.97,0.3,2016-05-15,LightGBM,simulated
HOBBIES_2_081,TX_1,HOBBIES,0.8338031969018526,2,1.97,0.3,2016-05-15,LightGBM,simulated
HOBBIES_2_088,TX_1,HOBBIES,2.0057599444491605,5,2.77,0.3,2016-05-15,LightGBM,simulated
HOBBIES_2_090,TX_1,HOBBIES,0.18059759063968378,2,1.77,0.3,2016-05-15,LightGBM,simulated
HOBBIES_2_092,TX_1,HOBBIES,0.7220124251633887,2,4.97,0.3,2016-05-15,LightGBM,simulated
HOBBIES_2_093,TX_1,HOBBIES,1.7306171742277618,4,1.97,0.3,2016-05-15,LightGBM,simulated
HOBBIES_2_094,TX_1,HOBBIES,3.6559994923875037,6,1.97,0.3,2016-05-15,LightGBM,simulated
HOBBIES_2_099,TX_1,HOBBIES,1.1721491841832306,3,0.97,0.3,2016-05-15,LightGBM,simulated
HOBBIES_2_100,TX_1,HOBBIES,2.108256207268889,3,0.88,0.3,2016-05-15,LightGBM,simulated
HOBBIES_2_101,TX_1,HOBBIES,0.9582150541536163,3,0.5,0.3,2016-05-15,LightGBM,simulated
HOBBIES_2_109,TX_1,HOBBIES,1.387744852348207,2,0.97,0.3,2016-05-15,LightGBM,simulated
HOBBIES_2_110,TX_1,HOBBIES,0.8199330947385047,3,5.97,0.3,2016-05-15,LightGBM,simulated
HOBBIES_2_111,TX_1,HOBBIES,0.10174477611221032,2,3.97,0.3,2016-05-15,LightGBM,simulated
HOBBIES_2_115,TX_1,HOBBIES,6.651900576826413,9,2.47,0.3,2016-05-15,LightGBM,simulated
HOBBIES_2_116,TX_1,HOBBIES,1.4593616602581128,2,2.97,0.3,2016-05-15,LightGBM,simulated
HOBBIES_2_121,TX_1,HOBBIES,6.38763108142597,7,0.97,0.3,2016-05-15,LightGBM,simulated
HOBBIES_2_134,TX_1,HOBBIES,0.32042668216849396,2,4.97,0.3,2016-05-15,LightGBM,simulated
HOBBIES_2_139,TX_1,HOBBIES,1.8349069699422127,7,4.97,0.3,2016-05-15,LightGBM,simulated
HOBBIES_2_141,TX_1,HOBBIES,0.22100059224316804,2,0.5,0.3,2016-05-15,LightGBM,simulated
HOBBIES_2_144,TX_1,HOBBIES,2.108376697293291,3,0.5,0.3,2016-05-15,LightGBM,simulated
HOBBIES_2_145,TX_1,HOBBIES,2.5590860286055954,3,2.88,0.3,2016-05-15,LightGBM,simulated
HOBBIES_2_146,TX_1,HOBBIES,1.644500871815328,3,1.97,0.3,2016-05-15,LightGBM,simulated
HOUSEHOLD_1_004,TX_1,HOUSEHOLD,9.50795607154733,20,1.87,0.3,2016-05-15,LightGBM,simulated
HOUSEHOLD_1_013,TX_1,HOUSEHOLD,1.7805470938150767,2,4.94,0.3,2016-05-15,LightGBM,simulated
HOUSEHOLD_1_018,TX_1,HOUSEHOLD,7.485815504033803,14,9.97,0.3,2016-05-15,LightGBM,simulated
HOUSEHOLD_1_032,TX_1,HOUSEHOLD,22.04779633572404,24,9.98,0.3,2016-05-15,LightGBM,simulated
HOUSEHOLD_1_039,TX_1,HOUSEHOLD,10.277970488956894,6,2.97,0.3,2016-05-15,LightGBM,simulated
HOUSEHOLD_1_044,TX_1,HOUSEHOLD,4.166763630373032,7,17.97,0.3,2016-05-15,LightGBM,simulated
HOUSEHOLD_1_049,TX_1,HOUSEHOLD,8.183895126507128,18,5.97,0.3,2016-05-15,LightGBM,simulated
HOUSEHOLD_1_072,TX_1,HOUSEHOLD,14.649507618616228,13,7.98,0.3,2016-05-15,LightGBM,simulated
HOUSEHOLD_1_078,TX_1,HOUSEHOLD,2.9133305565608714,6,2.84,0.3,2016-05-15,LightGBM,simulated
HOUSEHOLD_1_080,TX_1,HOUSEHOLD,7.5239406289742385,9,10.47,0.3,2016-05-15,LightGBM,simulated
HOUSEHOLD_1_081,TX_1,HOUSEHOLD,2.4731224874301496,3,7.98,0.3,2016-05-15,LightGBM,simulated
HOUSEHOLD_1_090,TX_1,HOUSEHOLD,15.928884988453316,16,2.86,0.3,2016-05-15,LightGBM,simulated
HOUSEHOLD_1_099,TX_1,HOUSEHOLD,2.6820764403497765,3,2.37,0.3,2016-05-15,LightGBM,simulated
HOUSEHOLD_1_110,TX_1,HOUSEHOLD,97.09446727588904,92,3.97,0.3,2016-05-15,LightGBM,simulated
HOUSEHOLD_1_114,TX_1,HOUSEHOLD,15.728086229622425,27,0.97,0.3,2016-05-15,LightGBM,simulated
HOUSEHOLD_1_119,TX_1,HOUSEHOLD,12.131081799204793,8,3.74,0.3,2016-05-15,LightGBM,simulated
HOUSEHOLD_1_126,TX_1,HOUSEHOLD,1.1478184907346636,3,8.96,0.3,2016-05-15,LightGBM,simulated
HOUSEHOLD_1_128,TX_1,HOUSEHOLD,3.991073476540209,6,2.67,0.3,2016-05-15,LightGBM,simulated
HOUSEHOLD_1_129,TX_1,HOUSEHOLD,3.5661239860087446,2,3.88,0.3,2016-05-15,LightGBM,simulated
HOUSEHOLD_1_132,TX_1,HOUSEHOLD,6.472705905052542,5,1.97,0.3,2016-05-15,LightGBM,simulated
HOUSEHOLD_1_149,TX_1,HOUSEHOLD,11.789470272841653,13,0.97,0.3,2016-05-15,LightGBM,simulated
HOUSEHOLD_1_154,TX_1,HOUSEHOLD,2.204776187536435,4,2.96,0.3,2016-05-15,LightGBM,simulated
HOUSEHOLD_1_165,TX_1,HOUSEHOLD,6.052323994927102,11,17.97,0.3,2016-05-15,LightGBM,simulated
HOUSEHOLD_1_170,TX_1,HOUSEHOLD,5.561531914557742,4,1.98,0.3,2016-05-15,LightGBM,simulated
HOUSEHOLD_1_171,TX_1,HOUSEHOLD,3.7575668306364514,2,8.97,0.3,2016-05-15,LightGBM,simulated
HOUSEHOLD_1_173,TX_1,HOUSEHOLD,20.97481177028459,22,0.97,0.3,2016-05-15,LightGBM,simulated
HOUSEHOLD_1_193,TX_1,HOUSEHOLD,6.651788516832344,7,2.42,0.3,2016-05-15,LightGBM,simulated
HOUSEHOLD_1_198,TX_1,HOUSEHOLD,41.63827375584452,30,0.97,0.3,2016-05-15,LightGBM,simulated
HOUSEHOLD_1_201,TX_1,HOUSEHOLD,9.499984462580532,8,4.84,0.3,2016-05-15,LightGBM,simulated
HOUSEHOLD_1_230,TX_1,HOUSEHOLD,1.306606731445405,4,3.28,0.3,2016-05-15,LightGBM,simulated
HOUSEHOLD_1_232,TX_1,HOUSEHOLD,5.57084099298309,10,4.23,0.3,2016-05-15,LightGBM,simulated
HOUSEHOLD_1_236,TX_1,HOUSEHOLD,13.254517262452135,16,2.47,0.3,2016-05-15,LightGBM,simulated
HOUSEHOLD_1_242,TX_1,HOUSEHOLD,3.9898503848440248,10,4.88,0.3,2016-05-15,LightGBM,simulated
HOUSEHOLD_1_249,TX_1,HOUSEHOLD,5.716138725018186,13,7.97,0.3,2016-05-15,LightGBM,simulated
HOUSEHOLD_1_253,TX_1,HOUSEHOLD,0.32399799591721895,2,3.47,0.3,2016-05-15,LightGBM,simulated
HOUSEHOLD_1_278,TX_1,HOUSEHOLD,1.6662118190753858,4,5.97,0.3,2016-05-15,LightGBM,simulated
HOUSEHOLD_1_279,TX_1,HOUSEHOLD,4.379177083850425,2,0.97,0.3,2016-05-15,LightGBM,simulated
HOUSEHOLD_1_288,TX_1,HOUSEHOLD,2.248379629623766,2,7.93,0.3,2016-05-15,LightGBM,simulated
HOUSEHOLD_1_289,TX_1,HOUSEHOLD,4.033604054041435,6,4.96,0.3,2016-05-15,LightGBM,simulated
HOUSEHOLD_1_298,TX_1,HOUSEHOLD,4.037989774461919,7,3.72,0.3,2016-05-15,LightGBM,simulated
HOUSEHOLD_1_302,TX_1,HOUSEHOLD,2.3002041879471395,3,7.93,0.3,2016-05-15,LightGBM,simulated
HOUSEHOLD_1_304,TX_1,HOUSEHOLD,46.14088551443964,31,2.36,0.3,2016-05-15,LightGBM,simulated
HOUSEHOLD_1_311,TX_1,HOUSEHOLD,18.275200830545632,28,3.88,0.3,2016-05-15,LightGBM,simulated
HOUSEHOLD_1_317,TX_1,HOUSEHOLD,1.2182261631924016,3,1.96,0.3,2016-05-15,LightGBM,simulated
HOUSEHOLD_1_319,TX_1,HOUSEHOLD,15.455061105500265,11,1.87,0.3,2016-05-15,LightGBM,simulated
HOUSEHOLD_1_321,TX_1,HOUSEHOLD,10.980780384969947,11,2.97,0.3,2016-05-15,LightGBM,simulated
HOUSEHOLD_1_334,TX_1,HOUSEHOLD,84.14463721985454,60,0.96,0.3,2016-05-15,LightGBM,simulated
HOUSEHOLD_1_345,TX_1,HOUSEHOLD,2.371888651173027,5,4.12,0.3,2016-05-15,LightGBM,simulated
HOUSEHOLD_1_348,TX_1,HOUSEHOLD,26.715602148368912,41,1.86,0.3,2016-05-15,LightGBM,simulated
HOUSEHOLD_1_362,TX_1,HOUSEHOLD,2.6423524891765826,5,7.97,0.3,2016-05-15,LightGBM,simulated
HOUSEHOLD_1_368,TX_1,HOUSEHOLD,1.1136385308601389,2,7.98,0.3,2016-05-15,LightGBM,simulated
HOUSEHOLD_1_371,TX_1,HOUSEHOLD,5.539357381571013,7,4.64,0.3,2016-05-15,LightGBM,simulated
HOUSEHOLD_1_376,TX_1,HOUSEHOLD,5.337909227547062,7,5.44,0.3,2016-05-15,LightGBM,simulated
HOUSEHOLD_1_377,TX_1,HOUSEHOLD,2.0966806133992737,5,8.96,0.3,2016-05-15,LightGBM,simulated
HOUSEHOLD_1_378,TX_1,HOUSEHOLD,2.3317765555448355,8,21.78,0.3,2016-05-15,LightGBM,simulated
HOUSEHOLD_1_379,TX_1,HOUSEHOLD,14.219195811514224,14,0.97,0.3,2016-05-15,LightGBM,simulated
HOUSEHOLD_1_383,TX_1,HOUSEHOLD,8.560893560510001,7,3.24,0.3,2016-05-15,LightGBM,simulated
HOUSEHOLD_1_395,TX_1,HOUSEHOLD,5.533869418652241,3,4.87,0.3,2016-05-15,LightGBM,simulated
HOUSEHOLD_1_396,TX_1,HOUSEHOLD,7.947268376129759,9,3.97,0.3,2016-05-15,LightGBM,simulated
HOUSEHOLD_1_397,TX_1,HOUSEHOLD,5.623385283279425,5,2.78,0.3,2016-05-15,LightGBM,simulated
HOUSEHOLD_1_401,TX_1,HOUSEHOLD,2.579444602391396,4,9.47,0.3,2016-05-15,LightGBM,simulated
HOUSEHOLD_1_407,TX_1,HOUSEHOLD,8.105076822341333,15,5.24,0.3,2016-05-15,LightGBM,simulated
HOUSEHOLD_1_411,TX_1,HOUSEHOLD,10.763550937717145,14,3.28,0.3,2016-05-15,LightGBM,simulated
HOUSEHOLD_1_413,TX_1,HOUSEHOLD,9.112713797490594,8,17.92,0.3,2016-05-15,LightGBM,simulated
HOUSEHOLD_1_414,TX_1,HOUSEHOLD,30.58598001720655,37,0.94,0.3,2016-05-15,LightGBM,simulated
HOUSEHOLD_1_422,TX_1,HOUSEHOLD,3.296096260386371,6,3.62,0.3,2016-05-15,LightGBM,simulated
HOUSEHOLD_1_424,TX_1,HOUSEHOLD,4.0072093291209665,13,2.97,0.3,2016-05-15,LightGBM,simulated
HOUSEHOLD_1_427,TX_1,HOUSEHOLD,0.10151417848105003,2,5.96,0.3,2016-05-15,LightGBM,simulated
HOUSEHOLD_1_438,TX_1,HOUSEHOLD,2.5795522892456773,3,7.33,0.3,2016-05-15,LightGBM,simulated
HOUSEHOLD_1_441,TX_1,HOUSEHOLD,56.9574186141522,76,2.77,0.3,2016-05-15,LightGBM,simulated
HOUSEHOLD_1_447,TX_1,HOUSEHOLD,46.160575171413704,33,0.96,0.3,2016-05-15,LightGBM,simulated
HOUSEHOLD_1_468,TX_1,HOUSEHOLD,3.09755434235322,4,4.98,0.3,2016-05-15,LightGBM,simulated
HOUSEHOLD_1_470,TX_1,HOUSEHOLD,1.8883456484601218,2,2.98,0.3,2016-05-15,LightGBM,simulated
HOUSEHOLD_1_475,TX_1,HOUSEHOLD,0.9417302516694103,2,2.67,0.3,2016-05-15,LightGBM,simulated
HOUSEHOLD_1_484,TX_1,HOUSEHOLD,8.361850954960472,15,9.97,0.3,2016-05-15,LightGBM,simulated
HOUSEHOLD_1_493,TX_1,HOUSEHOLD,1.1217768631605793,2,2.87,0.3,2016-05-15,LightGBM,simulated
HOUSEHOLD_1_499,TX_1,HOUSEHOLD,3.1073586671641085,9,3.88,0.3,2016-05-15,LightGBM,simulated
HOUSEHOLD_1_500,TX_1,HOUSEHOLD,1.0222377838731111,3,4.44,0.3,2016-05-15,LightGBM,simulated
HOUSEHOLD_1_501,TX_1,HOUSEHOLD,1.1478184907346636,3,3.96,0.3,2016-05-15,LightGBM,simulated
HOUSEHOLD_1_505,TX_1,HOUSEHOLD,17.74491712029205,18,2.47,0.3,2016-05-15,LightGBM,simulated
HOUSEHOLD_1_506,TX_1,HOUSEHOLD,27.68638618419692,36,3.47,0.3,2016-05-15,LightGBM,simulated
HOUSEHOLD_1_512,TX_1,HOUSEHOLD,2.4549461441715232,5,1.87,0.3,2016-05-15,LightGBM,simulated
HOUSEHOLD_1_513,TX_1,HOUSEHOLD,13.89359300911228,23,9.97,0.3,2016-05-15,LightGBM,simulated
HOUSEHOLD_1_517,TX_1,HOUSEHOLD,52.25528596324936,31,0.88,0.3,2016-05-15,LightGBM,simulated
HOUSEHOLD_1_519,TX_1,HOUSEHOLD,7.32896277529625,8,4.87,0.3,2016-05-15,LightGBM,simulated
HOUSEHOLD_1_522,TX_1,HOUSEHOLD,3.879529708560975,4,1.73,0.3,2016-05-15,LightGBM,simulated
HOUSEHOLD_1_526,TX_1,HOUSEHOLD,4.298841345099549,4,4.94,0.3,2016-05-15,LightGBM,simulated
HOUSEHOLD_1_531,TX_1,HOUSEHOLD,4.700402736962797,6,7.93,0.3,2016-05-15,LightGBM,simulated
HOUSEHOLD_1_532,TX_1,HOUSEHOLD,5.347440962239434,7,2.48,0.3,2016-05-15,LightGBM,simulated
HOUSEHOLD_1_539,TX_1,HOUSEHOLD,8.472354261738312,11,3.97,0.3,2016-05-15,LightGBM,simulated
HOUSEHOLD_1_541,TX_1,HOUSEHOLD,4.955809712697916,2,6.97,0.3,2016-05-15,LightGBM,simulated
HOUSEHOLD_2_012,TX_1,HOUSEHOLD,2.58049782523109,5,4.78,0.3,2016-05-15,LightGBM,simulated
HOUSEHOLD_2_016,TX_1,HOUSEHOLD,4.430250428808916,9,1.62,0.3,2016-05-15,LightGBM,simulated
HOUSEHOLD_2_017,TX_1,HOUSEHOLD,1.306492198747929,6,3.72,0.3,2016-05-15,LightGBM,simulated
HOUSEHOLD_2_019,TX_1,HOUSEHOLD,1.0224753294184286,3,9.47,0.3,2016-05-15,LightGBM,simulated
HOUSEHOLD_2_021,TX_1,HOUSEHOLD,2.0612647700234783,5,4.47,0.3,2016-05-15,LightGBM,simulated
HOUSEHOLD_2_022,TX_1,HOUSEHOLD,1.7639828011207799,3,5.64,0.3,2016-05-15,LightGBM,simulated
HOUSEHOLD_2_024,TX_1,HOUSEHOLD,2.5754021558407536,6,2.22,0.3,2016-05-15,LightGBM,simulated
HOUSEHOLD_2_028,TX_1,HOUSEHOLD,1.0142120449607797,2,5.94,0.3,2016-05-15,LightGBM,simulated
HOUSEHOLD_2_047,TX_1,HOUSEHOLD,1.7550753282844385,3,3.67,0.3,2016-05-15,LightGBM,simulated
HOUSEHOLD_2_052,TX_1,HOUSEHOLD,1.5757704477069434,5,4.97,0.3,2016-05-15,LightGBM,simulated
HOUSEHOLD_2_062,TX_1,HOUSEHOLD,0.4262481237901136,2,2.94,0.3,2016-05-15,LightGBM,simulated
HOUSEHOLD_2_078,TX_1,HOUSEHOLD,2.0758108668675064,5,5.84,0.3,2016-05-15,LightGBM,simulated
HOUSEHOLD_2_081,TX_1,HOUSEHOLD,2.2221796183273055,5,2.57,0.3,2016-05-15,LightGBM,simulated
HOUSEHOLD_2_087,TX_1,HOUSEHOLD,0.6533550453725324,3,7.94,0.3,2016-05-15,LightGBM,simulated
HOUSEHOLD_2_094,TX_1,HOUSEHOLD,0.9517488569519987,2,5.94,0.3,2016-05-15,LightGBM,simulated
HOUSEHOLD_2_095,TX_1,HOUSEHOLD,2.713203296224334,5,6.47,0.3,2016-05-15,LightGBM,simulated
HOUSEHOLD_2_096,TX_1,HOUSEHOLD,3.3604304721430114,7,3.47,0.3,2016-05-15,LightGBM,simulated
HOUSEHOLD_2_104,TX_1,HOUSEHOLD,1.038658483527973,3,4.97,0.3,2016-05-15,LightGBM,simulated
HOUSEHOLD_2_109,TX_1,HOUSEHOLD,1.4002327725842845,4,3.87,0.3,2016-05-15,LightGBM,simulated
HOUSEHOLD_2_116,TX_1,HOUSEHOLD,2.4123269559459466,5,5.64,0.3,2016-05-15,LightGBM,simulated
HOUSEHOLD_2_118,TX_1,HOUSEHOLD,4.501172113511654,5,3.42,0.3,2016-05-15,LightGBM,simulated
HOUSEHOLD_2_120,TX_1,HOUSEHOLD,1.7522756036143194,8,7.94,0.3,2016-05-15,LightGBM,simulated
HOUSEHOLD_2_127,TX_1,HOUSEHOLD,1.1735713636140281,3,5.73,0.3,2016-05-15,LightGBM,simulated
HOUSEHOLD_2_128,TX_1,HOUSEHOLD,2.511760923103102,7,5.94,0.3,2016-05-15,LightGBM,simulated
HOUSEHOLD_2_135,TX_1,HOUSEHOLD,4.572207468351192,10,9.98,0.3,2016-05-15,LightGBM,simulated
HOUSEHOLD_2_141,TX_1,HOUSEHOLD,0.7003679156944351,3,4.98,0.3,2016-05-15,LightGBM,simulated
HOUSEHOLD_2_147,TX_1,HOUSEHOLD,0.1287357910593397,2,3.97,0.3,2016-05-15,LightGBM,simulated
HOUSEHOLD_2_148,TX_1,HOUSEHOLD,0.7838836747590997,2,5.94,0.3,2016-05-15,LightGBM,simulated
HOUSEHOLD_2_153,TX_1,HOUSEHOLD,2.392493627951234,2,9.94,0.3,2016-05-15,LightGBM,simulated
HOUSEHOLD_2_156,TX_1,HOUSEHOLD,1.4268714657671464,3,7.43,0.3,2016-05-15,LightGBM,simulated
HOUSEHOLD_2_158,TX_1,HOUSEHOLD,0.3952045359078999,2,11.47,0.3,2016-05-15,LightGBM,simulated
HOUSEHOLD_2_162,TX_1,HOUSEHOLD,1.4147199369608996,2,3.97,0.3,2016-05-15,LightGBM,simulated
HOUSEHOLD_2_176,TX_1,HOUSEHOLD,18.383996251747828,22,4.97,0.3,2016-05-15,LightGBM,simulated
HOUSEHOLD_2_180,TX_1,HOUSEHOLD,3.625303846499186,4,2.84,0.3,2016-05-15,LightGBM,simulated
HOUSEHOLD_2_184,TX_1,HOUSEHOLD,0.9321046392582948,2,1.97,0.3,2016-05-15,LightGBM,simulated
HOUSEHOLD_2_187,TX_1,HOUSEHOLD,2.079963940060083,5,3.33,0.3,2016-05-15,LightGBM,simulated
HOUSEHOLD_2_197,TX_1,HOUSEHOLD,5.4450223773418065,7,3.97,0.3,2016-05-15,LightGBM,simulated
HOUSEHOLD_2_199,TX_1,HOUSEHOLD,7.126567473540285,7,3.93,0.3,2016-05-15,LightGBM,simulated
HOUSEHOLD_2_203,TX_1,HOUSEHOLD,4.210436836269274,6,2.97,0.3,2016-05-15,LightGBM,simulated
HOUSEHOLD_2_208,TX_1,HOUSEHOLD,0.30327758088150997,2,12.97,0.3,2016-05-15,LightGBM,simulated
HOUSEHOLD_2_211,TX_1,HOUSEHOLD,0.5189993591232764,2,19.98,0.3,2016-05-15,LightGBM,simulated
HOUSEHOLD_2_214,TX_1,HOUSEHOLD,0.9718260754638208,2,6.94,0.3,2016-05-15,LightGBM,simulated
HOUSEHOLD_2_219,TX_1,HOUSEHOLD,1.828983237092454,4,3.48,0.3,2016-05-15,LightGBM,simulated
HOUSEHOLD_2_226,TX_1,HOUSEHOLD,2.643676967476499,5,6.97,0.3,2016-05-15,LightGBM,simulated
HOUSEHOLD_2_229,TX_1,HOUSEHOLD,1.8898061291586012,6,4.78,0.3,2016-05-15,LightGBM,simulated
HOUSEHOLD_2_237,TX_1,HOUSEHOLD,1.603145446462271,3,5.94,0.3,2016-05-15,LightGBM,simulated
HOUSEHOLD_2_243,TX_1,HOUSEHOLD,2.2714980041142376,3,2.97,0.3,2016-05-15,LightGBM,simulated
HOUSEHOLD_2_246,TX_1,HOUSEHOLD,0.9321046392582948,2,7.87,0.3,2016-05-15,LightGBM,simulated
HOUSEHOLD_2_249,TX_1,HOUSEHOLD,0.213907305832512,2,8.64,0.3,2016-05-15,LightGBM,simulated
HOUSEHOLD_2_253,TX_1,HOUSEHOLD,0.5241145102356467,2,5.97,0.3,2016-05-15,LightGBM,simulated
HOUSEHOLD_2_256,TX_1,HOUSEHOLD,3.099352834580787,5,5.94,0.3,2016-05-15,LightGBM,simulated
HOUSEHOLD_2_258,TX_1,HOUSEHOLD,0.691559795356877,2,3.97,0.3,2016-05-15,LightGBM,simulated
HOUSEHOLD_2_272,TX_1,HOUSEHOLD,2.74032861833756,8,5.47,0.3,2016-05-15,LightGBM,simulated
HOUSEHOLD_2_273,TX_1,HOUSEHOLD,2.4370510056006216,4,5.24,0.3,2016-05-15,LightGBM,simulated
HOUSEHOLD_2_278,TX_1,HOUSEHOLD,1.139570537894029,2,10.98,0.3,2016-05-15,LightGBM,simulated
HOUSEHOLD_2_281,TX_1,HOUSEHOLD,1.1058657079314274,2,5.27,0.3,2016-05-15,LightGBM,simulated
HOUSEHOLD_2_285,TX_1,HOUSEHOLD,1.3408217611566702,4,4.67,0.3,2016-05-15,LightGBM,simulated
HOUSEHOLD_2_297,TX_1,HOUSEHOLD,1.5571995843429947,4,6.54,0.3,2016-05-15,LightGBM,simulated
HOUSEHOLD_2_299,TX_1,HOUSEHOLD,9.383280117646413,10,1.23,0.3,2016-05-15,LightGBM,simulated
HOUSEHOLD_2_300,TX_1,HOUSEHOLD,0.9052992773686205,3,7.97,0.3,2016-05-15,LightGBM,simulated
HOUSEHOLD_2_305,TX_1,HOUSEHOLD,1.0974100058081269,3,5.47,0.3,2016-05-15,LightGBM,simulated
HOUSEHOLD_2_308,TX_1,HOUSEHOLD,1.1880766722337224,2,3.94,0.3,2016-05-15,LightGBM,simulated
HOUSEHOLD_2_309,TX_1,HOUSEHOLD,0.6354175359173467,2,2.46,0.3,2016-05-15,LightGBM,simulated
HOUSEHOLD_2_310,TX_1,HOUSEHOLD,1.3141407377417482,4,1.42,0.3,2016-05-15,LightGBM,simulated
HOUSEHOLD_2_312,TX_1,HOUSEHOLD,5.202079452457811,7,3.97,0.3,2016-05-15,LightGBM,simulated
HOUSEHOLD_2_313,TX_1,HOUSEHOLD,4.4224012187143185,3,1.97,0.3,2016-05-15,LightGBM,simulated
HOUSEHOLD_2_333,TX_1,HOUSEHOLD,1.4217599633315965,5,4.98,0.3,2016-05-15,LightGBM,simulated
HOUSEHOLD_2_335,TX_1,HOUSEHOLD,2.9160809547081388,6,6.24,0.3,2016-05-15,LightGBM,simulated
HOUSEHOLD_2_344,TX_1,HOUSEHOLD,8.822607564752614,13,5.74,0.3,2016-05-15,LightGBM,simulated
HOUSEHOLD_2_346,TX_1,HOUSEHOLD,4.954330671107169,5,3.33,0.3,2016-05-15,LightGBM,simulated
HOUSEHOLD_2_353,TX_1,HOUSEHOLD,4.104130830994359,4,4.78,0.3,2016-05-15,LightGBM,simulated
HOUSEHOLD_2_354,TX_1,HOUSEHOLD,2.2815741583385467,5,0.97,0.3,2016-05-15,LightGBM,simulated
HOUSEHOLD_2_361,TX_1,HOUSEHOLD,0.9321046392582948,2,6.94,0.3,2016-05-15,LightGBM,simulated
HOUSEHOLD_2_363,TX_1,HOUSEHOLD,2.05011270666021,4,5.98,0.3,2016-05-15,LightGBM,simulated
HOUSEHOLD_2_365,TX_1,HOUSEHOLD,1.1392659223576778,3,4.87,0.3,2016-05-15,LightGBM,simulated
HOUSEHOLD_2_374,TX_1,HOUSEHOLD,1.0615367704601155,3,2.98,0.3,2016-05-15,LightGBM,simulated
HOUSEHOLD_2_378,TX_1,HOUSEHOLD,7.010024847063123,7,6.98,0.3,2016-05-15,LightGBM,simulated
HOUSEHOLD_2_383,TX_1,HOUSEHOLD,3.222987998764596,5,3.88,0.3,2016-05-15,LightGBM,simulated
HOUSEHOLD_2_385,TX_1,HOUSEHOLD,0.7666847603643671,2,7.47,0.3,2016-05-15,LightGBM,simulated
HOUSEHOLD_2_393,TX_1,HOUSEHOLD,0.7295774021494359,3,5.88,0.3,2016-05-15,LightGBM,simulated
HOUSEHOLD_2_394,TX_1,HOUSEHOLD,2.543673667142829,7,6.27,0.3,2016-05-15,LightGBM,simulated
HOUSEHOLD_2_399,TX_1,HOUSEHOLD,2.1824318622289844,4,2.67,0.3,2016-05-15,LightGBM,simulated
HOUSEHOLD_2_400,TX_1,HOUSEHOLD,0.9321046392582948,2,3.88,0.3,2016-05-15,LightGBM,simulated
HOUSEHOLD_2_409,TX_1,HOUSEHOLD,6.701853272730223,12,3.93,0.3,2016-05-15,LightGBM,simulated
HOUSEHOLD_2_414,TX_1,HOUSEHOLD,4.734728748953175,9,5.74,0.3,2016-05-15,LightGBM,simulated
HOUSEHOLD_2_415,TX_1,HOUSEHOLD,0.6297902550724506,2,2.46,0.3,2016-05-15,LightGBM,simulated
HOUSEHOLD_2_417,TX_1,HOUSEHOLD,1.0778154295543307,3,3.97,0.3,2016-05-15,LightGBM,simulated
HOUSEHOLD_2_418,TX_1,HOUSEHOLD,1.627701839939508,3,2.78,0.3,2016-05-15,LightGBM,simulated
HOUSEHOLD_2_423,TX_1,HOUSEHOLD,3.7073735158406924,3,3.87,0.3,2016-05-15,LightGBM,simulated
HOUSEHOLD_2_426,TX_1,HOUSEHOLD,2.5477598065893896,4,4.37,0.3,2016-05-15,LightGBM,simulated
HOUSEHOLD_2_427,TX_1,HOUSEHOLD,3.457167142161261,3,3.48,0.3,2016-05-15,LightGBM,simulated
HOUSEHOLD_2_435,TX_1,HOUSEHOLD,1.9276150661106837,5,5.97,0.3,2016-05-15,LightGBM,simulated
HOUSEHOLD_2_438,TX_1,HOUSEHOLD,3.600700082161472,6,8.87,0.3,2016-05-15,LightGBM,simulated
HOUSEHOLD_2_439,TX_1,HOUSEHOLD,6.023338851723369,7,5.84,0.3,2016-05-15,LightGBM,simulated
HOUSEHOLD_2_444,TX_1,HOUSEHOLD,2.3206084164456757,5,5.97,0.3,2016-05-15,LightGBM,simulated
HOUSEHOLD_2_452,TX_1,HOUSEHOLD,2.5323243745968544,4,5.94,0.3,2016-05-15,LightGBM,simulated
HOUSEHOLD_2_465,TX_1,HOUSEHOLD,3.454409591914427,8,7.54,0.3,2016-05-15,LightGBM,simulated
HOUSEHOLD_2_470,TX_1,HOUSEHOLD,6.18669137775733,6,0.88,0.3,2016-05-15,LightGBM,simulated
HOUSEHOLD_2_476,TX_1,HOUSEHOLD,7.969196849128416,5,3.97,0.3,2016-05-15,LightGBM,simulated
HOUSEHOLD_2_478,TX_1,HOUSEHOLD,0.5964140098633742,2,4.94,0.3,2016-05-15,LightGBM,simulated
HOUSEHOLD_2_480,TX_1,HOUSEHOLD,1.662451327322769,3,5.24,0.3,2016-05-15,LightGBM,simulated
HOUSEHOLD_2_481,TX_1,HOUSEHOLD,0.612461829429375,2,7.97,0.3,2016-05-15,LightGBM,simulated
HOUSEHOLD_2_483,TX_1,HOUSEHOLD,5.892628321826571,8,4.97,0.3,2016-05-15,LightGBM,simulated
HOUSEHOLD_2_487,TX_1,HOUSEHOLD,1.5223005333856257,6,9.98,0.3,2016-05-15,LightGBM,simulated
HOUSEHOLD_2_491,TX_1,HOUSEHOLD,2.717593046529502,4,6.96,0.3,2016-05-15,LightGBM,simulated
HOUSEHOLD_2_499,TX_1,HOUSEHOLD,3.820364678520217,5,1.97,0.3,2016-05-15,LightGBM,simulated
HOUSEHOLD_2_500,TX_1,HOUSEHOLD,1.3282892832502315,4,5.84,0.3,2016-05-15,LightGBM,simulated
HOUSEHOLD_2_501,TX_1,HOUSEHOLD,1.7159102052832,4,7.97,0.3,2016-05-15,LightGBM,simulated
HOUSEHOLD_2_513,TX_1,HOUSEHOLD,0.5450381641626785,2,2.78,0.3,2016-05-15,LightGBM,simulated
